strategy,spans,channel,band,frequency_thz,wavelength_nm,distance_km,launch_power_dbm,ase_psd_w_per_hz,ase_channel_w,ase_receiver_w,ase_01nm_w,nli_w,transceiver_noise_w,total_noise_w,optical_noise_bandwidth_hz,receiver_equivalent_bandwidth_hz,gsnr_db,osnr_01nm_db,ber,evm_percent,q_factor_db,gmi_bits_per_2d_symbol_per_pol,ngmi,air_per_channel_gbps,metric_basis,calibrated_receiver_snr_db,calibrated_receiver_ngmi
flat,1,0,C,193.33766646153845,1550.6158912890319,80.0,0.0,2.601400007380698e-18,1.0072620828578063e-07,9.156928025980057e-08,3.243540903878589e-08,6.748053267617244e-07,3.162277660168379e-07,1.0826023730383628e-06,38720000000.0,35200000000.0,29.655310252808555,44.88980620867176,2.1025012152507595e-12,6.491420737864417,16.814808156854976,4.0,1.0,256.0,recursive_calibrated_receiver,23.75320482797332,1.0
flat,1,1,C,193.38766646153843,1550.2149826065752,80.0,0.0,2.5953445679078494e-18,1.0049174166939192e-07,9.13561287903563e-08,3.2376646805942174e-08,7.758493179644501e-07,3.162277660168379e-07,1.1834332127716442e-06,38720000000.0,35200000000.0,29.268562465166315,44.897681323919514,3.2260020022386235e-12,6.54957343523683,16.738243127786536,4.0,1.0,256.0,recursive_calibrated_receiver,23.67573968186016,1.0
flat,1,2,C,193.43766646153844,1549.8142811788327,80.0,0.0,2.5958632754761798e-18,1.0051182602643768e-07,9.137438729676152e-08,3.2399864974748954e-08,8.237129838475884e-07,3.162277660168379e-07,1.231315137161188e-06,38720000000.0,35200000000.0,29.0963078150029,44.894567996959694,3.894347826207279e-12,6.575641633537134,16.704146564921068,4.0,1.0,256.0,recursive_calibrated_receiver,23.641237269513013,1.0
flat,1,3,C,193.48766646153842,1549.4137868451314,80.0,0.0,2.603944373991959e-18,1.0082472616096866e-07,9.165884196451697e-08,3.251753177859873e-08,8.535505595922651e-07,3.162277660168379e-07,1.26143716757362e-06,38720000000.0,35200000000.0,28.99134376898808,44.87882426657794,4.364658562707023e-12,6.591577240486966,16.683371198600373,4.0,1.0,256.0,recursive_calibrated_receiver,23.62021308936001,1.0
flat,1,4,C,193.53766646153844,1549.0134994449645,80.0,0.0,2.6121100055614377e-18,1.0114089941533887e-07,9.19462721957626e-08,3.263636341441441e-08,8.750246227543991e-07,3.162277660168379e-07,1.2831986609669996e-06,38720000000.0,35200000000.0,28.917061022511106,44.86298239533401,4.729884661942188e-12,6.602878153172045,16.668669226357423,4.0,1.0,256.0,recursive_calibrated_receiver,23.60533433893559,1.0
flat,1,5,C,193.58766646153845,1548.6134188179913,80.0,0.0,2.6203650177404068e-18,1.0146053348690855e-07,9.223684862446232e-08,3.2756422157893785e-08,8.914733725737158e-07,3.162277660168379e-07,1.299937987215016e-06,38720000000.0,35200000000.0,28.8607736496447,44.847035404262776,5.025949387802086e-12,6.611454263302607,16.657529265730975,4.0,1.0,256.0,recursive_calibrated_receiver,23.594060041569847,1.0
flat,1,6,C,193.63766646153843,1548.213544804036,80.0,0.0,2.6287143145700047e-18,1.0178381826015059e-07,9.253074387286416e-08,3.28777711172787e-08,9.045526288560926e-07,3.162277660168379e-07,1.3133111387457947e-06,38720000000.0,35200000000.0,28.816323722862283,44.83097632259647,5.27221499529098e-12,6.618234656008459,16.64873231520796,4.0,1.0,256.0,recursive_calibrated_receiver,23.58515677131739,1.0
flat,1,7,C,193.68766646153844,1547.8138772430889,80.0,0.0,2.6371628646177873e-18,1.0211094611800073e-07,9.282813283454611e-08,3.3000474335883255e-08,9.152033140557244e-07,3.162277660168379e-07,1.3242592129071084e-06,38720000000.0,35200000000.0,28.78026996983415,44.814798176985924,5.480412839908024e-12,6.623739403356593,16.641597178327654,4.0,1.0,256.0,recursive_calibrated_receiver,23.577935245207883,1.0
flat,1,8,C,193.73766646153842,1547.4144159753055,80.0,0.0,2.6457157100711714e-18,1.0244211229395575e-07,9.312919299450523e-08,3.3124596908111055e-08,9.240101721697443e-07,3.162277660168379e-07,1.3333671311810875e-06,38720000000.0,35200000000.0,28.75050254867139,44.79849397935082,5.658222602609486e-12,6.6282877935789255,16.635706226780144,4.0,1.0,256.0,recursive_calibrated_receiver,23.571972864288156,1.0
flat,1,9,C,193.78766646153844,1547.0151608410054,80.0,0.0,2.6543779768603676e-18,1.0277751526403343e-07,9.343410478548493e-08,3.325020510872267e-08,9.313603093726852e-07,3.162277660168379e-07,1.341022180175008e-06,38720000000.0,35200000000.0,28.72564038965738,44.78205671343983,5.81095404608541e-12,6.6320890651571425,16.630786094602303,4.0,1.0,256.0,recursive_calibrated_receiver,23.566993001850026,1.0
flat,1,10,C,193.83766646153845,1546.6161116806743,80.0,0.0,2.6631548857885404e-18,1.0311735717773228e-07,9.374305197975663e-08,3.3377366535121024e-08,9.375221808271043e-07,3.162277660168379e-07,1.347492998823699e-06,38720000000.0,35200000000.0,28.704734826014338,44.765479320181505,5.942428213498343e-12,6.6352870847395735,16.626649008869013,4.0,1.0,256.0,recursive_calibrated_receiver,23.56280564100678,1.0
flat,1,11,C,193.88766646153843,1546.2172683349609,80.0,0.0,2.6720517646486604e-18,1.0346184432719613e-07,9.405622211563285e-08,3.3506150262443726e-08,9.426885504712668e-07,3.162277660168379e-07,1.3529725386037375e-06,38720000000.0,35200000000.0,28.687110182241774,44.7487546819047,6.055477688978497e-12,6.63798440505302,16.623161233313258,4.0,1.0,256.0,recursive_calibrated_receiver,23.55927544471695,1.0
flat,1,12,C,193.93766646153844,1545.8186306446798,80.0,0.0,2.6810740613079703e-18,1.038111876538446e-07,9.437380695804055e-08,3.363662701126709e-08,9.470014755400063e-07,3.162277660168379e-07,1.3576030485148848e-06,38720000000.0,35200000000.0,28.672271954755114,44.731875605506524,6.152248566400171e-12,6.640256135277979,16.620224892591995,4.0,1.0,256.0,recursive_calibrated_receiver,23.556303364469713,1.0
flat,1,13,C,193.98766646153842,1545.4201984508086,80.0,0.0,2.690227357743982e-18,1.0416560329184699e-07,9.469600299258817e-08,3.376886932776533e-08,9.505676206562341e-07,3.162277660168379e-07,1.3614913896656603e-06,38720000000.0,35200000000.0,28.659851008774616,44.71483480464174,6.23439169564694e-12,6.6421583778774345,16.617766926215506,4.0,1.0,256.0,recursive_calibrated_receiver,23.553815462984588,1.0
flat,1,14,C,194.03766646153844,1545.0219715944893,80.0,0.0,2.6995173850180358e-18,1.0452531314789835e-07,9.502301195263486e-08,3.390295177619222e-08,9.53468043211e-07,3.162277660168379e-07,1.3647188211804729e-06,38720000000.0,35200000000.0,28.64956818944661,44.69762488100631,6.3031884801757966e-12,6.6437335830286814,16.61573208353634,4.0,1.0,256.0,recursive_calibrated_receiver,23.55175582585892,1.0
flat,1,15,C,194.08766646153845,1544.623949917027,80.0,0.0,2.7089500391761604e-18,1.0489054551690093e-07,9.535504137900084e-08,3.4038951143599526e-08,9.557646531664327e-07,3.162277660168379e-07,1.3673474605622715e-06,38720000000.0,35200000000.0,28.641211115986675,44.6802383047831,6.359636089331009e-12,6.645014062075489,16.614078330361984,4.0,1.0,256.0,recursive_calibrated_receiver,23.55008191346087,1.0
flat,1,16,C,194.13766646153843,1544.2261332598914,80.0,0.0,2.7185313980696468e-18,1.0526153573325673e-07,9.569230521205156e-08,3.417694665673954e-08,9.575045821454735e-07,3.162277660168379e-07,1.369424653374363e-06,38720000000.0,35200000000.0,28.634618579145382,44.66266739431602,6.404506424073958e-12,6.646024351208288,16.612773760617358,4.0,1.0,256.0,recursive_calibrated_receiver,23.548761435759417,1.0
flat,1,17,C,194.18766646153844,1543.8285214647144,80.0,0.0,2.7282677390916463e-18,1.0563852685762855e-07,9.603502441602596e-08,3.431702021114741e-08,9.5872318381834e-07,3.162277660168379e-07,1.370985974251204e-06,38720000000.0,35200000000.0,28.629669881984267,44.64490429507443,6.438387436199899e-12,6.646782827108284,16.61179448650212,4.0,1.0,256.0,recursive_calibrated_receiver,23.54777021729378,1.0
flat,1,18,C,194.23766646153842,1543.4311143732916,80.0,0.0,2.738165557829007e-18,1.0602177039913914e-07,9.638342763558104e-08,3.4459256612435334e-08,9.59446101744308e-07,3.162277660168379e-07,1.372057295396727e-06,38720000000.0,35200000000.0,28.62627752656172,44.62694095796859,6.461712115528559e-12,6.647302815948927,16.611123190938628,4.0,1.0,256.0,recursive_calibrated_receiver,23.547090732324836,1.0
flat,1,19,C,194.28766646153844,1543.0339118275813,80.0,0.0,2.7482315876323217e-18,1.064115270731235e-07,9.673775188465773e-08,3.46037438298787e-08,9.596906738264482e-07,3.162277660168379e-07,1.372656191727944e-06,38720000000.0,35200000000.0,28.6243822658926,44.6087691170726,6.474778490831028e-12,6.647593344021818,16.610748148196297,4.0,1.0,256.0,recursive_calibrated_receiver,23.546711113748216,1.0
flat,1,20,C,194.33766646153845,1542.636913669704,80.0,0.0,2.7584728201101095e-18,1.0680806759466344e-07,9.709824326787586e-08,3.4750573262410434e-08,9.594668401698063e-07,3.162277660168379e-07,1.37279284945452e-06,38720000000.0,35200000000.0,28.623949916242537,44.590380266811195,6.477762753808403e-12,6.6476596214916155,16.610662592947797,4.0,1.0,256.0,recursive_calibrated_receiver,23.54662451460044,1.0
flat,1,21,C,194.38766646153843,1542.2401197419435,80.0,0.0,2.76889652655616e-18,1.0721167350825452e-07,9.746515773477684e-08,3.4899840017180485e-08,9.58777654713182e-07,3.162277660168379e-07,1.3724705784647966e-06,38720000000.0,35200000000.0,28.624969567120004,44.571765638664644,6.470726794282916e-12,6.6475033141542585,16.61086436597545,4.0,1.0,256.0,recursive_calibrated_receiver,23.546828749522348,1.0
flat,1,22,C,194.43766646153844,1541.843529886745,80.0,0.0,2.779510280321937e-18,1.076226380540654e-07,9.783876186733218e-08,3.5051643200873424e-08,9.576194544164471e-07,3.162277660168379e-07,1.3716859823006172e-06,38720000000.0,35200000000.0,28.6274529953528,44.55291617744558,6.453620846528062e-12,6.647122632506609,16.611355798203668,4.0,1.0,256.0,recursive_calibrated_receiver,23.54732617739928,1.0
flat,1,23,C,194.48766646153842,1541.4471439467163,80.0,0.0,2.7903219801481194e-18,1.0804126707133518e-07,9.821933370121381e-08,3.520608622400523e-08,9.559817031852625e-07,3.162277660168379e-07,1.3704288029033142e-06,38720000000.0,35200000000.0,28.631435221889863,44.533822517202715,6.426281477413909e-12,6.6465122474230585,16.6121438209122,4.0,1.0,256.0,recursive_calibrated_receiver,23.548123812887848,1.0
flat,1,24,C,194.53766646153844,1541.050961764627,80.0,0.0,2.801339874471766e-18,1.0846787993954677e-07,9.860716358140615e-08,3.53632771184521e-08,9.538464941922163e-07,3.162277660168379e-07,1.3686814237904604e-06,38720000000.0,35200000000.0,28.63697627096525,44.514474956806666,6.3884247153184045e-12,6.645663023423717,16.61324031393504,4.0,1.0,256.0,recursive_calibrated_receiver,23.54923367877451,1.0
flat,1,25,C,194.58766646153845,1540.6549831834075,80.0,0.0,2.812572586726993e-18,1.0890281055806917e-07,9.900255505279015e-08,3.552332886848204e-08,9.511876577635974e-07,3.162277660168379e-07,1.3664179788332254e-06,38720000000.0,35200000000.0,28.644164323278652,44.494863435276606,6.3396336528996035e-12,6.644561540544494,16.614662729782182,4.0,1.0,256.0,recursive_calibrated_receiver,23.550673437554053,1.0
flat,1,26,C,194.63766646153843,1540.2592080461504,80.0,0.0,2.8240291416583746e-18,1.0934640836501227e-07,9.940582578637478e-08,3.56863597555781e-08,9.479693756583048e-07,3.162277660168379e-07,1.3636029674615176e-06,38720000000.0,35200000000.0,28.653120623340527,44.474977506908935,6.279339276067829e-12,6.6431893503388535,16.616435064973835,4.0,1.0,256.0,recursive_calibrated_receiver,23.552467374365317,1.0
flat,1,27,C,194.68766646153844,1539.8636361961098,80.0,0.0,2.8357189926670277e-18,1.0979903939606731e-07,9.981730854187938e-08,3.5852493717352624e-08,9.44144136584683e-07,3.162277660168379e-07,1.3601892111434004e-06,38720000000.0,35200000000.0,28.664006742475728,44.45480631627407,6.206792463504806e-12,6.641521875065064,16.61858929765103,4.0,1.0,256.0,recursive_calibrated_receiver,23.554647851762628,1.0
flat,1,28,C,194.73766646153842,1539.4682674766998,80.0,0.0,2.8476520502095528e-18,1.1026108738411389e-07,1.0023735216737626e-07,3.6021860720855496e-08,9.396497661822266e-07,3.162277660168379e-07,1.3561148843664409e-06,38720000000.0,35200000000.0,28.677035173030614,44.43433857315259,6.12102388653554e-12,6.639526802615797,16.621167484570428,4.0,1.0,256.0,recursive_calibrated_receiver,23.557257431723542,1.0
flat,1,29,C,194.78766646153844,1539.0731017314956,80.0,0.0,2.8598387112696035e-18,1.1073295490035904e-07,1.0066632263669004e-07,3.619459715057534e-08,9.344050989690084e-07,3.162277660168379e-07,1.3512991876225364e-06,38720000000.0,35200000000.0,28.692484843250337,44.413562527489134,6.020786606706069e-12,6.637161737077656,16.624224832119733,4.0,1.0,256.0,recursive_calibrated_receiver,23.560351983261295,1.0
flat,1,30,C,194.83766646153845,1538.6781388042334,80.0,0.0,2.872289889921125e-18,1.1121506453774596e-07,1.011046041252236e-07,3.6370846211424796e-08,9.283035761290832e-07,3.162277660168379e-07,1.3456359462711446e-06,38720000000.0,35200000000.0,28.710724199864963,44.39246594444956,5.904472944118897e-12,6.634370705275407,16.62783426534423,4.0,1.0,256.0,recursive_calibrated_receiver,23.564005305840787,1.0
flat,1,31,C,194.88766646153843,1538.2833785388095,80.0,0.0,2.885017049000809e-18,1.1170786013731133e-07,1.0155260012482848e-07,3.6550758346982716e-08,9.212035441931846e-07,3.162277660168379e-07,1.338983910334851e-06,38720000000.0,35200000000.0,28.732246415800546,44.37103607967589,5.769991557935585e-12,6.6310788316748805,16.632093397153902,4.0,1.0,256.0,recursive_calibrated_receiver,23.568316181443443,1.0
flat,1,32,C,194.93766646153844,1537.8888207792802,80.0,0.0,2.8980322329052975e-18,1.1221180805809312e-07,1.0201073459826647e-07,3.673449167324174e-08,9.129130690801354e-07,3.162277660168379e-07,1.3311515696952398e-06,38720000000.0,35200000000.0,28.75772491381419,44.34925965484326,5.614580350899659e-12,6.627183946704558,16.63713551915829,4.0,1.0,256.0,recursive_calibrated_receiver,23.573419495888764,1.0
flat,1,33,C,194.98766646153842,1537.494465369862,80.0,0.0,2.9113481015260805e-18,1.1272739849108984e-07,1.0247945317371803e-07,3.6922212428077865e-08,9.031651569688272e-07,3.162277660168379e-07,1.3218723761593832e-06,38720000000.0,35200000000.0,28.78810472993569,44.32712283363415,5.43451077619008e-12,6.622542789828473,16.64314768728639,4.0,1.0,256.0,recursive_calibrated_receiver,23.57950453882874,1.0
flat,1,34,C,195.03766646153844,1537.1003121549306,80.0,0.0,2.924977965331886e-18,1.1325514681765062e-07,1.029592243796824e-07,3.711409543661901e-08,8.915751445574799e-07,3.162277660168379e-07,1.3107621349540002e-06,38720000000.0,35200000000.0,28.824761129244315,44.30461119825622,5.224597610127512e-12,6.616947079399051,16.650402120843125,4.0,1.0,256.0,recursive_calibrated_receiver,23.586846774309222,1.0
flat,1,35,C,195.08766646153845,1536.7063609790223,80.0,0.0,2.9389358216045304e-18,1.1379559501252741e-07,1.0345054092047947e-07,3.731032459264213e-08,8.775623575649011e-07,3.162277660168379e-07,1.2972406645022185e-06,38720000000.0,35200000000.0,28.86979445990338,44.2817097266434,4.977334949049618e-12,6.610079076883639,16.65931457227455,4.0,1.0,256.0,recursive_calibrated_receiver,23.595866899700848,1.0
flat,1,36,C,195.13766646153843,1536.3126116868318,80.0,0.0,2.9532363918299125e-18,1.1434931309165422e-07,1.0395392099241292e-07,3.7511093356073775e-08,8.601928949727647e-07,3.162277660168379e-07,1.2803745819820156e-06,38720000000.0,35200000000.0,28.926629560637714,44.25840277049241,4.681246783237776e-12,6.601421369179099,16.67056299022157,4.0,1.0,256.0,recursive_calibrated_receiver,23.607250906341406,1.0
flat,1,37,C,195.18766646153844,1535.919064123213,80.0,0.0,2.967895160240736e-18,1.1491690060452129e-07,1.044699096404739e-07,3.7716605266604794e-08,8.378241224455522e-07,3.162277660168379e-07,1.258521798102864e-06,38720000000.0,35200000000.0,29.0013925789567,44.234674034301456,4.317377605517725e-12,6.59004996331599,16.685360093930928,4.0,1.0,256.0,recursive_calibrated_receiver,23.622225854674657,1.0
flat,1,38,C,195.23766646153842,1535.5257181331795,80.0,0.0,2.9829284135021117e-18,1.1549898817080176e-07,1.0499908015527433e-07,3.792707447336029e-08,8.071482392384204e-07,3.162277660168379e-07,1.2283750854105328e-06,38720000000.0,35200000000.0,29.10669000742853,44.21050655559191,3.850563402796556e-12,6.57406750779066,16.70620155791607,4.0,1.0,256.0,recursive_calibrated_receiver,23.643316810958176,1.0
flat,1,39,C,195.28766646153844,1535.1325735619027,80.0,0.0,2.9983532815250452e-18,1.1609623906064975e-07,1.0554203550968159e-07,3.814272628048765e-08,7.597782062479295e-07,3.162277660168379e-07,1.181548007774449e-06,38720000000.0,35200000000.0,29.275486277447268,44.18588268650869,3.2015812756533007e-12,6.548527781654445,16.739613710413046,4.0,1.0,256.0,recursive_calibrated_receiver,23.677126513658926,1.0
flat,1,40,C,195.33766646153845,1534.7396302547133,80.0,0.0,3.0141877793859523e-18,1.1670935081782408e-07,1.0609940983438552e-07,3.836379770843739e-08,6.602215441560036e-07,3.162277660168379e-07,1.082548720007227e-06,38720000000.0,35200000000.0,29.655525491508886,44.16078407701045,2.101995933918226e-12,6.491388518034675,16.814850772220595,4.0,1.0,256.0,recursive_calibrated_receiver,23.753247940042485,1.0
flat,2,0,C,193.33766646153845,1550.6158912890319,160.0,0.0,5.202800014761396e-18,2.0145241657156126e-07,1.8313856051960114e-07,6.487081807757178e-08,1.3496106535234487e-06,3.162277660168379e-07,1.8489769800598877e-06,38720000000.0,35200000000.0,27.330684958149746,41.879506252031945,1.0693429694134324e-10,7.091154696980014,16.056892524989657,3.999999999999999,1.0,255.99999999999994,recursive_calibrated_receiver,22.985660803545905,1.0
flat,2,1,C,193.38766646153843,1550.2149826065752,160.0,0.0,5.190689135815699e-18,2.0098348333878385e-07,1.827122575807126e-07,6.475329361188435e-08,1.5516986359289003e-06,3.162277660168379e-07,2.0506386595264505e-06,38720000000.0,35200000000.0,26.881108593776098,41.88738136727971,4.0389490962311707e-10,7.334314155540553,15.768160722190165,3.999999999999949,1.0,255.99999999999673,recursive_calibrated_receiver,22.692809831070765,1.0
flat,2,2,C,193.43766646153844,1549.8142811788327,160.0,0.0,5.1917265509523595e-18,2.0102365205287537e-07,1.8274877459352305e-07,6.479972994949791e-08,1.6474259676951768e-06,3.162277660168379e-07,2.146402508305538e-06,38720000000.0,35200000000.0,26.682888328153304,41.88426804031988,7.061757519922906e-10,7.444156156768974,15.640942287519628,3.99999999999986,1.0,255.99999999999105,recursive_calibrated_receiver,22.563690504184468,1.0
flat,2,3,C,193.48766646153842,1549.4137868451314,160.0,0.0,5.207888747983918e-18,2.0164945232193732e-07,1.8331768392903393e-07,6.503506355719747e-08,1.7071011191845302e-06,3.162277660168379e-07,2.206646569130402e-06,38720000000.0,35200000000.0,26.56267220697869,41.86852430993813,9.832843442203005e-10,7.511572663983144,15.563813307465779,3.9999999999996856,1.0,255.99999999997988,recursive_calibrated_receiver,22.485382544106933,1.0
flat,2,4,C,193.53766646153844,1549.0134994449645,160.0,0.0,5.224220011122875e-18,2.0228179883067774e-07,1.838925443915252e-07,6.527272682882882e-08,1.7500492455087983e-06,3.162277660168379e-07,2.250169555917161e-06,38720000000.0,35200000000.0,26.477847554776357,41.852682438694195,1.237685887935869e-09,7.559508901140258,15.50940308397551,3.9999999999991913,1.0,255.99999999994824,recursive_calibrated_receiver,22.430128345141362,1.0
flat,2,5,C,193.58766646153845,1548.6134188179913,160.0,0.0,5.2407300354808136e-18,2.029210669738171e-07,1.8447369724892464e-07,6.551284431578757e-08,1.7829467451474315e-06,3.162277660168379e-07,2.283648208413194e-06,38720000000.0,35200000000.0,26.41370797498057,41.836735447622964,1.4701246723184475e-09,7.595958563230683,15.468267884513837,3.999999999998818,1.0,255.99999999992434,recursive_calibrated_receiver,22.38834826103149,1.0
flat,2,6,C,193.63766646153843,1548.213544804036,160.0,0.0,5.257428629140009e-18,2.0356763652030117e-07,1.8506148774572832e-07,6.57555422345574e-08,1.8091052577121852e-06,3.162277660168379e-07,2.3103945114747514e-06,38720000000.0,35200000000.0,26.363138558101866,41.82067636595666,1.6818686946118341e-09,7.624820349077011,15.435839871548913,3.999999999998523,1.0,255.99999999990547,recursive_calibrated_receiver,22.355407688341327,1.0
flat,2,7,C,193.68766646153844,1547.8138772430889,160.0,0.0,5.274325729235575e-18,2.0422189223600145e-07,1.8565626566909222e-07,6.600094867176651e-08,1.8304066281114488e-06,3.162277660168379e-07,2.332290659797379e-06,38720000000.0,35200000000.0,26.322173269490396,41.80449822034611,1.8741996528685134e-09,7.648281094701202,15.409573255135907,3.9999999999982845,1.0,255.9999999998902,recursive_calibrated_receiver,22.328723179193904,1.0
flat,2,8,C,193.73766646153842,1547.4144159753055,160.0,0.0,5.291431420142343e-18,2.048842245879115e-07,1.8625838598901046e-07,6.624919381622211e-08,1.8480203443394885e-06,3.162277660168379e-07,2.350506496345337e-06,38720000000.0,35200000000.0,26.288385441681204,41.78819402271101,2.0482802525842946e-09,7.667685634665279,15.387910583290154,3.9999999999980878,1.0,255.99999999987762,recursive_calibrated_receiver,22.306714018980312,1.0
flat,2,9,C,193.78766646153844,1547.0151608410054,160.0,0.0,5.308755953720735e-18,2.0555503052806686e-07,1.8686820957096987e-07,6.650041021744533e-08,1.8627206187453704e-06,3.162277660168379e-07,2.365816594333178e-06,38720000000.0,35200000000.0,26.260189262999788,41.771756756800016,2.2051279959755806e-09,7.68391653819958,15.369834192937763,3.9999999999979234,1.0,255.9999999998671,recursive_calibrated_receiver,22.28834722080924,1.0
flat,2,10,C,193.83766646153845,1546.6161116806743,160.0,0.0,5.326309771577081e-18,2.0623471435546456e-07,1.8748610395951325e-07,6.675473307024205e-08,1.8750443616542086e-06,3.162277660168379e-07,2.37875823163056e-06,38720000000.0,35200000000.0,26.236496958376424,41.75517936354169,2.3456206945321776e-09,7.697581383574463,15.354646097759606,3.9999999999977853,1.0,255.99999999985823,recursive_calibrated_receiver,22.272914215431395,1.0
flat,2,11,C,193.88766646153843,1546.2172683349609,160.0,0.0,5.344103529297321e-18,2.0692368865439226e-07,1.881124442312657e-07,6.701230052488745e-08,1.8853771009425335e-06,3.162277660168379e-07,2.389717311190637e-06,38720000000.0,35200000000.0,26.216534703703537,41.73845472526489,2.4705105711607166e-09,7.709113735744237,15.341849806707744,3.9999999999976694,1.0,255.99999999985084,recursive_calibrated_receiver,22.259910939109485,1.0
flat,2,12,C,193.93766646153844,1545.8186306446798,160.0,0.0,5.3621481226159406e-18,2.076223753076892e-07,1.887476139160811e-07,6.727325402253418e-08,1.8940029510800126e-06,3.162277660168379e-07,2.3989783310129317e-06,38720000000.0,35200000000.0,26.19973674818336,41.72157564886671,2.5804393743930186e-09,7.718831432735845,15.331082358179906,3.999999999997481,1.0,255.9999999998388,recursive_calibrated_receiver,22.24896886563876,1.0
flat,2,13,C,193.98766646153842,1545.4201984508086,160.0,0.0,5.380454715487964e-18,2.0833120658369397e-07,1.8939200598517634e-07,6.753773865553066e-08,1.9011352413124683e-06,3.162277660168379e-07,2.4067550133144827e-06,38720000000.0,35200000000.0,26.18568114868546,41.70453484800193,2.6759520888326662e-09,7.726972076236397,15.322073069744174,3.999999999996599,1.0,255.99999999978235,recursive_calibrated_receiver,22.23981314414656,1.0
flat,2,14,C,194.03766646153844,1545.0219715944893,160.0,0.0,5.3990347700360716e-18,2.090506262957967e-07,1.9004602390526973e-07,6.780590355238443e-08,1.906936086422e-06,3.162277660168379e-07,2.413209876344108e-06,38720000000.0,35200000000.0,26.17404905950955,41.6873249243665,2.7575086269728492e-09,7.733715576809646,15.314617409458373,3.9999999999958695,1.0,255.99999999973565,recursive_calibrated_receiver,22.232236080721908,1.0
flat,2,15,C,194.08766646153845,1544.623949917027,160.0,0.0,5.417900078352321e-18,2.0978109103380186e-07,1.9071008275800168e-07,6.807790228719905e-08,1.9115293063328654e-06,3.162277660168379e-07,2.418467155107705e-06,38720000000.0,35200000000.0,26.164598063331415,41.66993834814329,2.825493512674407e-09,7.739198959958584,15.30855988031599,3.9999999999952762,1.0,255.9999999996977,recursive_calibrated_receiver,22.226079766375886,1.0
flat,2,16,C,194.13766646153843,1544.2261332598914,160.0,0.0,5.4370627961392936e-18,2.1052307146651346e-07,1.9138461042410313e-07,6.835389331347909e-08,1.915009164290947e-06,3.162277660168379e-07,2.4226215407318882e-06,38720000000.0,35200000000.0,26.157144255692142,41.652367437676205,2.880223760807859e-09,7.743526334389557,15.303782523223322,3.9999999999948086,1.0,255.99999999966775,recursive_calibrated_receiver,22.2212244070003,1.0
flat,2,17,C,194.18766646153844,1543.8285214647144,160.0,0.0,5.456535478183293e-18,2.112770537152571e-07,1.920700488320519e-07,6.863404042229482e-08,1.91744636763668e-06,3.162277660168379e-07,2.42574418248557e-06,38720000000.0,35200000000.0,26.151550014879792,41.63460433843462,2.9219551920430976e-09,7.7467757101319,15.300197068929416,3.9999999999944578,1.0,255.9999999996453,recursive_calibrated_receiver,22.217580356752155,1.0
flat,2,18,C,194.23766646153842,1543.4311143732916,160.0,0.0,5.476331115658014e-18,2.1204354079827828e-07,1.9276685527116209e-07,6.891851322487067e-08,1.918892203488616e-06,3.162277660168379e-07,2.4278868247766163e-06,38720000000.0,35200000000.0,26.147715616332604,41.61664100132878,2.9508873994072903e-09,7.749003681319761,15.297739557246688,3.999999999994217,1.0,255.9999999996299,recursive_calibrated_receiver,22.215082655733184,1.0
flat,2,19,C,194.28766646153844,1543.0339118275813,160.0,0.0,5.4964631752646435e-18,2.12823054146247e-07,1.9347550376931545e-07,6.92074876597574e-08,1.9193813476528964e-06,3.162277660168379e-07,2.42908461743905e-06,38720000000.0,35200000000.0,26.145573562336637,41.598469160432785,2.967167543573968e-09,7.750248597344925,15.296366698746258,3.9999999999940825,1.0,255.99999999962128,recursive_calibrated_receiver,22.213687336393637,1.0
flat,2,20,C,194.33766646153845,1542.636913669704,160.0,0.0,5.516945640220219e-18,2.1361613518932688e-07,1.9419648653575172e-07,6.950114652482087e-08,1.9189336803396125e-06,3.162277660168379e-07,2.429357932892202e-06,38720000000.0,35200000000.0,26.14508493087905,41.58008031017138,2.970893111639445e-09,7.750532607524257,15.29605353211884,3.999999999994052,1.0,255.99999999961932,recursive_calibrated_receiver,22.21336904520025,1.0
flat,2,21,C,194.38766646153843,1542.2401197419435,160.0,0.0,5.53779305311232e-18,2.1442334701650904e-07,1.9493031546955368e-07,6.979968003436097e-08,1.917555309426364e-06,3.162277660168379e-07,2.4287133909127553e-06,38720000000.0,35200000000.0,26.146237326585137,41.56146568202483,2.962113734189863e-09,7.749862810358761,15.296792109518941,3.9999999999941243,1.0,255.99999999962395,recursive_calibrated_receiver,22.21411970789061,1.0
flat,2,22,C,194.43766646153844,1541.843529886745,160.0,0.0,5.559020560643874e-18,2.152452761081308e-07,1.9567752373466437e-07,7.010328640174685e-08,1.9152389088328943e-06,3.162277660168379e-07,2.4271441985843965e-06,38720000000.0,35200000000.0,26.149044211179316,41.54261622080577,2.9408321185866023e-09,7.748231630856926,15.298591067056034,3.9999999999943006,1.0,255.99999999963524,recursive_calibrated_receiver,22.215948093340042,1.0
flat,2,23,C,194.48766646153842,1541.4471439467163,160.0,0.0,5.580643960296239e-18,2.1608253414267036e-07,1.9643866740242762e-07,7.041217244801045e-08,1.911963406370525e-06,3.162277660168379e-07,2.4246298397897904e-06,38720000000.0,35200000000.0,26.153545543018524,41.5235225605629,2.907004121847959e-09,7.74561646512373,15.301476035221196,3.999999999994583,1.0,255.9999999996533,recursive_calibrated_receiver,22.218880230149285,1.0
flat,2,24,C,194.53766646153844,1541.050961764627,160.0,0.0,5.602679748943532e-18,2.1693575987909355e-07,1.972143271628123e-07,7.07265542369042e-08,1.9076929883844326e-06,3.162277660168379e-07,2.421135081564083e-06,38720000000.0,35200000000.0,26.15980979438352,41.50417500016686,2.8605379529423033e-09,7.741978554298694,15.305490933337282,3.999999999994976,1.0,255.99999999967847,recursive_calibrated_receiver,22.222960720694253,1.0
flat,2,25,C,194.58766646153845,1540.6549831834075,160.0,0.0,5.625145173453986e-18,2.1780562111613834e-07,1.980051101055803e-07,7.104665773696407e-08,1.9023753155271947e-06,3.162277660168379e-07,2.416608191649613e-06,38720000000.0,35200000000.0,26.167937567077644,41.484563478636794,2.801292460278591e-09,7.737260965829042,15.31070028959003,3.999999999995486,1.0,255.9999999997111,recursive_calibrated_receiver,22.228255096302384,1.0
flat,2,26,C,194.63766646153843,1540.2592080461504,160.0,0.0,5.648058283316749e-18,2.1869281673002454e-07,1.9881165157274957e-07,7.13727195111562e-08,1.8959387513166097e-06,3.162277660168379e-07,2.4109781689061972e-06,38720000000.0,35200000000.0,26.178067220848014,41.46467755026912,2.7290744243532557e-09,7.731385452848456,15.317192852695428,3.9999999999961213,1.0,255.99999999975176,recursive_calibrated_receiver,22.234853483567743,1.0
flat,2,27,C,194.68766646153844,1539.8636361961098,160.0,0.0,5.6714379853340555e-18,2.1959807879213462e-07,1.9963461708375876e-07,7.170498743470525e-08,1.888288273169366e-06,3.162277660168379e-07,2.404150656269963e-06,38720000000.0,35200000000.0,26.190383207222915,41.44450635963426,2.643634737134854e-09,7.724247809065322,15.325086939756225,3.9999999999968945,1.0,255.99999999980125,recursive_calibrated_receiver,22.242876032955778,1.0
flat,2,28,C,194.73766646153842,1539.4682674766998,160.0,0.0,5.6953041004191055e-18,2.2052217476822777e-07,2.0047470433475251e-07,7.204372144171099e-08,1.8792995323644532e-06,3.162277660168379e-07,2.396002002716044e-06,38720000000.0,35200000000.0,26.20512823274311,41.424038616512775,2.5446633096074993e-09,7.715711099200092,15.334538241781768,3.999999999997603,1.0,255.99999999984658,recursive_calibrated_receiver,22.25248084184909,1.0
flat,2,29,C,194.78766646153844,1539.0731017314956,160.0,0.0,5.719677422539207e-18,2.2146590980071808e-07,2.0133264527338007e-07,7.238919430115068e-08,1.8688101979380168e-06,3.162277660168379e-07,2.386370609228235e-06,38720000000.0,35200000000.0,26.222621084259966,41.40326257084932,2.431782511520586e-09,7.705595755977834,15.345751263312986,3.9999999999977045,1.0,255.9999999998531,recursive_calibrated_receiver,22.263875565824875,1.0
flat,2,30,C,194.83766646153845,1538.6781388042334,160.0,0.0,5.74457977984225e-18,2.2243012907549192e-07,2.022092082504472e-07,7.274169242284959e-08,1.8566071522581664e-06,3.162277660168379e-07,2.3750441265254513e-06,38720000000.0,35200000000.0,26.243283171008063,41.382165987809756,2.3045389268987696e-09,7.6936648654790645,15.358996357167849,3.999999999997825,1.0,255.9999999998608,recursive_calibrated_receiver,22.27733470797968,1.0
flat,2,31,C,194.88766646153843,1538.2833785388095,160.0,0.0,5.770034098001618e-18,2.2341572027462265e-07,2.0310520024965695e-07,7.310151669396543e-08,1.8424070883863692e-06,3.162277660168379e-07,2.361740054652864e-06,38720000000.0,35200000000.0,26.26767904792959,41.36073612303608,2.1623932430113754e-09,7.679601755641648,15.374635734143922,3.999999999997967,1.0,255.99999999986989,recursive_calibrated_receiver,22.293226015546097,1.0
flat,2,32,C,194.93766646153844,1537.8888207792802,160.0,0.0,5.796064465810595e-18,2.2442361611618625e-07,2.0402146919653293e-07,7.346898334648348e-08,1.8258261381602708e-06,3.162277660168379e-07,2.3460753733736417e-06,38720000000.0,35200000000.0,26.296580392305422,41.33895969820345,2.0047082776433244e-09,7.662974710790939,15.393164529267091,3.9999999999981353,1.0,255.99999999988066,recursive_calibrated_receiver,22.31205215383318,1.0
flat,2,33,C,194.98766646153842,1537.494465369862,160.0,0.0,5.822696203052161e-18,2.2545479698217968e-07,2.0495890634743606e-07,7.384442485615573e-08,1.8063303139376544e-06,3.162277660168379e-07,2.3275169863019284e-06,38720000000.0,35200000000.0,26.331071408384453,41.31682287699434,1.8307357491929824e-09,7.643179017596514,15.415278466304738,3.9999999999983364,1.0,255.99999999989353,recursive_calibrated_receiver,22.334519366081917,1.0
flat,2,34,C,195.03766646153844,1537.1003121549306,160.0,0.0,5.849955930663772e-18,2.2651029363530125e-07,2.059184487593648e-07,7.422819087323802e-08,1.7831502891149599e-06,3.162277660168379e-07,2.3052965038911624e-06,38720000000.0,35200000000.0,26.3727320835575,41.294311241616406,1.6396041206638908e-09,7.619336562793913,15.441991510629151,3.999999999998579,1.0,255.99999999990905,recursive_calibrated_receiver,22.361656845285026,1.0
flat,2,35,C,195.08766646153845,1536.7063609790223,160.0,0.0,5.877871643209061e-18,2.2759119002505483e-07,2.0690108184095894e-07,7.462064918528426e-08,1.7551247151298022e-06,3.162277660168379e-07,2.278253562987599e-06,38720000000.0,35200000000.0,26.42397941855677,41.27140977000359,1.4303148045876711e-09,7.590109642891829,15.47485496809978,3.999999999998878,1.0,255.99999999992818,recursive_calibrated_receiver,22.39503900920773,1.0
flat,2,36,C,195.13766646153843,1536.3126116868318,160.0,0.0,5.906472783659825e-18,2.2869862618330843e-07,2.0790784198482585e-07,7.502218671214755e-08,1.7203857899455294e-06,3.162277660168379e-07,2.244521397947193e-06,38720000000.0,35200000000.0,26.488762499343743,41.2481028138526,1.2017690128600727e-09,7.553323522732919,15.516403839058004,3.999999999999255,1.0,255.9999999999523,recursive_calibrated_receiver,22.43723826546719,1.0
flat,2,37,C,195.18766646153844,1535.919064123213,160.0,0.0,5.935790320481472e-18,2.2983380120904258e-07,2.089398192809478e-07,7.543321053320959e-08,1.6756482448911045e-06,3.162277660168379e-07,2.2008158301888903e-06,38720000000.0,35200000000.0,26.5741629878206,41.22437407766164,9.528978088041136e-10,7.5051023970935296,15.571184767110102,3.999999999999752,1.0,255.99999999998414,recursive_calibrated_receiver,22.49286756024816,1.0
flat,2,38,C,195.23766646153842,1535.5257181331795,160.0,0.0,5.9658568270042234e-18,2.3099797634160352e-07,2.0999816031054867e-07,7.585414894672058e-08,1.6142964784768409e-06,3.162277660168379e-07,2.1405224048042278e-06,38720000000.0,35200000000.0,26.69480222054423,41.2002065989521,6.831668745941488e-10,7.4375079573309755,15.648587157488068,3.9999999999998654,1.0,255.9999999999914,recursive_calibrated_receiver,22.57145113229824,1.0
flat,2,39,C,195.28766646153844,1535.1325735619027,160.0,0.0,5.9967065630500905e-18,2.321924781212995e-07,2.1108407101936318e-07,7.62854525609753e-08,1.519556412495859e-06,3.162277660168379e-07,2.04686824953206e-06,38720000000.0,35200000000.0,26.889101106069923,41.17558272986888,3.947627712243352e-10,7.329919330768303,15.773291452452408,3.9999999999999525,1.0,255.99999999999696,recursive_calibrated_receiver,22.698016098978172,1.0
flat,2,40,C,195.33766646153845,1534.7396302547133,160.0,0.0,6.0283755587719045e-18,2.3341870163564815e-07,2.1219881966877104e-07,7.672759541687478e-08,1.3204430883120072e-06,3.162277660168379e-07,1.8488696739976161e-06,38720000000.0,35200000000.0,27.33093700987115,41.150484120370635,1.0685200109253168e-10,7.09102065790701,16.05705447306404,3.999999999999999,1.0,255.99999999999994,recursive_calibrated_receiver,22.985824988315336,1.0
fixed,1,0,C,193.33766646153845,1550.6158912890319,80.0,-3.35677925421729,2.5961999240211732e-18,1.0052486105809982e-07,9.13862373255453e-08,3.237057209317067e-08,1.3346660924876225e-07,1.4598965242012014e-07,3.708424989944277e-07,38720000000.0,35200000000.0,30.951325755860587,41.54171699713491,4.736049425961854e-13,6.300285590221341,17.071491377869858,4.0,1.0,256.0,recursive_calibrated_receiver,24.01279527300442,1.0
fixed,1,1,C,193.38766646153843,1550.2149826065752,80.0,-3.2067792542172895,2.589921540970453e-18,1.0028176206637593e-07,9.116523824215994e-08,3.230899512302412e-08,1.5463246161206626e-07,1.5112004511892747e-07,3.9691774497315367e-07,38720000000.0,35200000000.0,30.8062155926483,41.6999862381263,5.620779990267116e-13,6.32140341120265,17.04274330863661,4.0,1.0,256.0,recursive_calibrated_receiver,23.983729870809693,1.0
fixed,1,2,C,193.43766646153844,1549.8142811788327,80.0,-3.05677925421729,2.590206836895559e-18,1.0029280872459604e-07,9.117528065872368e-08,3.2329265013656454e-08,1.7252257627905608e-07,1.564307309330868e-07,4.201285878708666e-07,38720000000.0,35200000000.0,30.70939840238218,41.84726243277623,6.297263712495109e-13,6.335532530114501,17.023563788508667,4.0,1.0,256.0,recursive_calibrated_receiver,23.96433749668403,1.0
fixed,1,3,C,193.48766646153842,1549.4137868451314,80.0,-2.906779254217289,2.598037599625476e-18,1.0059601585749843e-07,9.145092350681677e-08,3.244376917249641e-08,1.9018425763031775e-07,1.619280457533089e-07,4.435632268904435e-07,38720000000.0,35200000000.0,30.623665403034632,41.98190771710941,6.961077146607362e-13,6.348070427714279,17.006580809179304,4.0,1.0,256.0,recursive_calibrated_receiver,23.94716527351072,1.0
fixed,1,4,C,193.53766646153844,1549.0134994449645,80.0,-2.7567792542172906,2.605960968167873e-18,1.0090280868746003e-07,9.172982607950912e-08,3.25595357851806e-08,2.086537000122836e-07,1.6761854812723207e-07,4.680020742190248e-07,38720000000.0,35200000000.0,30.540742966753424,42.116438702337014,7.666793097711229e-13,6.360220903573789,16.990155258942437,4.0,1.0,256.0,recursive_calibrated_receiver,23.930556002952912,1.0
fixed,1,5,C,193.58766646153845,1548.6134188179913,80.0,-2.6067792542172894,2.6139816193283983e-18,1.0121336830039558e-07,9.201215300035962e-08,3.267662514802297e-08,2.283255344995197e-07,1.735090270840689e-07,4.938467145839482e-07,38720000000.0,35200000000.0,30.457299056967074,42.2508487847053,8.446098703752585e-13,6.372471266470131,16.9736270912945,4.0,1.0,256.0,recursive_calibrated_receiver,23.913842281839575,1.0
fixed,1,6,C,193.63766646153843,1548.213544804036,80.0,-2.456779254217289,2.6221043226826528e-18,1.0152787937427231e-07,9.229807215842938e-08,3.279509883936897e-08,2.4946898701219505e-07,1.7960651023422806e-07,5.213735694048525e-07,38720000000.0,35200000000.0,30.371730633818864,42.3851313044167,9.32404523904288e-13,6.3850580326957385,16.956678818865132,4.0,1.0,256.0,recursive_calibrated_receiver,23.89670302309356,1.0
fixed,1,7,C,193.68766646153844,1547.8138772430889,80.0,-2.30677925421729,2.6303339504895078e-18,1.0184653056295374e-07,9.258775505723067e-08,3.291501984672151e-08,2.7230955193634097e-07,1.8591827215357456e-07,5.508155791471462e-07,38720000000.0,35200000000.0,30.28315859329706,42.51927953284184,1.0324886762590547e-12,6.398112804829411,16.939136387696525,4.0,1.0,256.0,recursive_calibrated_receiver,23.878962143171815,1.0
fixed,1,8,C,193.73766646153842,1547.4144159753055,80.0,-2.1567792542172897,2.6386754887508366e-18,1.021695149244324e-07,9.288137720402945e-08,3.303645270860683e-08,2.9705932836289246e-07,1.9245184306233108e-07,5.82392548629253e-07,38720000000.0,35200000000.0,30.19106264780673,42.65328665826541,1.1474667492397436e-12,6.411715277203676,16.920896839001895,4.0,1.0,256.0,recursive_calibrated_receiver,23.860515429055283,1.0
fixed,1,9,C,193.78766646153844,1547.0151608410054,80.0,-2.0067792542172906,2.647134049405739e-18,1.0249703039299021e-07,9.317911853908202e-08,3.3159463671083106e-08,3.2393084172415075e-07,1.992150178089744e-07,6.163249780722071e-07,38720000000.0,35200000000.0,30.095123056483295,42.78714577023702,1.2802826572982226e-12,6.425916207490406,16.901896952324485,4.0,1.0,256.0,recursive_calibrated_receiver,23.84129883700904,1.0
fixed,1,10,C,193.83766646153845,1546.6161116806743,80.0,-1.8567792542172894,2.655714883648815e-18,1.0282928029488212e-07,9.348116390443829e-08,3.32841208588125e-08,3.5314445903160494e-07,2.0621586516984587e-07,6.528414881058891e-07,38720000000.0,35200000000.0,29.99514328521627,42.920849842597526,1.43435099366064e-12,6.440748631719645,16.8820979224514,4.0,1.0,256.0,recursive_calibrated_receiver,23.821273001472203,1.0
fixed,1,11,C,193.88766646153843,1546.2172683349609,80.0,-1.7067792542172902,2.6644233963645876e-18,1.0316647390723683e-07,9.378770355203349e-08,3.3410494460649403e-08,3.849329859296068e-07,2.1346273747556965e-07,6.9218342695721e-07,38720000000.0,35200000000.0,29.891008778680643,43.054391715249196,1.6136857060837477e-12,6.456233829892019,16.86147719072013,4.0,1.0,256.0,recursive_calibrated_receiver,23.800414977142232,1.0
fixed,1,12,C,193.93766646153844,1545.8186306446798,80.0,-1.55677925421729,2.6732651616725886e-18,1.0350882705996263e-07,9.409893369087511e-08,3.3538656929726103e-08,4.1954490591078686e-07,2.2096428057576512e-07,7.346081201774271e-07,38720000000.0,35200000000.0,29.782663499581087,43.18776407473607,1.8230393358067608e-12,6.47238470623676,16.840023796229225,4.0,1.0,256.0,recursive_calibrated_receiver,23.778713539812017,1.0
fixed,1,13,C,193.98766646153842,1545.4201984508086,80.0,-1.40677925421729,2.682245939581558e-18,1.0385656278059792e-07,9.441505707327084e-08,3.366868319806841e-08,4.572469152557725e-07,2.2872944415393993e-07,7.803914164829832e-07,38720000000.0,35200000000.0,29.670095906299785,43.320959433697425,2.0680608923267387e-12,6.489207793755069,16.817735596843825,4.0,1.0,256.0,recursive_calibrated_receiver,23.75616637770851,1.0
fixed,1,14,C,194.03766646153844,1545.0219715944893,80.0,-1.2567792542172898,2.691371693754411e-18,1.042099119821708e-07,9.473628362015527e-08,3.38006509058118e-08,4.983260629075927e-07,2.367674924048714e-07,8.298298389326194e-07,38720000000.0,35200000000.0,29.553330274900013,43.453970109254556,2.3554785011398382e-12,6.506704477597287,16.794617548878044,4.0,1.0,256.0,recursive_calibrated_receiver,23.73277835329983,1.0
fixed,1,15,C,194.08766646153845,1544.623949917027,80.0,-1.1067792542172896,2.7006486103903816e-18,1.0456911419431557e-07,9.506283108574143e-08,3.393464064515005e-08,5.430916408119403e-07,2.4508801508721367e-07,8.832424869848954e-07,38720000000.0,35200000000.0,29.43242122640513,43.58678820038695,2.6933121768898743e-12,6.524871747757222,16.770680621651167,4.0,1.0,256.0,recursive_calibrated_receiver,23.708560407115424,1.0
fixed,1,16,C,194.13766646153843,1544.2261332598914,80.0,-0.9567792542172899,2.710083118234738e-18,1.0493441833804906e-07,9.539492576186277e-08,3.407073621919819e-08,5.918768825856116e-07,2.537009389645181e-07,9.409727473119924e-07,38720000000.0,35200000000.0,29.307450291142565,43.719405564350865,3.09112166089314e-12,6.543702650388157,16.7459411154585,4.0,1.0,256.0,recursive_calibrated_receiver,23.683528869588006,1.0
fixed,1,17,C,194.18766646153844,1543.8285214647144,80.0,-0.8067792542172891,2.7196819097316155e-18,1.0530608354480815e-07,9.573280322255287e-08,3.4209024916017124e-08,6.450404734485562e-07,2.6261653964831526e-07,1.0033898163194243e-06,38720000000.0,35200000000.0,29.178523856389035,43.85181379218943,3.5602938049743978e-12,6.563186532108936,16.72042025341369,4.0,1.0,256.0,recursive_calibrated_receiver,23.657705049969238,1.0
fixed,1,18,C,194.23766646153842,1543.4311143732916,80.0,-0.6567792542172901,2.729451963339825e-18,1.0568438002051802e-07,9.607670910956183e-08,3.434959779810217e-08,7.029678321582763e-07,2.718454538573888e-07,1.070889995125227e-06,38720000000.0,35200000000.0,29.04577213423147,43.98400418338086,4.114373160253533e-12,6.5833091291642925,16.69414397519971,4.0,1.0,256.0,recursive_calibrated_receiver,23.63111502959342,1.0
fixed,1,19,C,194.28766646153844,1543.0339118275813,80.0,-0.5067792542172901,2.7394005670369406e-18,1.0606958995567034e-07,9.64268999597003e-08,3.449255000770805e-08,7.660720854274749e-07,2.81398692107867e-07,1.1438976774950422e-06,38720000000.0,35200000000.0,28.909348963509238,44.115967719667864,4.7694378851578404e-12,6.604052527217479,16.667142895811903,4.0,1.0,256.0,recursive_calibrated_receiver,23.60378962220675,1.0
fixed,1,20,C,194.33766646153845,1542.636913669704,80.0,-0.3567792542172901,2.7495353430414353e-18,1.0646200848256438e-07,9.678364407505852e-08,3.463798108843945e-08,8.347946096261727e-07,2.9128765184927103e-07,1.2228659055505022e-06,38720000000.0,35200000000.0,28.769432378791407,44.24769503810975,5.5445203502558174e-12,6.625394999728558,16.639452415954107,4.0,1.0,256.0,recursive_calibrated_receiver,23.575764487932815,1.0
fixed,1,21,C,194.38766646153843,1542.2401197419435,80.0,-0.20677925421729015,2.7598642737877705e-18,1.0686194468106247e-07,9.714722243732952e-08,3.478599532360372e-08,9.096049567130263e-07,3.015241310621928e-07,1.3082763102125486e-06,38720000000.0,35200000000.0,28.626225971591296,44.37917640339695,6.462067213359596e-12,6.647310718739316,16.61111298900317,4.0,1.0,256.0,recursive_calibrated_receiver,23.547080405922348,1.0
fixed,1,22,C,194.43766646153844,1541.843529886745,80.0,-0.05677925421729047,2.7703957291940984e-18,1.072697226343955e-07,9.751792966763226e-08,3.493670209188349e-08,9.90999903301057e-07,3.121203423338246e-07,1.4006381753025139e-06,38720000000.0,35200000000.0,28.479961154270118,44.51040167946675,7.548426270951354e-12,6.6697693184695765,16.582170566315455,4.0,1.0,256.0,recursive_calibrated_receiver,23.517783727810563,1.0
fixed,1,23,C,194.48766646153842,1541.4471439467163,80.0,0.09322074578270974,2.781138495266711e-18,1.0768568253672706e-07,9.789607503338824e-08,3.5090216240945227e-08,1.079501252450739e-06,3.2308892742813374e-07,1.500486254912261e-06,38720000000.0,35200000000.0,28.330900531200317,44.64136030045968,8.834335571208305e-12,6.692735276979718,16.55267726125112,4.0,1.0,256.0,recursive_calibrated_receiver,23.487927052957385,1.0
fixed,1,24,C,194.53766646153844,1541.050961764627,80.0,0.24322074578271036,2.7921018040900956e-18,1.081101818543685e-07,9.828198350397137e-08,3.5246658479662914e-08,1.1756518605264658e-06,3.3444297236806367e-07,1.608376816398501e-06,38720000000.0,35200000000.0,28.179342701466304,44.772041241056414,1.0355371843434302e-11,6.716167061612881,16.52269229594305,4.0,1.0,256.0,recursive_calibrated_receiver,23.457570190422985,1.0
fixed,1,25,C,194.58766646153845,1540.6549831834075,80.0,0.39322074578271016,2.8032953652555395e-18,1.0854359654269449e-07,9.8675996856995e-08,3.540615578968882e-08,1.280009129974699e-06,3.461960230477574e-07,1.7248811498794516e-06,38720000000.0,35200000000.0,28.025628984905687,44.902432986237706,1.2152286797168128e-11,6.740015956397473,16.49228332793093,4.0,1.0,256.0,recursive_calibrated_receiver,23.426781506186273,1.0
fixed,1,26,C,194.63766646153843,1540.2592080461504,80.0,0.54322074578271,2.8147293987853156e-18,1.0898632232096742e-07,9.907847483724311e-08,3.5568841857158873e-08,1.3931348603062576e-06,3.5836210139342757e-07,1.8505754365369282e-06,38720000000.0,35200000000.0,27.87015281281176,45.032523500512944,1.9249591551373252e-11,6.809993165645302,16.403689428642394,4.0,1.0,256.0,recursive_calibrated_receiver,23.33706647870178,1.0
fixed,1,27,C,194.68766646153844,1539.8636361961098,80.0,0.6932207457827099,2.8264146696133365e-18,1.0943877600742839e-07,9.948979637038944e-08,3.5734857525371225e-08,1.5155798116546255e-06,3.709557220921553e-07,1.9860253301171704e-06,38720000000.0,35200000000.0,27.713372913152025,45.16230019666716,3.213326824914601e-11,6.890535012940409,16.30286729363791,4.0,1.0,256.0,recursive_calibrated_receiver,23.234941123104242,1.0
fixed,1,28,C,194.73766646153842,1539.4682674766998,80.0,0.8432207457827106,2.8383625236867128e-18,1.0990139691714952e-07,9.991036083377228e-08,3.5904351269325486e-08,1.6478604822308691e-06,3.839919099085742e-07,2.1317627529732155e-06,38720000000.0,35200000000.0,27.555832048090227,45.29174990408202,5.3145785705506644e-11,6.972427321534913,16.20158535370228,4.0,1.0,256.0,recursive_calibrated_receiver,23.132320079842327,1.0
fixed,1,29,C,194.78766646153844,1539.0731017314956,80.0,0.9932207457827102,2.8505849257558425e-18,1.1037464832526622e-07,1.0034058938660565e-07,3.607747969305281e-08,1.790424205560868e-06,3.974862176101009e-07,2.2882510125575746e-06,38720000000.0,35200000000.0,27.398184113675793,45.42085883669309,8.692271541540812e-11,7.055349551440539,16.100264872910536,3.9999999999999996,1.0,255.99999999999997,recursive_calibrated_receiver,23.02962929233555,1.0
fixed,1,30,C,194.83766646153845,1538.6781388042334,80.0,1.1432207457827106,2.863094498923843e-18,1.108590189983312e-07,1.0078092636211927e-07,3.6254408050712107e-08,1.9435963078702304e-06,4.11454744522097e-07,2.4558319787544468e-06,38720000000.0,35200000000.0,27.24123424322478,45.54961256065375,1.4028161864682422e-10,7.138884228576796,15.99942378357921,3.9999999999999964,1.0,255.99999999999977,recursive_calibrated_receiver,22.92739321892573,1.0
fixed,1,31,C,194.88766646153843,1538.2833785388095,80.0,1.29322074578271,2.875904566028893e-18,1.1135502479663874e-07,1.0123184072421704e-07,3.643531079246554e-08,2.1074988865457367e-06,4.259141557350993e-07,2.634644883005053e-06,38720000000.0,35200000000.0,27.085999885191505,45.67799596178496,2.228155491471978e-10,7.2224786890535,15.899715734730997,3.999999999999992,1.0,255.9999999999995,recursive_calibrated_receiver,22.826274618585305,1.0
fixed,1,32,C,194.93766646153844,1537.8888207792802,80.0,1.4432207457827095,2.8890291929355452e-18,1.1186321035046431e-07,1.0169382759133119e-07,3.662037213618222e-08,2.2819230188067866e-06,4.4088170198703414e-07,2.824498548385152e-06,38720000000.0,35200000000.0,26.933807187059532,45.805993212901114,3.471887769962527e-10,7.305385415517115,15.801991736327013,3.999999999999973,1.0,255.99999999999827,recursive_calibrated_receiver,22.727137334725516,1.0
fixed,1,33,C,194.98766646153842,1537.494465369862,80.0,1.59322074578271,2.9024832338134434e-18,1.1238415081325653e-07,1.021674098302332e-07,3.6809786666053315e-08,2.4661209771510363e-06,4.563752402441354e-07,3.024663627225405e-06,38720000000.0,35200000000.0,26.78644990784036,45.93358774111347,5.284694226954846e-10,7.38656475588735,15.70740183270991,3.9999999999999067,1.0,255.99999999999403,recursive_calibrated_receiver,22.631149809712394,1.0
fixed,1,34,C,195.03766646153844,1537.1003121549306,80.0,1.7432207457827094,2.9162823784840816e-18,1.1291845369490364e-07,1.0265313972263967e-07,3.7003759959233556e-08,2.6584529293414884e-06,4.7241325500512024e-07,3.233519324069248e-06,38720000000.0,35200000000.0,26.646466138686424,46.060762195225365,7.811552000436693e-10,7.464517371347093,15.617572215755525,3.9999999999998437,1.0,255.99999999999,recursive_calibrated_receiver,22.53996533878368,1.0
fixed,1,35,C,195.08766646153845,1536.7063609790223,80.0,1.89322074578271,2.930443201918043e-18,1.1346676077826663e-07,1.0315160070751511e-07,3.720250924165168e-08,2.8557488563114348e-06,4.890148803540415e-07,3.4479153373729915e-06,38720000000.0,35200000000.0,26.517654812780176,46.187498413347754,1.1113942238917483e-09,7.536974986447823,15.534935937351475,3.999999999999423,1.0,255.99999999996308,recursive_calibrated_receiver,22.45605852106204,1.0
fixed,1,36,C,195.13766646153843,1536.3126116868318,80.0,2.04322074578271,2.944983215967086e-18,1.1402975012224557e-07,1.0366340920204143e-07,3.7406264074160874e-08,3.052057289781878e-06,5.061999227881227e-07,3.6619206217720424e-06,38720000000.0,35200000000.0,26.406131485667217,46.313777390878094,1.5001582581896179e-09,7.60027577032689,15.463409172855094,3.9999999999987734,1.0,255.9999999999215,recursive_calibrated_receiver,22.383412987651507,1.0
fixed,1,37,C,195.18766646153844,1535.919064123213,80.0,2.1932207457827095,2.9599209234170356e-18,1.1460813815470762e-07,1.0418921650427966e-07,3.76152670702254e-08,3.235891110292951e-06,5.239888848478138e-07,3.864069211645045e-06,38720000000.0,35200000000.0,26.32277177858022,46.439579249001774,1.871245863141159e-09,7.647937810562344,15.409956997067109,3.999999999998288,1.0,255.99999999989043,recursive_calibrated_receiver,22.329113043926302,1.0
fixed,1,38,C,195.23766646153842,1535.5257181331795,80.0,2.3432207457827112,2.9752758744490383e-18,1.1520268185866677e-07,1.0472971078060615e-07,3.7829774646363956e-08,3.383032630499617e-06,5.424029895772594e-07,4.030165330857482e-06,38720000000.0,35200000000.0,26.289992118599187,46.564883203892045,2.039667807276536e-09,7.666761797175835,15.388940648210303,3.999999999998097,1.0,255.9999999998782,recursive_calibrated_receiver,22.307760597348683,1.0
fixed,1,39,C,195.28766646153844,1535.1325735619027,80.0,2.4932207457827102,2.9910687255983005e-18,1.158141810551662e-07,1.0528561914106018e-07,3.805005780659541e-08,3.431627514971002e-06,5.614642058443577e-07,4.09837733995642e-06,38720000000.0,35200000000.0,26.367101329297533,46.68966753680186,1.664287294806405e-09,7.622554698274296,15.438380896264079,3.999999999998546,1.0,255.99999999990695,recursive_calibrated_receiver,22.35798901042654,1.0
fixed,1,40,C,195.33766646153845,1534.7396302547133,80.0,2.64322074578271,3.007321301300935e-18,1.1644348078637219e-07,1.0585770980579291e-07,3.827640296215629e-08,3.1264969651371947e-06,5.811952745506256e-07,3.8135499494936133e-06,38720000000.0,35200000000.0,26.829926354708494,46.813909565259024,4.673014287424062e-10,7.362520151718713,15.735306711823672,3.999999999999926,1.0,255.99999999999523,recursive_calibrated_receiver,22.659470070193244,1.0
fixed,2,0,C,193.33766646153845,1550.6158912890319,160.0,-3.35677925421729,5.1923998480423465e-18,2.0104972211619965e-07,1.827724746510906e-07,6.474114418634134e-08,2.669332184975245e-07,1.4598965242012014e-07,5.956953455687352e-07,38720000000.0,35200000000.0,28.89297867801084,38.5314170404951,4.8544499392161e-12,6.606546047746973,16.66390299479,4.0,1.0,256.0,recursive_calibrated_receiver,23.60051067246594,1.0
fixed,2,1,C,193.38766646153843,1550.2149826065752,160.0,-3.2067792542172895,5.179843081940906e-18,2.0056352413275186e-07,1.8233047648431989e-07,6.461799024604824e-08,3.092649232241325e-07,1.5112004511892747e-07,6.427154448273799e-07,38720000000.0,35200000000.0,28.713033381925158,38.68968628148649,5.889901530144476e-12,6.634017432194522,16.6282912378271,4.0,1.0,256.0,recursive_calibrated_receiver,23.564467832405672,1.0
fixed,2,2,C,193.43766646153844,1549.8142811788327,160.0,-3.05677925421729,5.180413673791118e-18,2.005856174491921e-07,1.8235056131744737e-07,6.465853002731291e-08,3.4504515255811215e-07,1.564307309330868e-07,6.838264448086464e-07,38720000000.0,35200000000.0,28.59376182837792,38.83696247613642,6.6894221906482765e-12,6.652288968689331,16.604688890395224,4.0,1.0,256.0,recursive_calibrated_receiver,23.540577874614296,1.0
fixed,2,3,C,193.48766646153842,1549.4137868451314,160.0,-2.906779254217289,5.196075199250952e-18,2.0119203171499687e-07,1.8290184701363353e-07,6.488753834499282e-08,3.803685152606355e-07,1.619280457533089e-07,7.25198408027578e-07,38720000000.0,35200000000.0,28.48865232527107,38.971607760469595,7.479263998327626e-12,6.668432692829593,16.583890284441082,4.0,1.0,256.0,recursive_calibrated_receiver,23.519524559569646,1.0
fixed,2,4,C,193.53766646153844,1549.0134994449645,160.0,-2.7567792542172906,5.211921936335746e-18,2.0180561737492006e-07,1.8345965215901824e-07,6.51190715703612e-08,4.173074000245672e-07,1.6761854812723207e-07,7.683856003108175e-07,38720000000.0,35200000000.0,28.387428570717887,39.1061387456972,8.323770740957437e-12,6.684016637121112,16.563861684379813,4.0,1.0,256.0,recursive_calibrated_receiver,23.499249555582196,1.0
fixed,2,5,C,193.58766646153845,1548.6134188179913,160.0,-2.6067792542172894,5.2279632386567965e-18,2.0242673660079116e-07,1.8402430600071924e-07,6.535325029604594e-08,4.566510689990394e-07,1.735090270840689e-07,8.141844020838275e-07,38720000000.0,35200000000.0,28.285992965469397,39.24054882806549,9.261170716336322e-12,6.699669730694718,16.543792264811653,4.0,1.0,256.0,recursive_calibrated_receiver,23.478932118139166,1.0
fixed,2,6,C,193.63766646153843,1548.213544804036,160.0,-2.456779254217289,5.2442086453653056e-18,2.0305575874854463e-07,1.8459614431685876e-07,6.559019767873794e-08,4.989379740243901e-07,1.7960651023422806e-07,8.631406285754769e-07,38720000000.0,35200000000.0,28.18240514971115,39.37483134777689,1.0322295540627465e-11,6.715692776915301,16.523298161692793,4.0,1.0,256.0,recursive_calibrated_receiver,23.458183595355944,1.0
fixed,2,7,C,193.68766646153844,1547.8138772430889,160.0,-2.30677925421729,5.2606679009790155e-18,2.0369306112590748e-07,1.8517551011446135e-07,6.583003969344301e-08,5.446191038726819e-07,1.8591827215357456e-07,9.157128861407178e-07,38720000000.0,35200000000.0,28.075627488479373,39.50897957620203,1.1537379067937716e-11,6.732249341197988,16.502174181011274,4.0,1.0,256.0,recursive_calibrated_receiver,23.436796150118397,1.0
fixed,2,8,C,193.73766646153842,1547.4144159753055,160.0,-2.1567792542172897,5.277350977501673e-18,2.043390298488648e-07,1.857627544080589e-07,6.607290541721366e-08,5.941186567257849e-07,1.9245184306233108e-07,9.723332541961749e-07,38720000000.0,35200000000.0,27.965069355229602,39.6429867016256,1.4034145180483243e-11,6.7616903223914075,16.464742429621765,4.0,1.0,256.0,recursive_calibrated_receiver,23.39889446601105,1.0
fixed,2,9,C,193.78766646153844,1547.0151608410054,160.0,-2.0067792542172906,5.294268098811478e-18,2.0499406078598042e-07,1.8635823707816403e-07,6.631892734216621e-08,6.478616834483015e-07,1.992150178089744e-07,1.03343493833544e-06,38720000000.0,35200000000.0,27.85038934506433,39.7768458135972,2.054739526583825e-11,6.820094077993064,16.390978327975006,4.0,1.0,256.0,recursive_calibrated_receiver,23.3241926908251,1.0
fixed,2,10,C,193.83766646153845,1546.6161116806743,160.0,-1.8567792542172894,5.31142976729763e-18,2.0565856058976423e-07,1.8696232780887657e-07,6.6568241717625e-08,7.062889180632099e-07,2.0621586516984587e-07,1.0994671110419324e-06,38720000000.0,35200000000.0,27.731398319743562,39.910549885957714,3.031303836384478e-11,6.881226648068091,16.314457604435212,4.0,1.0,256.0,recursive_calibrated_receiver,23.246682749817527,1.0
fixed,2,11,C,193.88766646153843,1546.2172683349609,160.0,-1.7067792542172902,5.328846792729175e-18,2.0633294781447365e-07,1.8757540710406698e-07,6.682098892129881e-08,7.698659718592136e-07,2.1346273747556965e-07,1.1709041164388503e-06,38720000000.0,35200000000.0,27.608007417659024,40.04409175860938,4.504626533833455e-11,6.945198488263932,16.235125220232337,4.0,1.0,256.0,recursive_calibrated_receiver,23.16630675914376,1.0
fixed,2,12,C,193.93766646153844,1545.8186306446798,160.0,-1.55677925421729,5.346530323345177e-18,2.0701765411992525e-07,1.8819786738175023e-07,6.707731385945221e-08,8.390898118215737e-07,2.2096428057576512e-07,1.248251959779089e-06,38720000000.0,35200000000.0,27.480198180000713,40.17746411809626,6.738979396601394e-11,7.0120881212689,16.152971571791554,3.9999999999999996,1.0,255.99999999999997,recursive_calibrated_receiver,23.08305269486107,1.0
fixed,2,13,C,193.98766646153842,1545.4201984508086,160.0,-1.40677925421729,5.364491879163116e-18,2.0771312556119583e-07,1.8883011414654167e-07,6.733736639613682e-08,9.14493830511545e-07,2.2872944415393993e-07,1.3320533888120266e-06,38720000000.0,35200000000.0,27.348004428357346,40.31065947705761,1.0141755855115292e-10,7.081950234295002,16.0680208029929,3.9999999999999996,1.0,255.99999999999997,recursive_calibrated_receiver,22.996942588121293,1.0
fixed,2,14,C,194.03766646153844,1545.0219715944893,160.0,-1.2567792542172898,5.382743387508822e-18,2.084198239643416e-07,1.8947256724031054e-07,6.76013018116236e-08,9.966521258151854e-07,2.367674924048714e-07,1.4228921854603674e-06,38720000000.0,35200000000.0,27.211500803502894,40.44367015261474,1.5340669081289565e-10,7.15482057196861,15.980323407213046,3.9999999999999956,1.0,255.99999999999972,recursive_calibrated_receiver,22.90802505941468,1.0
fixed,2,15,C,194.08766646153845,1544.623949917027,160.0,-1.1067792542172896,5.401297220780763e-18,2.0913822838863114e-07,1.9012566217148286e-07,6.78692812903001e-08,1.0861832816238805e-06,2.4508801508721367e-07,1.5213969588825771e-06,38720000000.0,35200000000.0,27.070795307687984,40.576488243747136,2.3301429365335416e-10,7.230718877539835,15.889951406605023,3.9999999999999916,1.0,255.99999999999946,recursive_calibrated_receiver,22.816370460669482,1.0
fixed,2,16,C,194.13766646153843,1544.2261332598914,160.0,-0.9567792542172899,5.420166236469476e-18,2.0986883667609812e-07,1.9078985152372555e-07,6.814147243839637e-08,1.1837537651712232e-06,2.537009389645181e-07,1.628244555659467e-06,38720000000.0,35200000000.0,26.926024398746375,40.70910560771105,3.5505931810646243e-10,7.309650562395438,15.796995172993453,3.9999999999999694,1.0,255.99999999999804,recursive_calibrated_receiver,22.72206767958639,1.0
fixed,2,17,C,194.18766646153844,1543.8285214647144,160.0,-0.8067792542172891,5.439363819463231e-18,2.106121670896163e-07,1.9146560644510573e-07,6.841804983203425e-08,1.2900809468971124e-06,2.6261653964831526e-07,1.7441630929905334e-06,38720000000.0,35200000000.0,26.777349821272942,40.84151383554962,5.421991820337404e-10,7.391607479060125,15.701561365019572,3.9999999999999023,1.0,255.99999999999375,recursive_calibrated_receiver,22.625222075489557,1.0
fixed,2,18,C,194.23766646153842,1543.4311143732916,160.0,-0.6567792542172901,5.45890392667965e-18,2.1136876004103604e-07,1.9215341821912366e-07,6.869919559620434e-08,1.4059356643165527e-06,2.718454538573888e-07,1.8699345363930652e-06,38720000000.0,35200000000.0,26.62495671774877,40.97370422674105,8.289127068873786e-10,7.47656799903295,15.603771686418813,3.999999999999834,1.0,255.99999999998937,recursive_calibrated_receiver,22.525954248926354,1.0
fixed,2,19,C,194.28766646153844,1543.0339118275813,160.0,-0.5067792542172901,5.478801134073881e-18,2.1213917991134067e-07,1.928537999194006e-07,6.89851000154161e-08,1.5321441708549498e-06,2.81398692107867e-07,2.0063966628822174e-06,38720000000.0,35200000000.0,26.469052777626985,41.10566776302805,1.267362232124334e-09,7.564496488826366,15.503762308709364,3.9999999999991402,1.0,255.99999999994498,recursive_calibrated_receiver,22.424399487387724,1.0
fixed,2,20,C,194.33766646153845,1542.636913669704,160.0,-0.3567792542172901,5.4990706860828705e-18,2.1292401696512876e-07,1.9356728815011704e-07,6.92759621768789e-08,1.6695892192523453e-06,2.9128765184927103e-07,2.1544441592517334e-06,38720000000.0,35200000000.0,26.30986832428249,41.237395081469934,1.9359124874778936e-09,7.655342202101154,15.401683892695887,3.999999999998213,1.0,255.99999999988563,recursive_calibrated_receiver,22.320707821946623,1.0
fixed,2,21,C,194.38766646153843,1542.2401197419435,160.0,-0.20677925421729015,5.519728547575541e-18,2.1372388936212494e-07,1.9429444487465903e-07,6.957199064720745e-08,1.8192099134260526e-06,3.015241310621928e-07,2.3150284893629047e-06,38720000000.0,35200000000.0,26.14765734646774,41.368876446757135,2.951329147990746e-09,7.749037543874468,15.297702211563218,3.9999999999942135,1.0,255.99999999962967,recursive_calibrated_receiver,22.21504469914128,1.0
fixed,2,22,C,194.43766646153844,1541.843529886745,160.0,-0.05677925421729047,5.540791458388197e-18,2.14539445268791e-07,1.9503585933526453e-07,6.987340418376698e-08,1.981999806602114e-06,3.121203423338246e-07,2.4891560082712033e-06,38720000000.0,35200000000.0,25.98269957636999,41.50010172282694,4.485948884575892e-09,7.845495601721943,15.191999439274921,3.9999999999838622,1.0,255.99999999896718,recursive_calibrated_receiver,22.10759233460748,1.0
fixed,2,23,C,194.48766646153842,1541.4471439467163,160.0,0.09322074578270974,5.562276990533422e-18,2.1537136507345412e-07,1.9579215006677648e-07,7.018043248189045e-08,2.159002504901478e-06,3.2308892742813374e-07,2.6778835823963883e-06,38720000000.0,35200000000.0,25.815303818954977,41.63106034381987,6.791361714095795e-09,7.94460676779421,15.084776233294788,3.999999999972235,1.0,255.99999999822305,recursive_calibrated_receiver,21.998551881790316,1.0
fixed,2,24,C,194.53766646153844,1541.050961764627,160.0,0.24322074578271036,5.584203608180191e-18,2.16220363708737e-07,1.9656396700794273e-07,7.049331695932583e-08,2.3513037210529316e-06,3.3444297236806367e-07,2.882310660428938e-06,38720000000.0,35200000000.0,25.645812865670187,41.7617412844166,1.0230286601625532e-08,8.046234182034437,14.976254822216681,3.999999999875937,1.0,255.99999999205997,recursive_calibrated_receiver,21.88814663269689,1.0
fixed,2,25,C,194.58766646153845,1540.6549831834075,160.0,0.39322074578271016,5.606590730511079e-18,2.1708719308538897e-07,1.9735199371399e-07,7.081231157937765e-08,2.560018259949398e-06,3.461960230477574e-07,3.1035662767111454e-06,38720000000.0,35200000000.0,25.474610503917063,41.89213302959789,1.531818855206917e-08,8.150207594190222,14.866683422084757,3.999999999778667,1.0,255.99999998583468,recursive_calibrated_receiver,21.77662658381867,1.0
fixed,2,26,C,194.63766646153843,1540.2592080461504,160.0,0.54322074578271,5.629458797570631e-18,2.1797264464193485e-07,1.9815694967448621e-07,7.113768371431775e-08,2.786269720612515e-06,3.5836210139342757e-07,3.342788771680429e-06,38720000000.0,35200000000.0,25.302131398618293,42.02222354387313,2.2775495733118556e-08,8.256315043442838,14.756342473288411,3.999999999180403,1.0,255.9999999475458,recursive_calibrated_receiver,21.66427487291688,1.0
fixed,2,27,C,194.68766646153844,1539.8636361961098,160.0,0.6932207457827099,5.652829339226673e-18,2.1887755201485677e-07,1.9897959274077889e-07,7.146971505074245e-08,3.031159623309251e-06,3.709557220921553e-07,3.601094938142185e-06,38720000000.0,35200000000.0,25.128875034519822,42.15200024002735,3.3589555925170074e-08,8.36429144511406,14.645553451558724,3.9999999984233585,1.0,255.99999989909495,recursive_calibrated_receiver,21.5514168609428,1.0
fixed,2,28,C,194.73766646153842,1539.4682674766998,160.0,0.8432207457827106,5.6767250473734255e-18,2.1980279383429904e-07,1.9982072166754457e-07,7.180870253865097e-08,3.2957209644617383e-06,3.839919099085742e-07,3.879533596037857e-06,38720000000.0,35200000000.0,24.95542557448615,42.281449947442205,4.9081956865621543e-08,8.473802675495458,14.53469142968721,3.9999999953539294,1.0,255.99999970265148,recursive_calibrated_receiver,21.438433067595668,1.0
fixed,2,29,C,194.78766646153844,1539.0731017314956,160.0,0.9932207457827102,5.701169851511685e-18,2.2074929665053245e-07,2.006811787732113e-07,7.215495938610562e-08,3.580848411121736e-06,3.974862176101009e-07,4.179015807505048e-06,38720000000.0,35200000000.0,24.78248060673403,42.41055888005328,7.097030061467978e-08,8.584422914435105,14.424203276147967,3.9999999903685883,1.0,255.99999938358965,recursive_calibrated_receiver,21.3257778970743,1.0
fixed,2,30,C,194.83766646153845,1538.6781388042334,160.0,1.1432207457827106,5.726188997847686e-18,2.217180379966624e-07,2.0156185272423854e-07,7.250881610142421e-08,3.887192615740461e-06,4.11454744522097e-07,4.5002092129867964e-06,38720000000.0,35200000000.0,24.610893701510047,42.53931260401394,1.0140201617576561e-07,8.695601565108134,14.314634613559686,3.9999999779174327,1.0,255.9999985867157,recursive_calibrated_receiver,21.214007359206168,1.0
fixed,2,31,C,194.88766646153843,1538.2833785388095,160.0,1.29322074578271,5.751809132057786e-18,2.2271004959327747e-07,2.0246368144843408e-07,7.287062158493108e-08,4.214997773091473e-06,4.259141557350993e-07,4.8433756102750065e-06,38720000000.0,35200000000.0,24.441739241061033,42.667696005145146,1.4291817725993206e-07,8.806613466803578,14.206670910731136,3.9999999500660435,1.0,255.99999680422678,recursive_calibrated_receiver,21.10382129924722,1.0
fixed,2,32,C,194.93766646153844,1537.8888207792802,160.0,1.4432207457827095,5.7780583858710905e-18,2.2372642070092862e-07,2.0338765518266238e-07,7.324074427236444e-08,4.563846037613573e-06,4.4088170198703414e-07,5.208115394783269e-06,38720000000.0,35200000000.0,24.276414763679025,42.79569325626131,1.9827240364292532e-07,8.91648117078252,14.101202388264305,3.9999999189444804,1.0,255.99999481244674,recursive_calibrated_receiver,20.996130064093613,1.0
fixed,2,33,C,194.98766646153842,1537.494465369862,160.0,1.59322074578271,5.804966467626887e-18,2.2476830162651305e-07,2.043348196604664e-07,7.361957333210663e-08,4.932241954302073e-06,4.563752402441354e-07,5.592952014206675e-06,38720000000.0,35200000000.0,24.116809813459735,42.92328778447366,2.699750027670159e-07,9.023848086712126,13.99943115827131,3.999999787871135,1.0,255.99998642375263,recursive_calibrated_receiver,20.892164489860896,1.0
fixed,2,34,C,195.03766646153844,1537.1003121549306,160.0,1.7432207457827094,5.832564756968163e-18,2.2583690738980728e-07,2.0530627944527935e-07,7.400751991846711e-08,5.316905858682977e-06,4.7241325500512024e-07,5.994625393133377e-06,38720000000.0,35200000000.0,23.96560025555118,43.05046223858555,3.6022094263905884e-07,9.12765590505894,13.902223845955016,3.9999996626172187,0.999989204161755,255.99997840750197,recursive_calibrated_receiver,20.792814806833842,0.999989204161755
fixed,2,35,C,195.08766646153845,1536.7063609790223,160.0,1.89322074578271,5.860886403836086e-18,2.2693352155653325e-07,2.0630320141503021e-07,7.440501848330336e-08,5.7114977126228695e-06,4.890148803540415e-07,6.406815794391941e-06,38720000000.0,35200000000.0,23.826798370276713,43.17719845670794,4.703002017185184e-07,9.226819880953531,13.810433675223665,3.9999993263370572,0.9999456432945004,255.99995688557166,recursive_calibrated_receiver,20.698959145533664,0.9999456432945004
fixed,2,36,C,195.13766646153843,1536.3126116868318,160.0,2.04322074578271,5.889966431934172e-18,2.2805950024449114e-07,2.0732681840408285e-07,7.481252814832175e-08,6.104114579563756e-06,5.061999227881227e-07,6.817641320755961e-06,38720000000.0,35200000000.0,23.706879255167298,43.30347743423828,5.895243330206447e-07,9.313360505040547,13.73116386278949,3.9999988778505275,0.9999080084983718,255.99992818243376,recursive_calibrated_receiver,20.617871717730573,0.9999080084983718
fixed,2,37,C,195.18766646153844,1535.919064123213,160.0,2.1932207457827095,5.919841846834071e-18,2.2921627630941523e-07,2.0837843300855932e-07,7.52305341404508e-08,6.471782220585902e-06,5.239888848478138e-07,7.204149538442275e-06,38720000000.0,35200000000.0,23.617393555714912,43.42927929236196,6.959586232773512e-07,9.378467020488134,13.672031675559733,3.9999985431821905,0.9998799247683323,255.9999067636602,recursive_calibrated_receiver,20.557362889032714,0.9998799247683323
fixed,2,38,C,195.23766646153842,1535.5257181331795,160.0,2.3432207457827112,5.950551748898077e-18,2.3040536371733354e-07,2.094594215612123e-07,7.565954929272791e-08,6.766065260999234e-06,5.424029895772594e-07,7.517927672137706e-06,38720000000.0,35200000000.0,23.582239314051307,43.55458324725223,7.423981010256508e-07,9.404168303019988,13.648806536599281,3.99999841170854,0.9998688921425757,255.99989834934655,recursive_calibrated_receiver,20.533592141306055,0.9998688921425757
fixed,2,39,C,195.28766646153844,1535.1325735619027,160.0,2.4932207457827102,5.982137451196601e-18,2.316283621103324e-07,2.1057123828212037e-07,7.610011561319082e-08,6.863255029942004e-06,5.614642058443577e-07,7.635290474068483e-06,38720000000.0,35200000000.0,23.664965107384933,43.67936758016205,6.373596053017143e-07,9.343799239465673,13.703464800771929,3.9999987210954457,0.99989485437857,255.99991815010853,recursive_calibrated_receiver,20.589530027340935,0.99989485437857
fixed,2,40,C,195.33766646153845,1534.7396302547133,160.0,2.64322074578271,6.01464260260187e-18,2.3288696157274439e-07,2.1171541961158582e-07,7.655280592431259e-08,6.2529939302743894e-06,5.811952745506256e-07,7.045904624436601e-06,38720000000.0,35200000000.0,24.163853144388714,43.80360960861922,2.4667827619764405e-07,8.992068161901038,14.029423069484476,3.999999826504816,1.0,255.99998889630822,recursive_calibrated_receiver,20.92280819425184,1.0
adaptive,1,0,C,193.33766646153845,1550.6158912890319,80.0,-3.35677925421729,2.5961999240211732e-18,1.0052486105809982e-07,9.13862373255453e-08,3.237057209317067e-08,1.3346660924876225e-07,1.4598965242012014e-07,3.708424989944277e-07,38720000000.0,35200000000.0,30.951325755860587,41.54171699713491,4.736049425961854e-13,6.300285590221341,17.071491377869858,4.0,1.0,256.0,recursive_calibrated_receiver,24.01279527300442,1.0
adaptive,1,1,C,193.38766646153843,1550.2149826065752,80.0,-3.2067792542172895,2.589921540970453e-18,1.0028176206637593e-07,9.116523824215994e-08,3.230899512302412e-08,1.5463246161206626e-07,1.5112004511892747e-07,3.9691774497315367e-07,38720000000.0,35200000000.0,30.8062155926483,41.6999862381263,5.620779990267116e-13,6.32140341120265,17.04274330863661,4.0,1.0,256.0,recursive_calibrated_receiver,23.983729870809693,1.0
adaptive,1,2,C,193.43766646153844,1549.8142811788327,80.0,-3.05677925421729,2.590206836895559e-18,1.0029280872459604e-07,9.117528065872368e-08,3.2329265013656454e-08,1.7252257627905608e-07,1.564307309330868e-07,4.201285878708666e-07,38720000000.0,35200000000.0,30.70939840238218,41.84726243277623,6.297263712495109e-13,6.335532530114501,17.023563788508667,4.0,1.0,256.0,recursive_calibrated_receiver,23.96433749668403,1.0
adaptive,1,3,C,193.48766646153842,1549.4137868451314,80.0,-2.906779254217289,2.598037599625476e-18,1.0059601585749843e-07,9.145092350681677e-08,3.244376917249641e-08,1.9018425763031775e-07,1.619280457533089e-07,4.435632268904435e-07,38720000000.0,35200000000.0,30.623665403034632,41.98190771710941,6.961077146607362e-13,6.348070427714279,17.006580809179304,4.0,1.0,256.0,recursive_calibrated_receiver,23.94716527351072,1.0
adaptive,1,4,C,193.53766646153844,1549.0134994449645,80.0,-2.7567792542172906,2.605960968167873e-18,1.0090280868746003e-07,9.172982607950912e-08,3.25595357851806e-08,2.086537000122836e-07,1.6761854812723207e-07,4.680020742190248e-07,38720000000.0,35200000000.0,30.540742966753424,42.116438702337014,7.666793097711229e-13,6.360220903573789,16.990155258942437,4.0,1.0,256.0,recursive_calibrated_receiver,23.930556002952912,1.0
adaptive,1,5,C,193.58766646153845,1548.6134188179913,80.0,-2.6067792542172894,2.6139816193283983e-18,1.0121336830039558e-07,9.201215300035962e-08,3.267662514802297e-08,2.283255344995197e-07,1.735090270840689e-07,4.938467145839482e-07,38720000000.0,35200000000.0,30.457299056967074,42.2508487847053,8.446098703752585e-13,6.372471266470131,16.9736270912945,4.0,1.0,256.0,recursive_calibrated_receiver,23.913842281839575,1.0
adaptive,1,6,C,193.63766646153843,1548.213544804036,80.0,-2.456779254217289,2.6221043226826528e-18,1.0152787937427231e-07,9.229807215842938e-08,3.279509883936897e-08,2.4946898701219505e-07,1.7960651023422806e-07,5.213735694048525e-07,38720000000.0,35200000000.0,30.371730633818864,42.3851313044167,9.32404523904288e-13,6.3850580326957385,16.956678818865132,4.0,1.0,256.0,recursive_calibrated_receiver,23.89670302309356,1.0
adaptive,1,7,C,193.68766646153844,1547.8138772430889,80.0,-2.30677925421729,2.6303339504895078e-18,1.0184653056295374e-07,9.258775505723067e-08,3.291501984672151e-08,2.7230955193634097e-07,1.8591827215357456e-07,5.508155791471462e-07,38720000000.0,35200000000.0,30.28315859329706,42.51927953284184,1.0324886762590547e-12,6.398112804829411,16.939136387696525,4.0,1.0,256.0,recursive_calibrated_receiver,23.878962143171815,1.0
adaptive,1,8,C,193.73766646153842,1547.4144159753055,80.0,-2.1567792542172897,2.6386754887508366e-18,1.021695149244324e-07,9.288137720402945e-08,3.303645270860683e-08,2.9705932836289246e-07,1.9245184306233108e-07,5.82392548629253e-07,38720000000.0,35200000000.0,30.19106264780673,42.65328665826541,1.1474667492397436e-12,6.411715277203676,16.920896839001895,4.0,1.0,256.0,recursive_calibrated_receiver,23.860515429055283,1.0
adaptive,1,9,C,193.78766646153844,1547.0151608410054,80.0,-2.0067792542172906,2.647134049405739e-18,1.0249703039299021e-07,9.317911853908202e-08,3.3159463671083106e-08,3.2393084172415075e-07,1.992150178089744e-07,6.163249780722071e-07,38720000000.0,35200000000.0,30.095123056483295,42.78714577023702,1.2802826572982226e-12,6.425916207490406,16.901896952324485,4.0,1.0,256.0,recursive_calibrated_receiver,23.84129883700904,1.0
adaptive,1,10,C,193.83766646153845,1546.6161116806743,80.0,-1.8567792542172894,2.655714883648815e-18,1.0282928029488212e-07,9.348116390443829e-08,3.32841208588125e-08,3.5314445903160494e-07,2.0621586516984587e-07,6.528414881058891e-07,38720000000.0,35200000000.0,29.99514328521627,42.920849842597526,1.43435099366064e-12,6.440748631719645,16.8820979224514,4.0,1.0,256.0,recursive_calibrated_receiver,23.821273001472203,1.0
adaptive,1,11,C,193.88766646153843,1546.2172683349609,80.0,-1.7067792542172902,2.6644233963645876e-18,1.0316647390723683e-07,9.378770355203349e-08,3.3410494460649403e-08,3.849329859296068e-07,2.1346273747556965e-07,6.9218342695721e-07,38720000000.0,35200000000.0,29.891008778680643,43.054391715249196,1.6136857060837477e-12,6.456233829892019,16.86147719072013,4.0,1.0,256.0,recursive_calibrated_receiver,23.800414977142232,1.0
adaptive,1,12,C,193.93766646153844,1545.8186306446798,80.0,-1.55677925421729,2.6732651616725886e-18,1.0350882705996263e-07,9.409893369087511e-08,3.3538656929726103e-08,4.1954490591078686e-07,2.2096428057576512e-07,7.346081201774271e-07,38720000000.0,35200000000.0,29.782663499581087,43.18776407473607,1.8230393358067608e-12,6.47238470623676,16.840023796229225,4.0,1.0,256.0,recursive_calibrated_receiver,23.778713539812017,1.0
adaptive,1,13,C,193.98766646153842,1545.4201984508086,80.0,-1.40677925421729,2.682245939581558e-18,1.0385656278059792e-07,9.441505707327084e-08,3.366868319806841e-08,4.572469152557725e-07,2.2872944415393993e-07,7.803914164829832e-07,38720000000.0,35200000000.0,29.670095906299785,43.320959433697425,2.0680608923267387e-12,6.489207793755069,16.817735596843825,4.0,1.0,256.0,recursive_calibrated_receiver,23.75616637770851,1.0
adaptive,1,14,C,194.03766646153844,1545.0219715944893,80.0,-1.2567792542172898,2.691371693754411e-18,1.042099119821708e-07,9.473628362015527e-08,3.38006509058118e-08,4.983260629075927e-07,2.367674924048714e-07,8.298298389326194e-07,38720000000.0,35200000000.0,29.553330274900013,43.453970109254556,2.3554785011398382e-12,6.506704477597287,16.794617548878044,4.0,1.0,256.0,recursive_calibrated_receiver,23.73277835329983,1.0
adaptive,1,15,C,194.08766646153845,1544.623949917027,80.0,-1.1067792542172896,2.7006486103903816e-18,1.0456911419431557e-07,9.506283108574143e-08,3.393464064515005e-08,5.430916408119403e-07,2.4508801508721367e-07,8.832424869848954e-07,38720000000.0,35200000000.0,29.43242122640513,43.58678820038695,2.6933121768898743e-12,6.524871747757222,16.770680621651167,4.0,1.0,256.0,recursive_calibrated_receiver,23.708560407115424,1.0
adaptive,1,16,C,194.13766646153843,1544.2261332598914,80.0,-0.9567792542172899,2.710083118234738e-18,1.0493441833804906e-07,9.539492576186277e-08,3.407073621919819e-08,5.918768825856116e-07,2.537009389645181e-07,9.409727473119924e-07,38720000000.0,35200000000.0,29.307450291142565,43.719405564350865,3.09112166089314e-12,6.543702650388157,16.7459411154585,4.0,1.0,256.0,recursive_calibrated_receiver,23.683528869588006,1.0
adaptive,1,17,C,194.18766646153844,1543.8285214647144,80.0,-0.8067792542172891,2.7196819097316155e-18,1.0530608354480815e-07,9.573280322255287e-08,3.4209024916017124e-08,6.450404734485562e-07,2.6261653964831526e-07,1.0033898163194243e-06,38720000000.0,35200000000.0,29.178523856389035,43.85181379218943,3.5602938049743978e-12,6.563186532108936,16.72042025341369,4.0,1.0,256.0,recursive_calibrated_receiver,23.657705049969238,1.0
adaptive,1,18,C,194.23766646153842,1543.4311143732916,80.0,-0.6567792542172901,2.729451963339825e-18,1.0568438002051802e-07,9.607670910956183e-08,3.434959779810217e-08,7.029678321582763e-07,2.718454538573888e-07,1.070889995125227e-06,38720000000.0,35200000000.0,29.04577213423147,43.98400418338086,4.114373160253533e-12,6.5833091291642925,16.69414397519971,4.0,1.0,256.0,recursive_calibrated_receiver,23.63111502959342,1.0
adaptive,1,19,C,194.28766646153844,1543.0339118275813,80.0,-0.5067792542172901,2.7394005670369406e-18,1.0606958995567034e-07,9.64268999597003e-08,3.449255000770805e-08,7.660720854274749e-07,2.81398692107867e-07,1.1438976774950422e-06,38720000000.0,35200000000.0,28.909348963509238,44.115967719667864,4.7694378851578404e-12,6.604052527217479,16.667142895811903,4.0,1.0,256.0,recursive_calibrated_receiver,23.60378962220675,1.0
adaptive,1,20,C,194.33766646153845,1542.636913669704,80.0,-0.3567792542172901,2.7495353430414353e-18,1.0646200848256438e-07,9.678364407505852e-08,3.463798108843945e-08,8.347946096261727e-07,2.9128765184927103e-07,1.2228659055505022e-06,38720000000.0,35200000000.0,28.769432378791407,44.24769503810975,5.5445203502558174e-12,6.625394999728558,16.639452415954107,4.0,1.0,256.0,recursive_calibrated_receiver,23.575764487932815,1.0
adaptive,1,21,C,194.38766646153843,1542.2401197419435,80.0,-0.20677925421729015,2.7598642737877705e-18,1.0686194468106247e-07,9.714722243732952e-08,3.478599532360372e-08,9.096049567130263e-07,3.015241310621928e-07,1.3082763102125486e-06,38720000000.0,35200000000.0,28.626225971591296,44.37917640339695,6.462067213359596e-12,6.647310718739316,16.61111298900317,4.0,1.0,256.0,recursive_calibrated_receiver,23.547080405922348,1.0
adaptive,1,22,C,194.43766646153844,1541.843529886745,80.0,-0.05677925421729047,2.7703957291940984e-18,1.072697226343955e-07,9.751792966763226e-08,3.493670209188349e-08,9.90999903301057e-07,3.121203423338246e-07,1.4006381753025139e-06,38720000000.0,35200000000.0,28.479961154270118,44.51040167946675,7.548426270951354e-12,6.6697693184695765,16.582170566315455,4.0,1.0,256.0,recursive_calibrated_receiver,23.517783727810563,1.0
adaptive,1,23,C,194.48766646153842,1541.4471439467163,80.0,0.09322074578270974,2.781138495266711e-18,1.0768568253672706e-07,9.789607503338824e-08,3.5090216240945227e-08,1.079501252450739e-06,3.2308892742813374e-07,1.500486254912261e-06,38720000000.0,35200000000.0,28.330900531200317,44.64136030045968,8.834335571208305e-12,6.692735276979718,16.55267726125112,4.0,1.0,256.0,recursive_calibrated_receiver,23.487927052957385,1.0
adaptive,1,24,C,194.53766646153844,1541.050961764627,80.0,0.24322074578271036,2.7921018040900956e-18,1.081101818543685e-07,9.828198350397137e-08,3.5246658479662914e-08,1.1756518605264658e-06,3.3444297236806367e-07,1.608376816398501e-06,38720000000.0,35200000000.0,28.179342701466304,44.772041241056414,1.0355371843434302e-11,6.716167061612881,16.52269229594305,4.0,1.0,256.0,recursive_calibrated_receiver,23.457570190422985,1.0
adaptive,1,25,C,194.58766646153845,1540.6549831834075,80.0,0.39322074578271016,2.8032953652555395e-18,1.0854359654269449e-07,9.8675996856995e-08,3.540615578968882e-08,1.280009129974699e-06,3.461960230477574e-07,1.7248811498794516e-06,38720000000.0,35200000000.0,28.025628984905687,44.902432986237706,1.2152286797168128e-11,6.740015956397473,16.49228332793093,4.0,1.0,256.0,recursive_calibrated_receiver,23.426781506186273,1.0
adaptive,1,26,C,194.63766646153843,1540.2592080461504,80.0,0.54322074578271,2.8147293987853156e-18,1.0898632232096742e-07,9.907847483724311e-08,3.5568841857158873e-08,1.3931348603062576e-06,3.5836210139342757e-07,1.8505754365369282e-06,38720000000.0,35200000000.0,27.87015281281176,45.032523500512944,1.9249591551373252e-11,6.809993165645302,16.403689428642394,4.0,1.0,256.0,recursive_calibrated_receiver,23.33706647870178,1.0
adaptive,1,27,C,194.68766646153844,1539.8636361961098,80.0,0.6932207457827099,2.8264146696133365e-18,1.0943877600742839e-07,9.948979637038944e-08,3.5734857525371225e-08,1.5155798116546255e-06,3.709557220921553e-07,1.9860253301171704e-06,38720000000.0,35200000000.0,27.713372913152025,45.16230019666716,3.213326824914601e-11,6.890535012940409,16.30286729363791,4.0,1.0,256.0,recursive_calibrated_receiver,23.234941123104242,1.0
adaptive,1,28,C,194.73766646153842,1539.4682674766998,80.0,0.8432207457827106,2.8383625236867128e-18,1.0990139691714952e-07,9.991036083377228e-08,3.5904351269325486e-08,1.6478604822308691e-06,3.839919099085742e-07,2.1317627529732155e-06,38720000000.0,35200000000.0,27.555832048090227,45.29174990408202,5.3145785705506644e-11,6.972427321534913,16.20158535370228,4.0,1.0,256.0,recursive_calibrated_receiver,23.132320079842327,1.0
adaptive,1,29,C,194.78766646153844,1539.0731017314956,80.0,0.9932207457827102,2.8505849257558425e-18,1.1037464832526622e-07,1.0034058938660565e-07,3.607747969305281e-08,1.790424205560868e-06,3.974862176101009e-07,2.2882510125575746e-06,38720000000.0,35200000000.0,27.398184113675793,45.42085883669309,8.692271541540812e-11,7.055349551440539,16.100264872910536,3.9999999999999996,1.0,255.99999999999997,recursive_calibrated_receiver,23.02962929233555,1.0
adaptive,1,30,C,194.83766646153845,1538.6781388042334,80.0,1.1432207457827106,2.863094498923843e-18,1.108590189983312e-07,1.0078092636211927e-07,3.6254408050712107e-08,1.9435963078702304e-06,4.11454744522097e-07,2.4558319787544468e-06,38720000000.0,35200000000.0,27.24123424322478,45.54961256065375,1.4028161864682422e-10,7.138884228576796,15.99942378357921,3.9999999999999964,1.0,255.99999999999977,recursive_calibrated_receiver,22.92739321892573,1.0
adaptive,1,31,C,194.88766646153843,1538.2833785388095,80.0,1.29322074578271,2.875904566028893e-18,1.1135502479663874e-07,1.0123184072421704e-07,3.643531079246554e-08,2.1074988865457367e-06,4.259141557350993e-07,2.634644883005053e-06,38720000000.0,35200000000.0,27.085999885191505,45.67799596178496,2.228155491471978e-10,7.2224786890535,15.899715734730997,3.999999999999992,1.0,255.9999999999995,recursive_calibrated_receiver,22.826274618585305,1.0
adaptive,1,32,C,194.93766646153844,1537.8888207792802,80.0,1.4432207457827095,2.8890291929355452e-18,1.1186321035046431e-07,1.0169382759133119e-07,3.662037213618222e-08,2.2819230188067866e-06,4.4088170198703414e-07,2.824498548385152e-06,38720000000.0,35200000000.0,26.933807187059532,45.805993212901114,3.471887769962527e-10,7.305385415517115,15.801991736327013,3.999999999999973,1.0,255.99999999999827,recursive_calibrated_receiver,22.727137334725516,1.0
adaptive,1,33,C,194.98766646153842,1537.494465369862,80.0,1.59322074578271,2.9024832338134434e-18,1.1238415081325653e-07,1.021674098302332e-07,3.6809786666053315e-08,2.4661209771510363e-06,4.563752402441354e-07,3.024663627225405e-06,38720000000.0,35200000000.0,26.78644990784036,45.93358774111347,5.284694226954846e-10,7.38656475588735,15.70740183270991,3.9999999999999067,1.0,255.99999999999403,recursive_calibrated_receiver,22.631149809712394,1.0
adaptive,1,34,C,195.03766646153844,1537.1003121549306,80.0,1.7432207457827094,2.9162823784840816e-18,1.1291845369490364e-07,1.0265313972263967e-07,3.7003759959233556e-08,2.6584529293414884e-06,4.7241325500512024e-07,3.233519324069248e-06,38720000000.0,35200000000.0,26.646466138686424,46.060762195225365,7.811552000436693e-10,7.464517371347093,15.617572215755525,3.9999999999998437,1.0,255.99999999999,recursive_calibrated_receiver,22.53996533878368,1.0
adaptive,1,35,C,195.08766646153845,1536.7063609790223,80.0,1.89322074578271,2.930443201918043e-18,1.1346676077826663e-07,1.0315160070751511e-07,3.720250924165168e-08,2.8557488563114348e-06,4.890148803540415e-07,3.4479153373729915e-06,38720000000.0,35200000000.0,26.517654812780176,46.187498413347754,1.1113942238917483e-09,7.536974986447823,15.534935937351475,3.999999999999423,1.0,255.99999999996308,recursive_calibrated_receiver,22.45605852106204,1.0
adaptive,1,36,C,195.13766646153843,1536.3126116868318,80.0,2.04322074578271,2.944983215967086e-18,1.1402975012224557e-07,1.0366340920204143e-07,3.7406264074160874e-08,3.052057289781878e-06,5.061999227881227e-07,3.6619206217720424e-06,38720000000.0,35200000000.0,26.406131485667217,46.313777390878094,1.5001582581896179e-09,7.60027577032689,15.463409172855094,3.9999999999987734,1.0,255.9999999999215,recursive_calibrated_receiver,22.383412987651507,1.0
adaptive,1,37,C,195.18766646153844,1535.919064123213,80.0,2.1932207457827095,2.9599209234170356e-18,1.1460813815470762e-07,1.0418921650427966e-07,3.76152670702254e-08,3.235891110292951e-06,5.239888848478138e-07,3.864069211645045e-06,38720000000.0,35200000000.0,26.32277177858022,46.439579249001774,1.871245863141159e-09,7.647937810562344,15.409956997067109,3.999999999998288,1.0,255.99999999989043,recursive_calibrated_receiver,22.329113043926302,1.0
adaptive,1,38,C,195.23766646153842,1535.5257181331795,80.0,2.3432207457827112,2.9752758744490383e-18,1.1520268185866677e-07,1.0472971078060615e-07,3.7829774646363956e-08,3.383032630499617e-06,5.424029895772594e-07,4.030165330857482e-06,38720000000.0,35200000000.0,26.289992118599187,46.564883203892045,2.039667807276536e-09,7.666761797175835,15.388940648210303,3.999999999998097,1.0,255.9999999998782,recursive_calibrated_receiver,22.307760597348683,1.0
adaptive,1,39,C,195.28766646153844,1535.1325735619027,80.0,2.4932207457827102,2.9910687255983005e-18,1.158141810551662e-07,1.0528561914106018e-07,3.805005780659541e-08,3.431627514971002e-06,5.614642058443577e-07,4.09837733995642e-06,38720000000.0,35200000000.0,26.367101329297533,46.68966753680186,1.664287294806405e-09,7.622554698274296,15.438380896264079,3.999999999998546,1.0,255.99999999990695,recursive_calibrated_receiver,22.35798901042654,1.0
adaptive,1,40,C,195.33766646153845,1534.7396302547133,80.0,2.64322074578271,3.007321301300935e-18,1.1644348078637219e-07,1.0585770980579291e-07,3.827640296215629e-08,3.1264969651371947e-06,5.811952745506256e-07,3.8135499494936133e-06,38720000000.0,35200000000.0,26.829926354708494,46.813909565259024,4.673014287424062e-10,7.362520151718713,15.735306711823672,3.999999999999926,1.0,255.99999999999523,recursive_calibrated_receiver,22.659470070193244,1.0
adaptive,2,0,C,193.33766646153845,1550.6158912890319,160.0,-3.35677925421729,5.1923998480423465e-18,2.0104972211619965e-07,1.827724746510906e-07,6.474114418634134e-08,2.669332184975245e-07,1.4598965242012014e-07,5.956953455687352e-07,38720000000.0,35200000000.0,28.89297867801084,38.5314170404951,4.8544499392161e-12,6.606546047746973,16.66390299479,4.0,1.0,256.0,recursive_calibrated_receiver,23.60051067246594,1.0
adaptive,2,1,C,193.38766646153843,1550.2149826065752,160.0,-3.2067792542172895,5.179843081940906e-18,2.0056352413275186e-07,1.8233047648431989e-07,6.461799024604824e-08,3.092649232241325e-07,1.5112004511892747e-07,6.427154448273799e-07,38720000000.0,35200000000.0,28.713033381925158,38.68968628148649,5.889901530144476e-12,6.634017432194522,16.6282912378271,4.0,1.0,256.0,recursive_calibrated_receiver,23.564467832405672,1.0
adaptive,2,2,C,193.43766646153844,1549.8142811788327,160.0,-3.05677925421729,5.180413673791118e-18,2.005856174491921e-07,1.8235056131744737e-07,6.465853002731291e-08,3.4504515255811215e-07,1.564307309330868e-07,6.838264448086464e-07,38720000000.0,35200000000.0,28.59376182837792,38.83696247613642,6.6894221906482765e-12,6.652288968689331,16.604688890395224,4.0,1.0,256.0,recursive_calibrated_receiver,23.540577874614296,1.0
adaptive,2,3,C,193.48766646153842,1549.4137868451314,160.0,-2.906779254217289,5.196075199250952e-18,2.0119203171499687e-07,1.8290184701363353e-07,6.488753834499282e-08,3.803685152606355e-07,1.619280457533089e-07,7.25198408027578e-07,38720000000.0,35200000000.0,28.48865232527107,38.971607760469595,7.479263998327626e-12,6.668432692829593,16.583890284441082,4.0,1.0,256.0,recursive_calibrated_receiver,23.519524559569646,1.0
adaptive,2,4,C,193.53766646153844,1549.0134994449645,160.0,-2.7567792542172906,5.211921936335746e-18,2.0180561737492006e-07,1.8345965215901824e-07,6.51190715703612e-08,4.173074000245672e-07,1.6761854812723207e-07,7.683856003108175e-07,38720000000.0,35200000000.0,28.387428570717887,39.1061387456972,8.323770740957437e-12,6.684016637121112,16.563861684379813,4.0,1.0,256.0,recursive_calibrated_receiver,23.499249555582196,1.0
adaptive,2,5,C,193.58766646153845,1548.6134188179913,160.0,-2.6067792542172894,5.2279632386567965e-18,2.0242673660079116e-07,1.8402430600071924e-07,6.535325029604594e-08,4.566510689990394e-07,1.735090270840689e-07,8.141844020838275e-07,38720000000.0,35200000000.0,28.285992965469397,39.24054882806549,9.261170716336322e-12,6.699669730694718,16.543792264811653,4.0,1.0,256.0,recursive_calibrated_receiver,23.478932118139166,1.0
adaptive,2,6,C,193.63766646153843,1548.213544804036,160.0,-2.456779254217289,5.2442086453653056e-18,2.0305575874854463e-07,1.8459614431685876e-07,6.559019767873794e-08,4.989379740243901e-07,1.7960651023422806e-07,8.631406285754769e-07,38720000000.0,35200000000.0,28.18240514971115,39.37483134777689,1.0322295540627465e-11,6.715692776915301,16.523298161692793,4.0,1.0,256.0,recursive_calibrated_receiver,23.458183595355944,1.0
adaptive,2,7,C,193.68766646153844,1547.8138772430889,160.0,-2.30677925421729,5.2606679009790155e-18,2.0369306112590748e-07,1.8517551011446135e-07,6.583003969344301e-08,5.446191038726819e-07,1.8591827215357456e-07,9.157128861407178e-07,38720000000.0,35200000000.0,28.075627488479373,39.50897957620203,1.1537379067937716e-11,6.732249341197988,16.502174181011274,4.0,1.0,256.0,recursive_calibrated_receiver,23.436796150118397,1.0
adaptive,2,8,C,193.73766646153842,1547.4144159753055,160.0,-2.1567792542172897,5.277350977501673e-18,2.043390298488648e-07,1.857627544080589e-07,6.607290541721366e-08,5.941186567257849e-07,1.9245184306233108e-07,9.723332541961749e-07,38720000000.0,35200000000.0,27.965069355229602,39.6429867016256,1.4034145180483243e-11,6.7616903223914075,16.464742429621765,4.0,1.0,256.0,recursive_calibrated_receiver,23.39889446601105,1.0
adaptive,2,9,C,193.78766646153844,1547.0151608410054,160.0,-2.0067792542172906,5.294268098811478e-18,2.0499406078598042e-07,1.8635823707816403e-07,6.631892734216621e-08,6.478616834483015e-07,1.992150178089744e-07,1.03343493833544e-06,38720000000.0,35200000000.0,27.85038934506433,39.7768458135972,2.054739526583825e-11,6.820094077993064,16.390978327975006,4.0,1.0,256.0,recursive_calibrated_receiver,23.3241926908251,1.0
adaptive,2,10,C,193.83766646153845,1546.6161116806743,160.0,-1.8567792542172894,5.31142976729763e-18,2.0565856058976423e-07,1.8696232780887657e-07,6.6568241717625e-08,7.062889180632099e-07,2.0621586516984587e-07,1.0994671110419324e-06,38720000000.0,35200000000.0,27.731398319743562,39.910549885957714,3.031303836384478e-11,6.881226648068091,16.314457604435212,4.0,1.0,256.0,recursive_calibrated_receiver,23.246682749817527,1.0
adaptive,2,11,C,193.88766646153843,1546.2172683349609,160.0,-1.7067792542172902,5.328846792729175e-18,2.0633294781447365e-07,1.8757540710406698e-07,6.682098892129881e-08,7.698659718592136e-07,2.1346273747556965e-07,1.1709041164388503e-06,38720000000.0,35200000000.0,27.608007417659024,40.04409175860938,4.504626533833455e-11,6.945198488263932,16.235125220232337,4.0,1.0,256.0,recursive_calibrated_receiver,23.16630675914376,1.0
adaptive,2,12,C,193.93766646153844,1545.8186306446798,160.0,-1.55677925421729,5.346530323345177e-18,2.0701765411992525e-07,1.8819786738175023e-07,6.707731385945221e-08,8.390898118215737e-07,2.2096428057576512e-07,1.248251959779089e-06,38720000000.0,35200000000.0,27.480198180000713,40.17746411809626,6.738979396601394e-11,7.0120881212689,16.152971571791554,3.9999999999999996,1.0,255.99999999999997,recursive_calibrated_receiver,23.08305269486107,1.0
adaptive,2,13,C,193.98766646153842,1545.4201984508086,160.0,-1.40677925421729,5.364491879163116e-18,2.0771312556119583e-07,1.8883011414654167e-07,6.733736639613682e-08,9.14493830511545e-07,2.2872944415393993e-07,1.3320533888120266e-06,38720000000.0,35200000000.0,27.348004428357346,40.31065947705761,1.0141755855115292e-10,7.081950234295002,16.0680208029929,3.9999999999999996,1.0,255.99999999999997,recursive_calibrated_receiver,22.996942588121293,1.0
adaptive,2,14,C,194.03766646153844,1545.0219715944893,160.0,-1.2567792542172898,5.382743387508822e-18,2.084198239643416e-07,1.8947256724031054e-07,6.76013018116236e-08,9.966521258151854e-07,2.367674924048714e-07,1.4228921854603674e-06,38720000000.0,35200000000.0,27.211500803502894,40.44367015261474,1.5340669081289565e-10,7.15482057196861,15.980323407213046,3.9999999999999956,1.0,255.99999999999972,recursive_calibrated_receiver,22.90802505941468,1.0
adaptive,2,15,C,194.08766646153845,1544.623949917027,160.0,-1.1067792542172896,5.401297220780763e-18,2.0913822838863114e-07,1.9012566217148286e-07,6.78692812903001e-08,1.0861832816238805e-06,2.4508801508721367e-07,1.5213969588825771e-06,38720000000.0,35200000000.0,27.070795307687984,40.576488243747136,2.3301429365335416e-10,7.230718877539835,15.889951406605023,3.9999999999999916,1.0,255.99999999999946,recursive_calibrated_receiver,22.816370460669482,1.0
adaptive,2,16,C,194.13766646153843,1544.2261332598914,160.0,-0.9567792542172899,5.420166236469476e-18,2.0986883667609812e-07,1.9078985152372555e-07,6.814147243839637e-08,1.1837537651712232e-06,2.537009389645181e-07,1.628244555659467e-06,38720000000.0,35200000000.0,26.926024398746375,40.70910560771105,3.5505931810646243e-10,7.309650562395438,15.796995172993453,3.9999999999999694,1.0,255.99999999999804,recursive_calibrated_receiver,22.72206767958639,1.0
adaptive,2,17,C,194.18766646153844,1543.8285214647144,160.0,-0.8067792542172891,5.439363819463231e-18,2.106121670896163e-07,1.9146560644510573e-07,6.841804983203425e-08,1.2900809468971124e-06,2.6261653964831526e-07,1.7441630929905334e-06,38720000000.0,35200000000.0,26.777349821272942,40.84151383554962,5.421991820337404e-10,7.391607479060125,15.701561365019572,3.9999999999999023,1.0,255.99999999999375,recursive_calibrated_receiver,22.625222075489557,1.0
adaptive,2,18,C,194.23766646153842,1543.4311143732916,160.0,-0.6567792542172901,5.45890392667965e-18,2.1136876004103604e-07,1.9215341821912366e-07,6.869919559620434e-08,1.4059356643165527e-06,2.718454538573888e-07,1.8699345363930652e-06,38720000000.0,35200000000.0,26.62495671774877,40.97370422674105,8.289127068873786e-10,7.47656799903295,15.603771686418813,3.999999999999834,1.0,255.99999999998937,recursive_calibrated_receiver,22.525954248926354,1.0
adaptive,2,19,C,194.28766646153844,1543.0339118275813,160.0,-0.5067792542172901,5.478801134073881e-18,2.1213917991134067e-07,1.928537999194006e-07,6.89851000154161e-08,1.5321441708549498e-06,2.81398692107867e-07,2.0063966628822174e-06,38720000000.0,35200000000.0,26.469052777626985,41.10566776302805,1.267362232124334e-09,7.564496488826366,15.503762308709364,3.9999999999991402,1.0,255.99999999994498,recursive_calibrated_receiver,22.424399487387724,1.0
adaptive,2,20,C,194.33766646153845,1542.636913669704,160.0,-0.3567792542172901,5.4990706860828705e-18,2.1292401696512876e-07,1.9356728815011704e-07,6.92759621768789e-08,1.6695892192523453e-06,2.9128765184927103e-07,2.1544441592517334e-06,38720000000.0,35200000000.0,26.30986832428249,41.237395081469934,1.9359124874778936e-09,7.655342202101154,15.401683892695887,3.999999999998213,1.0,255.99999999988563,recursive_calibrated_receiver,22.320707821946623,1.0
adaptive,2,21,C,194.38766646153843,1542.2401197419435,160.0,-0.20677925421729015,5.519728547575541e-18,2.1372388936212494e-07,1.9429444487465903e-07,6.957199064720745e-08,1.8192099134260526e-06,3.015241310621928e-07,2.3150284893629047e-06,38720000000.0,35200000000.0,26.14765734646774,41.368876446757135,2.951329147990746e-09,7.749037543874468,15.297702211563218,3.9999999999942135,1.0,255.99999999962967,recursive_calibrated_receiver,22.21504469914128,1.0
adaptive,2,22,C,194.43766646153844,1541.843529886745,160.0,-0.05677925421729047,5.540791458388197e-18,2.14539445268791e-07,1.9503585933526453e-07,6.987340418376698e-08,1.981999806602114e-06,3.121203423338246e-07,2.4891560082712033e-06,38720000000.0,35200000000.0,25.98269957636999,41.50010172282694,4.485948884575892e-09,7.845495601721943,15.191999439274921,3.9999999999838622,1.0,255.99999999896718,recursive_calibrated_receiver,22.10759233460748,1.0
adaptive,2,23,C,194.48766646153842,1541.4471439467163,160.0,0.09322074578270974,5.562276990533422e-18,2.1537136507345412e-07,1.9579215006677648e-07,7.018043248189045e-08,2.159002504901478e-06,3.2308892742813374e-07,2.6778835823963883e-06,38720000000.0,35200000000.0,25.815303818954977,41.63106034381987,6.791361714095795e-09,7.94460676779421,15.084776233294788,3.999999999972235,1.0,255.99999999822305,recursive_calibrated_receiver,21.998551881790316,1.0
adaptive,2,24,C,194.53766646153844,1541.050961764627,160.0,0.24322074578271036,5.584203608180191e-18,2.16220363708737e-07,1.9656396700794273e-07,7.049331695932583e-08,2.3513037210529316e-06,3.3444297236806367e-07,2.882310660428938e-06,38720000000.0,35200000000.0,25.645812865670187,41.7617412844166,1.0230286601625532e-08,8.046234182034437,14.976254822216681,3.999999999875937,1.0,255.99999999205997,recursive_calibrated_receiver,21.88814663269689,1.0
adaptive,2,25,C,194.58766646153845,1540.6549831834075,160.0,0.39322074578271016,5.606590730511079e-18,2.1708719308538897e-07,1.9735199371399e-07,7.081231157937765e-08,2.560018259949398e-06,3.461960230477574e-07,3.1035662767111454e-06,38720000000.0,35200000000.0,25.474610503917063,41.89213302959789,1.531818855206917e-08,8.150207594190222,14.866683422084757,3.999999999778667,1.0,255.99999998583468,recursive_calibrated_receiver,21.77662658381867,1.0
adaptive,2,26,C,194.63766646153843,1540.2592080461504,160.0,0.54322074578271,5.629458797570631e-18,2.1797264464193485e-07,1.9815694967448621e-07,7.113768371431775e-08,2.786269720612515e-06,3.5836210139342757e-07,3.342788771680429e-06,38720000000.0,35200000000.0,25.302131398618293,42.02222354387313,2.2775495733118556e-08,8.256315043442838,14.756342473288411,3.999999999180403,1.0,255.9999999475458,recursive_calibrated_receiver,21.66427487291688,1.0
adaptive,2,27,C,194.68766646153844,1539.8636361961098,160.0,0.6932207457827099,5.652829339226673e-18,2.1887755201485677e-07,1.9897959274077889e-07,7.146971505074245e-08,3.031159623309251e-06,3.709557220921553e-07,3.601094938142185e-06,38720000000.0,35200000000.0,25.128875034519822,42.15200024002735,3.3589555925170074e-08,8.36429144511406,14.645553451558724,3.9999999984233585,1.0,255.99999989909495,recursive_calibrated_receiver,21.5514168609428,1.0
adaptive,2,28,C,194.73766646153842,1539.4682674766998,160.0,0.8432207457827106,5.6767250473734255e-18,2.1980279383429904e-07,1.9982072166754457e-07,7.180870253865097e-08,3.2957209644617383e-06,3.839919099085742e-07,3.879533596037857e-06,38720000000.0,35200000000.0,24.95542557448615,42.281449947442205,4.9081956865621543e-08,8.473802675495458,14.53469142968721,3.9999999953539294,1.0,255.99999970265148,recursive_calibrated_receiver,21.438433067595668,1.0
adaptive,2,29,C,194.78766646153844,1539.0731017314956,160.0,0.9932207457827102,5.701169851511685e-18,2.2074929665053245e-07,2.006811787732113e-07,7.215495938610562e-08,3.580848411121736e-06,3.974862176101009e-07,4.179015807505048e-06,38720000000.0,35200000000.0,24.78248060673403,42.41055888005328,7.097030061467978e-08,8.584422914435105,14.424203276147967,3.9999999903685883,1.0,255.99999938358965,recursive_calibrated_receiver,21.3257778970743,1.0
adaptive,2,30,C,194.83766646153845,1538.6781388042334,160.0,1.1432207457827106,5.726188997847686e-18,2.217180379966624e-07,2.0156185272423854e-07,7.250881610142421e-08,3.887192615740461e-06,4.11454744522097e-07,4.5002092129867964e-06,38720000000.0,35200000000.0,24.610893701510047,42.53931260401394,1.0140201617576561e-07,8.695601565108134,14.314634613559686,3.9999999779174327,1.0,255.9999985867157,recursive_calibrated_receiver,21.214007359206168,1.0
adaptive,2,31,C,194.88766646153843,1538.2833785388095,160.0,1.29322074578271,5.751809132057786e-18,2.2271004959327747e-07,2.0246368144843408e-07,7.287062158493108e-08,4.214997773091473e-06,4.259141557350993e-07,4.8433756102750065e-06,38720000000.0,35200000000.0,24.441739241061033,42.667696005145146,1.4291817725993206e-07,8.806613466803578,14.206670910731136,3.9999999500660435,1.0,255.99999680422678,recursive_calibrated_receiver,21.10382129924722,1.0
adaptive,2,32,C,194.93766646153844,1537.8888207792802,160.0,1.4432207457827095,5.7780583858710905e-18,2.2372642070092862e-07,2.0338765518266238e-07,7.324074427236444e-08,4.563846037613573e-06,4.4088170198703414e-07,5.208115394783269e-06,38720000000.0,35200000000.0,24.276414763679025,42.79569325626131,1.9827240364292532e-07,8.91648117078252,14.101202388264305,3.9999999189444804,1.0,255.99999481244674,recursive_calibrated_receiver,20.996130064093613,1.0
adaptive,2,33,C,194.98766646153842,1537.494465369862,160.0,1.59322074578271,5.804966467626887e-18,2.2476830162651305e-07,2.043348196604664e-07,7.361957333210663e-08,4.932241954302073e-06,4.563752402441354e-07,5.592952014206675e-06,38720000000.0,35200000000.0,24.116809813459735,42.92328778447366,2.699750027670159e-07,9.023848086712126,13.99943115827131,3.999999787871135,1.0,255.99998642375263,recursive_calibrated_receiver,20.892164489860896,1.0
adaptive,2,34,C,195.03766646153844,1537.1003121549306,160.0,1.7432207457827094,5.832564756968163e-18,2.2583690738980728e-07,2.0530627944527935e-07,7.400751991846711e-08,5.316905858682977e-06,4.7241325500512024e-07,5.994625393133377e-06,38720000000.0,35200000000.0,23.96560025555118,43.05046223858555,3.6022094263905884e-07,9.12765590505894,13.902223845955016,3.9999996626172187,0.999989204161755,255.99997840750197,recursive_calibrated_receiver,20.792814806833842,0.999989204161755
adaptive,2,35,C,195.08766646153845,1536.7063609790223,160.0,1.89322074578271,5.860886403836086e-18,2.2693352155653325e-07,2.0630320141503021e-07,7.440501848330336e-08,5.7114977126228695e-06,4.890148803540415e-07,6.406815794391941e-06,38720000000.0,35200000000.0,23.826798370276713,43.17719845670794,4.703002017185184e-07,9.226819880953531,13.810433675223665,3.9999993263370572,0.9999456432945004,255.99995688557166,recursive_calibrated_receiver,20.698959145533664,0.9999456432945004
adaptive,2,36,C,195.13766646153843,1536.3126116868318,160.0,2.04322074578271,5.889966431934172e-18,2.2805950024449114e-07,2.0732681840408285e-07,7.481252814832175e-08,6.104114579563756e-06,5.061999227881227e-07,6.817641320755961e-06,38720000000.0,35200000000.0,23.706879255167298,43.30347743423828,5.895243330206447e-07,9.313360505040547,13.73116386278949,3.9999988778505275,0.9999080084983718,255.99992818243376,recursive_calibrated_receiver,20.617871717730573,0.9999080084983718
adaptive,2,37,C,195.18766646153844,1535.919064123213,160.0,2.1932207457827095,5.919841846834071e-18,2.2921627630941523e-07,2.0837843300855932e-07,7.52305341404508e-08,6.471782220585902e-06,5.239888848478138e-07,7.204149538442275e-06,38720000000.0,35200000000.0,23.617393555714912,43.42927929236196,6.959586232773512e-07,9.378467020488134,13.672031675559733,3.9999985431821905,0.9998799247683323,255.9999067636602,recursive_calibrated_receiver,20.557362889032714,0.9998799247683323
adaptive,2,38,C,195.23766646153842,1535.5257181331795,160.0,2.3432207457827112,5.950551748898077e-18,2.3040536371733354e-07,2.094594215612123e-07,7.565954929272791e-08,6.766065260999234e-06,5.424029895772594e-07,7.517927672137706e-06,38720000000.0,35200000000.0,23.582239314051307,43.55458324725223,7.423981010256508e-07,9.404168303019988,13.648806536599281,3.99999841170854,0.9998688921425757,255.99989834934655,recursive_calibrated_receiver,20.533592141306055,0.9998688921425757
adaptive,2,39,C,195.28766646153844,1535.1325735619027,160.0,2.4932207457827102,5.982137451196601e-18,2.316283621103324e-07,2.1057123828212037e-07,7.610011561319082e-08,6.863255029942004e-06,5.614642058443577e-07,7.635290474068483e-06,38720000000.0,35200000000.0,23.664965107384933,43.67936758016205,6.373596053017143e-07,9.343799239465673,13.703464800771929,3.9999987210954457,0.99989485437857,255.99991815010853,recursive_calibrated_receiver,20.589530027340935,0.99989485437857
adaptive,2,40,C,195.33766646153845,1534.7396302547133,160.0,2.64322074578271,6.01464260260187e-18,2.3288696157274439e-07,2.1171541961158582e-07,7.655280592431259e-08,6.2529939302743894e-06,5.811952745506256e-07,7.045904624436601e-06,38720000000.0,35200000000.0,24.163853144388714,43.80360960861922,2.4667827619764405e-07,8.992068161901038,14.029423069484476,3.999999826504816,1.0,255.99998889630822,recursive_calibrated_receiver,20.92280819425184,1.0
