tx_real,tx_imag,rx_real,rx_imag
0.9486832980505138,-0.9486832980505138,0.9482580405460106,-0.8903032802438464
0.31622776601683794,-0.9486832980505138,0.2994862654239307,-0.9717089877136182
0.9486832980505138,-0.9486832980505138,0.8761668777354169,-0.8873747211737999
0.31622776601683794,0.31622776601683794,0.3385203781148942,0.21796725568558578
-0.31622776601683794,0.9486832980505138,-0.26979936521557873,0.9320123688051425
-0.31622776601683794,-0.31622776601683794,-0.33094908203506035,-0.30957981254897265
-0.9486832980505138,-0.9486832980505138,-1.0229788962458408,-0.8667350622161837
0.31622776601683794,-0.31622776601683794,0.29265211102715366,-0.23292775550574635
0.9486832980505138,-0.31622776601683794,0.987753020307776,-0.3183476196508439
-0.31622776601683794,0.9486832980505138,-0.3886929453034481,1.0108132323360217
0.9486832980505138,-0.31622776601683794,0.94539488796555,-0.23755677966805683
-0.31622776601683794,-0.31622776601683794,-0.31546253069357316,-0.30185752721568965
-0.31622776601683794,-0.31622776601683794,-0.3212746487926698,-0.2805286772148278
-0.31622776601683794,-0.31622776601683794,-0.38080461986856995,-0.2753995392391739
-0.9486832980505138,-0.9486832980505138,-0.9140464468295323,-0.9345460880567132
0.9486832980505138,-0.9486832980505138,0.937834115951935,-1.0818913123655431
0.31622776601683794,-0.9486832980505138,0.24383120591915936,-0.9903086840807881
0.31622776601683794,0.31622776601683794,0.3071332165013832,0.33559647218299105
0.9486832980505138,0.31622776601683794,0.9061842193353955,0.22202941923022274
-0.31622776601683794,0.31622776601683794,-0.31561431904449033,0.28282755414097227
-0.9486832980505138,0.9486832980505138,-0.9445428192577638,0.9907313267613777
0.31622776601683794,0.31622776601683794,0.19629607395311546,0.4399986024252172
-0.31622776601683794,0.9486832980505138,-0.2221113833442172,0.9111241920297954
0.9486832980505138,0.31622776601683794,0.8991183409820328,0.24820311050814872
-0.31622776601683794,0.9486832980505138,-0.28760634947931707,0.9609063776831221
-0.31622776601683794,0.31622776601683794,-0.3523957601176954,0.25808395833970305
0.9486832980505138,-0.9486832980505138,0.9125072097562733,-1.001413872954974
0.9486832980505138,-0.9486832980505138,0.9138614572501274,-0.8595984922732789
-0.9486832980505138,-0.9486832980505138,-0.8862195554705746,-1.0990876142596755
0.9486832980505138,-0.31622776601683794,0.8708900595001725,-0.3814080797021973
-0.9486832980505138,0.31622776601683794,-0.9725764665352937,0.26077468556704037
0.31622776601683794,-0.31622776601683794,0.27667374370045417,-0.22712265551130734
0.9486832980505138,-0.9486832980505138,0.9136646652944377,-0.8760801186085102
0.31622776601683794,-0.31622776601683794,0.2914576208551647,-0.27219157333958816
-0.9486832980505138,-0.31622776601683794,-0.8680536287323368,-0.27537048382426366
-0.9486832980505138,-0.9486832980505138,-1.0337846578285295,-0.9816884204773361
-0.31622776601683794,0.9486832980505138,-0.1979425475796262,0.9633486963005503
0.31622776601683794,-0.31622776601683794,0.19312548667256457,-0.35545138494946693
-0.9486832980505138,0.9486832980505138,-0.9461964817342594,0.852711200679745
-0.9486832980505138,0.9486832980505138,-0.8177841895545033,0.958333814688351
-0.31622776601683794,0.31622776601683794,-0.38403202227402167,0.25831018447304216
-0.9486832980505138,0.9486832980505138,-0.9285839843683418,0.9443409478503998
0.31622776601683794,0.9486832980505138,0.29624614843923885,0.8337348048296883
0.9486832980505138,0.9486832980505138,0.8774034537279626,0.9444707632857935
-0.9486832980505138,0.9486832980505138,-0.8842138661568086,0.884018210136463
-0.9486832980505138,-0.9486832980505138,-0.9044234564187965,-0.8917524960759896
0.9486832980505138,0.9486832980505138,0.8277313957782477,0.9141261503682291
-0.9486832980505138,0.31622776601683794,-0.898274176876208,0.3052256490885555
0.9486832980505138,-0.9486832980505138,1.0191410857883891,-0.9393096812677949
0.9486832980505138,-0.31622776601683794,0.9040912022060622,-0.3871909213927824
-0.31622776601683794,-0.9486832980505138,-0.27495563971792125,-0.9972397275335074
0.9486832980505138,-0.9486832980505138,1.0112520653164503,-0.8434518687025371
0.31622776601683794,0.31622776601683794,0.2264077554346182,0.31315276640896617
-0.9486832980505138,-0.9486832980505138,-0.812409066463275,-0.965012386748151
-0.9486832980505138,0.31622776601683794,-0.8730582016602747,0.2556029329201136
0.31622776601683794,0.31622776601683794,0.2816481527606004,0.2702864484383298
-0.9486832980505138,0.31622776601683794,-0.9704237424316907,0.33007166268771715
-0.9486832980505138,-0.31622776601683794,-0.999053487444107,-0.32468167691282573
0.9486832980505138,-0.31622776601683794,0.9073423717544918,-0.3058264450491795
-0.31622776601683794,-0.9486832980505138,-0.24714044259579418,-0.8523530024970855
0.31622776601683794,-0.31622776601683794,0.38581600227739865,-0.295056414906779
0.9486832980505138,-0.31622776601683794,0.945020292944979,-0.2951496965186547
0.31622776601683794,-0.31622776601683794,0.4071818778927279,-0.36509045252784905
0.9486832980505138,0.31622776601683794,0.918869911692659,0.4428425987236004
-0.9486832980505138,-0.31622776601683794,-0.9250656733980785,-0.31563950088034815
0.31622776601683794,-0.31622776601683794,0.288938457602195,-0.31521107642052115
0.9486832980505138,0.9486832980505138,0.9659876715367056,1.0029669113828388
0.31622776601683794,0.31622776601683794,0.369363890733155,0.2947745593246618
-0.31622776601683794,0.31622776601683794,-0.3065951608525875,0.24791292312716656
-0.9486832980505138,-0.9486832980505138,-0.9742020577040741,-0.9477309025932064
0.9486832980505138,-0.31622776601683794,0.9449194951565247,-0.345165820321647
0.9486832980505138,-0.9486832980505138,0.9119750290445302,-0.8790916305739357
-0.9486832980505138,-0.31622776601683794,-0.9829285424559494,-0.3524786814392626
-0.9486832980505138,-0.9486832980505138,-0.9015441890924153,-0.9757537388735286
0.31622776601683794,-0.9486832980505138,0.30894422571688146,-0.9414891532818797
-0.31622776601683794,0.9486832980505138,-0.34488706733489455,0.9246805011061403
0.31622776601683794,0.31622776601683794,0.2869285294590772,0.33449433525401484
0.31622776601683794,-0.31622776601683794,0.3161033843690756,-0.18911457206795426
-0.31622776601683794,0.31622776601683794,-0.3211358688395635,0.3314908526575772
-0.9486832980505138,0.9486832980505138,-0.8999255209351054,0.9489295360672557
0.31622776601683794,0.31622776601683794,0.29107081392861245,0.3389631898289712
-0.9486832980505138,0.31622776601683794,-0.965726168523208,0.29695684036607506
-0.9486832980505138,0.31622776601683794,-0.9721408366802632,0.2741233205056788
0.31622776601683794,0.31622776601683794,0.2940405290889333,0.3146529877942363
-0.9486832980505138,-0.9486832980505138,-0.9169645224385214,-0.9878933939157412
-0.9486832980505138,-0.31622776601683794,-0.9019332322800524,-0.30288939203370013
0.9486832980505138,-0.9486832980505138,1.0525675399595886,-0.8989305236891482
0.31622776601683794,0.9486832980505138,0.2896738459061169,0.8314183734948729
0.31622776601683794,0.31622776601683794,0.34498709489793616,0.270705071261484
-0.9486832980505138,-0.31622776601683794,-0.8765546081531969,-0.33749668019997836
-0.31622776601683794,0.31622776601683794,-0.22683919055065904,0.36053064077349267
0.9486832980505138,-0.9486832980505138,0.9436651115991183,-0.9193061475538561
-0.31622776601683794,0.31622776601683794,-0.3779066602545102,0.3714869396631051
0.9486832980505138,0.9486832980505138,0.9284286858553751,0.9629802292621363
-0.31622776601683794,0.31622776601683794,-0.35460058691354734,0.34253410848672083
0.31622776601683794,-0.9486832980505138,0.41695619385012156,-0.9161131142085015
-0.9486832980505138,0.31622776601683794,-0.9919878205798908,0.15747889153378639
0.31622776601683794,-0.31622776601683794,0.2330284223405063,-0.26264487273414183
-0.31622776601683794,-0.31622776601683794,-0.22251641374857462,-0.30324557862817464
-0.9486832980505138,-0.31622776601683794,-1.0427619711207141,-0.33538259994266
0.9486832980505138,-0.31622776601683794,0.9025204015390387,-0.23154026901626742
-0.9486832980505138,0.31622776601683794,-0.9886756094993505,0.2553214462713925
0.9486832980505138,0.31622776601683794,1.0494645349235565,0.3487481468644203
-0.31622776601683794,0.31622776601683794,-0.31804366436101095,0.3104690051873779
-0.9486832980505138,0.31622776601683794,-0.9442400423700874,0.1936963999610752
0.9486832980505138,-0.9486832980505138,1.0427321845295803,-0.896163013190446
-0.9486832980505138,-0.31622776601683794,-0.9737697998091723,-0.3288156107795751
0.9486832980505138,-0.9486832980505138,1.0457783091272392,-0.9272912106550782
-0.9486832980505138,0.9486832980505138,-1.0305247608106871,0.8688499076791928
0.31622776601683794,0.31622776601683794,0.21274118902305508,0.4231397245036441
0.31622776601683794,0.9486832980505138,0.2699883266255958,0.8834325148014517
-0.9486832980505138,0.9486832980505138,-0.9692515416471059,1.0233739136046285
0.31622776601683794,-0.31622776601683794,0.44520414833355726,-0.3666713695340337
0.9486832980505138,-0.31622776601683794,0.9459631730146117,-0.17570878731364015
0.9486832980505138,-0.31622776601683794,0.9201843095890735,-0.3927777481577559
0.9486832980505138,0.31622776601683794,0.9110887332634243,0.4240904254218851
0.31622776601683794,0.9486832980505138,0.3774923967342928,0.9860513657094585
-0.31622776601683794,-0.31622776601683794,-0.29405559064430903,-0.39692028674558466
0.31622776601683794,0.9486832980505138,0.26971488888240325,1.0085185175186742
-0.31622776601683794,0.9486832980505138,-0.378481643629109,0.9151551127620607
-0.31622776601683794,0.9486832980505138,-0.39563657401890884,0.9573339380343632
-0.9486832980505138,-0.9486832980505138,-0.8499417791486036,-1.0454585413806814
0.9486832980505138,-0.31622776601683794,0.8484531090413239,-0.2845828404708334
0.31622776601683794,0.9486832980505138,0.3002352590761282,0.9415651655530703
-0.9486832980505138,-0.9486832980505138,-0.9865716496712823,-0.9149836749843959
-0.31622776601683794,-0.31622776601683794,-0.32971302086464993,-0.29611806807135915
0.9486832980505138,-0.9486832980505138,1.0395983386234264,-0.8580793939405558
0.9486832980505138,-0.31622776601683794,0.9651987234543866,-0.2445124434994611
-0.31622776601683794,-0.9486832980505138,-0.17776168339091286,-1.0248900326152042
0.31622776601683794,-0.9486832980505138,0.3728519169305187,-0.9242053591435827
-0.31622776601683794,-0.9486832980505138,-0.3155922084986983,-0.8501611992042091
-0.31622776601683794,-0.31622776601683794,-0.2934717647441115,-0.37455255810767646
-0.31622776601683794,0.9486832980505138,-0.339347857474412,0.9268358416653552
-0.9486832980505138,-0.31622776601683794,-0.9586960530519494,-0.3832445094971325
-0.31622776601683794,0.9486832980505138,-0.31053039145998956,1.0820281736564028
-0.9486832980505138,-0.9486832980505138,-0.9332151245441619,-0.9039538958226924
0.31622776601683794,-0.31622776601683794,0.35612601312233777,-0.30161621066234756
-0.9486832980505138,0.31622776601683794,-1.0596609154602752,0.30355035369885386
-0.31622776601683794,0.9486832980505138,-0.3294607604359779,0.9665877397842886
-0.9486832980505138,0.31622776601683794,-0.9240712349469481,0.2915864810867453
0.31622776601683794,-0.9486832980505138,0.35817335380440496,-0.9788343948301991
-0.31622776601683794,0.31622776601683794,-0.3171740056493376,0.2763232551500286
-0.31622776601683794,-0.9486832980505138,-0.39482045401191584,-0.9439487434275796
0.9486832980505138,-0.9486832980505138,0.9513282678078139,-0.9148535142073398
-0.9486832980505138,0.31622776601683794,-0.9160269662390527,0.26038533870007297
-0.9486832980505138,0.9486832980505138,-1.0348631854878283,0.8777858287971965
-0.31622776601683794,0.9486832980505138,-0.3584784203280917,0.8804935565763927
0.31622776601683794,0.9486832980505138,0.3245036393390843,0.905171207768772
0.31622776601683794,-0.9486832980505138,0.34458584098043343,-0.8441557031550385
0.31622776601683794,0.9486832980505138,0.20154731833249184,0.92519856799802
0.31622776601683794,-0.31622776601683794,0.4065633201256781,-0.31866180919168796
0.9486832980505138,0.9486832980505138,0.9771728630745463,0.8816552355644215
-0.9486832980505138,0.31622776601683794,-0.9537894671034555,0.2577719007070443
-0.9486832980505138,0.9486832980505138,-0.8940551395837624,0.8922530793798218
0.31622776601683794,-0.9486832980505138,0.36356437615654535,-0.9552472586780372
-0.31622776601683794,0.9486832980505138,-0.3717403405326213,0.8690803275005193
0.9486832980505138,0.9486832980505138,0.8741718425677709,0.9441753416588193
-0.9486832980505138,0.31622776601683794,-1.0694344780492686,0.21362113313695005
0.31622776601683794,-0.31622776601683794,0.36440980675106965,-0.25490241844847555
-0.9486832980505138,-0.9486832980505138,-0.9295189590787669,-0.9082618324286482
-0.31622776601683794,0.9486832980505138,-0.39452408886889584,0.9696170681450176
0.31622776601683794,-0.31622776601683794,0.2451053731372299,-0.39183687711468107
0.9486832980505138,-0.9486832980505138,0.8822629539538838,-0.8509666253411767
0.9486832980505138,0.9486832980505138,0.9411151311770424,0.831084889716795
-0.31622776601683794,-0.9486832980505138,-0.27831256109591196,-0.937756875015549
0.9486832980505138,0.31622776601683794,1.0960579358841036,0.306956052623973
0.31622776601683794,0.31622776601683794,0.353431707617867,0.3192511924277791
-0.31622776601683794,-0.9486832980505138,-0.2590480201663345,-0.9450574295921917
0.31622776601683794,-0.9486832980505138,0.3515374096421455,-0.8290519586868719
0.31622776601683794,0.9486832980505138,0.28613627098640415,0.9086712352548532
-0.31622776601683794,0.9486832980505138,-0.2830949040837387,0.8819846386563336
-0.9486832980505138,0.31622776601683794,-0.9196702398305605,0.2425550228582588
0.9486832980505138,-0.31622776601683794,0.9263267882256012,-0.22226242164621743
0.9486832980505138,0.31622776601683794,0.9908439905974772,0.3253331310512286
-0.31622776601683794,-0.31622776601683794,-0.3351169971613213,-0.2747532782489755
0.9486832980505138,-0.9486832980505138,0.8865336222140121,-0.9679129661480999
-0.9486832980505138,0.9486832980505138,-0.954256066783099,0.9916124165589955
-0.9486832980505138,-0.9486832980505138,-0.77224307110706,-0.9166522537042188
-0.31622776601683794,-0.9486832980505138,-0.4260098689466938,-1.0359965243786555
0.31622776601683794,-0.31622776601683794,0.3412376285555071,-0.3583111554190513
-0.31622776601683794,-0.9486832980505138,-0.3879981780904341,-1.0683998839255637
-0.31622776601683794,0.31622776601683794,-0.25836937082974815,0.2795547975116981
0.31622776601683794,-0.31622776601683794,0.36830111898198775,-0.23793171043514436
0.31622776601683794,-0.9486832980505138,0.26666360417665846,-0.8476912892171555
0.31622776601683794,0.9486832980505138,0.32185047462567196,0.9254446334112508
-0.9486832980505138,0.9486832980505138,-0.9818506884805794,0.867628940499123
0.9486832980505138,0.9486832980505138,1.0187225033847633,0.9601557815315991
0.31622776601683794,0.31622776601683794,0.3258174184368789,0.3195748536451675
0.9486832980505138,-0.9486832980505138,0.9695692401510191,-1.0222270846610377
0.31622776601683794,0.31622776601683794,0.33331190066060157,0.2748978912525025
0.9486832980505138,0.31622776601683794,1.0025682959398847,0.37976323497269204
-0.9486832980505138,0.9486832980505138,-1.0529718615518697,0.8811755954835598
-0.31622776601683794,-0.31622776601683794,-0.2694554745879721,-0.288844156973628
0.9486832980505138,0.9486832980505138,0.8899113976418436,0.9663427503699902
0.9486832980505138,-0.31622776601683794,0.9163545871608804,-0.21229937496971818
-0.31622776601683794,0.31622776601683794,-0.3254270180578026,0.3000501723125666
0.9486832980505138,0.31622776601683794,0.8876968660663982,0.2807301719806925
0.31622776601683794,0.9486832980505138,0.344067168854352,0.7840093626377047
-0.31622776601683794,0.31622776601683794,-0.29030470942232034,0.4234999456439976
0.31622776601683794,0.9486832980505138,0.26132425977353335,0.849097589465568
0.9486832980505138,0.31622776601683794,0.9017389068284386,0.3366985731447387
-0.9486832980505138,0.9486832980505138,-0.8705672619171434,0.8237322467108698
-0.31622776601683794,0.31622776601683794,-0.32804813193004245,0.36109252442336076
-0.31622776601683794,-0.9486832980505138,-0.39368949252157315,-0.9918484594418902
-0.9486832980505138,-0.9486832980505138,-0.9293220795023315,-0.920646668975344
0.9486832980505138,-0.31622776601683794,1.0001254960379673,-0.3510760818421446
0.9486832980505138,-0.9486832980505138,0.9626796070093103,-0.9347266942241143
-0.9486832980505138,-0.31622776601683794,-0.9608344664287175,-0.37760262376213827
-0.9486832980505138,-0.9486832980505138,-0.907669600678515,-0.9754296618664628
0.9486832980505138,-0.9486832980505138,1.026929474279769,-0.9162387164784437
0.9486832980505138,-0.9486832980505138,1.034948746696199,-0.9279129783625537
0.31622776601683794,-0.31622776601683794,0.28936939054956257,-0.37755075009362554
-0.31622776601683794,-0.9486832980505138,-0.3850441007808977,-0.9379414226854653
-0.9486832980505138,0.31622776601683794,-0.8797064551076972,0.3597221433389825
-0.9486832980505138,0.9486832980505138,-0.925223063043509,0.9686687702668324
0.31622776601683794,0.31622776601683794,0.23724938306296217,0.3638930735963412
0.31622776601683794,0.31622776601683794,0.2583339728553433,0.359932231017912
0.9486832980505138,0.9486832980505138,0.8438430785192421,0.968587475206017
0.9486832980505138,0.31622776601683794,0.9037395508596185,0.33895397099412367
-0.9486832980505138,-0.31622776601683794,-1.0045897589290027,-0.2969976596495903
-0.9486832980505138,0.31622776601683794,-0.8961132924549631,0.13563875553595245
-0.9486832980505138,0.9486832980505138,-0.9649245988802403,0.9588746082014132
0.9486832980505138,-0.9486832980505138,0.946242932195211,-0.9803881892426837
-0.31622776601683794,-0.31622776601683794,-0.2914371547875131,-0.3116807148554264
-0.31622776601683794,0.31622776601683794,-0.31135173242584774,0.4329348301687134
-0.9486832980505138,-0.31622776601683794,-0.9256996198279058,-0.30884858225303885
0.9486832980505138,0.9486832980505138,0.9729508337598517,0.9593079460156521
-0.9486832980505138,0.31622776601683794,-0.9228506342316383,0.24809071800768656
0.9486832980505138,0.9486832980505138,0.9386459479733592,0.9672522010909815
0.9486832980505138,-0.9486832980505138,0.9575346287044082,-0.8819802405166296
0.9486832980505138,-0.9486832980505138,1.1042695043316368,-0.9707966563694859
0.9486832980505138,-0.31622776601683794,0.978637378945294,-0.3383053689693307
-0.31622776601683794,-0.9486832980505138,-0.2838650864685637,-0.9810651350786885
-0.9486832980505138,-0.31622776601683794,-0.8322422065165772,-0.28315892646189555
-0.31622776601683794,0.31622776601683794,-0.3863184839926526,0.24229436671554772
0.31622776601683794,-0.9486832980505138,0.4149377632025984,-0.8886679971503152
0.31622776601683794,0.31622776601683794,0.20269259038411686,0.22448507705465784
-0.31622776601683794,-0.9486832980505138,-0.2767387198750994,-0.897234958612975
-0.9486832980505138,-0.31622776601683794,-0.8739403767035983,-0.3442890419327062
-0.9486832980505138,-0.9486832980505138,-0.9070317404641569,-0.977528616148991
-0.9486832980505138,-0.9486832980505138,-0.8831865367443387,-0.9911805329134697
-0.31622776601683794,-0.9486832980505138,-0.2937275073399725,-0.9842319456054475
0.9486832980505138,0.9486832980505138,0.8705644334728301,0.9683932079108487
-0.9486832980505138,-0.9486832980505138,-0.8712082155771881,-1.0756538058384226
-0.31622776601683794,0.9486832980505138,-0.3965497672186497,0.8358189373781004
0.9486832980505138,0.31622776601683794,0.9374194609949575,0.46047469781067085
0.31622776601683794,0.9486832980505138,0.28712240656961463,1.0039242758945126
0.31622776601683794,0.31622776601683794,0.3134945638425745,0.3848264281229645
0.31622776601683794,0.31622776601683794,0.17835993464698413,0.3667279929760786
-0.31622776601683794,0.9486832980505138,-0.29302022060089306,0.9395143431575643
0.9486832980505138,-0.31622776601683794,0.8966876096787698,-0.31506360885456786
0.31622776601683794,-0.9486832980505138,0.38598489740725467,-0.9005533524011332
-0.31622776601683794,-0.9486832980505138,-0.3188274384492977,-0.9245189846407221
0.9486832980505138,-0.31622776601683794,0.9202380718737124,-0.21754145727934981
-0.9486832980505138,-0.31622776601683794,-0.9698110108353605,-0.4240210558188697
0.9486832980505138,0.9486832980505138,0.7770812635995179,1.0204337624274853
0.9486832980505138,0.9486832980505138,0.8867008183192393,0.9128688830295326
-0.31622776601683794,0.31622776601683794,-0.29229586032379745,0.3058121590935089
0.9486832980505138,-0.31622776601683794,1.0875630941414225,-0.1864831732924962
0.31622776601683794,0.31622776601683794,0.15021592876024623,0.31672356737017743
0.31622776601683794,-0.31622776601683794,0.4710131305244997,-0.3534323195600419
0.9486832980505138,-0.31622776601683794,0.8725837011034913,-0.20706161508113238
0.31622776601683794,0.9486832980505138,0.34598362995191023,0.9444151994030687
-0.9486832980505138,-0.9486832980505138,-0.8892846506663074,-0.9811773795864629
-0.9486832980505138,0.31622776601683794,-1.0500318751302167,0.2409663406053624
0.31622776601683794,0.31622776601683794,0.2730367646447767,0.28314549711931475
-0.9486832980505138,-0.31622776601683794,-1.018424349754506,-0.3573198910775248
0.9486832980505138,0.31622776601683794,1.0397090228403354,0.4024227373903235
-0.9486832980505138,0.9486832980505138,-0.9616865602824991,0.8278764579107076
0.9486832980505138,0.31622776601683794,0.9589004556577867,0.3297272610134643
-0.31622776601683794,0.9486832980505138,-0.2989300490719265,0.929792908141485
0.9486832980505138,0.9486832980505138,0.8586311412436421,1.027643141292828
0.9486832980505138,0.9486832980505138,0.9419241704029241,1.0173337440001289
-0.9486832980505138,0.31622776601683794,-0.952069572722387,0.2085155399901284
0.31622776601683794,0.31622776601683794,0.33562422751538873,0.30962084800816264
-0.31622776601683794,0.31622776601683794,-0.45269124195044297,0.2486612367279428
-0.9486832980505138,0.9486832980505138,-1.0704307444556622,0.857196396926897
0.9486832980505138,0.9486832980505138,0.8291882813589894,0.9777486795264173
0.31622776601683794,0.9486832980505138,0.252717090630397,0.9799910567142632
-0.31622776601683794,-0.31622776601683794,-0.2777477490812867,-0.3509953508587469
-0.9486832980505138,-0.31622776601683794,-0.9974891949622073,-0.43010853282675443
0.9486832980505138,-0.9486832980505138,1.0976861046395423,-0.9067324374704394
0.9486832980505138,-0.9486832980505138,1.0679969948187744,-0.9865600547672767
-0.31622776601683794,0.31622776601683794,-0.2876081929992147,0.33761569714619605
0.31622776601683794,-0.31622776601683794,0.30768705676600716,-0.2781575808230129
0.9486832980505138,0.9486832980505138,0.9277019746010242,1.093486617601792
0.9486832980505138,0.31622776601683794,0.9112937104058052,0.3232760883349202
-0.9486832980505138,0.9486832980505138,-1.0035881854655633,0.9534750231009154
-0.31622776601683794,0.9486832980505138,-0.4643300682559097,0.887059905094803
-0.31622776601683794,-0.9486832980505138,-0.15492392736178226,-0.9656464399329239
-0.9486832980505138,0.31622776601683794,-0.9582311209017107,0.3059123793748788
-0.31622776601683794,-0.9486832980505138,-0.3266322477220232,-1.0167552954339245
-0.31622776601683794,-0.31622776601683794,-0.28227666315911837,-0.27209036119824986
-0.9486832980505138,-0.9486832980505138,-0.8584705247543427,-1.0384716234451128
0.9486832980505138,-0.31622776601683794,1.0633786381979156,-0.3070859744998517
-0.9486832980505138,-0.31622776601683794,-0.9746634658364811,-0.41671192763669374
-0.31622776601683794,-0.31622776601683794,-0.18776058861143835,-0.3733683858388111
-0.31622776601683794,-0.9486832980505138,-0.31123910563009344,-0.9555141017736682
-0.31622776601683794,-0.31622776601683794,-0.36352169259223754,-0.3552600650730517
-0.9486832980505138,0.9486832980505138,-0.9924534437712877,0.8686608897919404
-0.9486832980505138,0.31622776601683794,-1.0592131007410341,0.3099220168456641
-0.31622776601683794,-0.9486832980505138,-0.25879611123955176,-0.8652585575491726
0.31622776601683794,-0.31622776601683794,0.3730404234162116,-0.22059415305776467
0.9486832980505138,-0.9486832980505138,1.015173101626035,-0.817025345523423
0.9486832980505138,0.31622776601683794,0.9761648341218603,0.35393599287423555
-0.9486832980505138,-0.9486832980505138,-0.8944061256569945,-1.0624632131938592
-0.9486832980505138,-0.9486832980505138,-0.7702032273824799,-0.9953026255317546
-0.31622776601683794,-0.31622776601683794,-0.26219133775069403,-0.31680677774763816
0.9486832980505138,0.9486832980505138,0.8745211853710854,0.9423785565370281
-0.9486832980505138,-0.31622776601683794,-0.9733666570613684,-0.35313059049081763
-0.31622776601683794,-0.31622776601683794,-0.292677704599304,-0.42973838882049054
0.31622776601683794,0.31622776601683794,0.3061363529426922,0.3564346398564383
-0.9486832980505138,0.9486832980505138,-1.0502802103363271,0.852064992688108
0.31622776601683794,0.31622776601683794,0.33830735524966543,0.3288568996996336
0.9486832980505138,0.9486832980505138,0.8733671120193801,0.991759523026184
0.9486832980505138,-0.31622776601683794,0.9008051003990395,-0.3827648326713707
-0.31622776601683794,-0.31622776601683794,-0.2383686920243902,-0.3713874577605887
0.9486832980505138,0.9486832980505138,0.9065863360851563,0.9859003477096331
0.9486832980505138,0.31622776601683794,0.781483708484949,0.32898285664070476
-0.31622776601683794,-0.31622776601683794,-0.2967942878653362,-0.26638797214143306
-0.31622776601683794,-0.9486832980505138,-0.2617816560980473,-0.9188458517513327
-0.9486832980505138,-0.9486832980505138,-0.9401430233934585,-1.0431042300515116
-0.9486832980505138,0.31622776601683794,-0.9979957039330367,0.23422358426089707
0.9486832980505138,-0.31622776601683794,0.9640670284534055,-0.3391240179085215
0.9486832980505138,-0.9486832980505138,0.9892379228313297,-0.899968305686822
0.31622776601683794,-0.9486832980505138,0.37141224789033855,-0.8522474717977483
0.9486832980505138,-0.31622776601683794,0.9150143076726852,-0.2992765753913218
0.9486832980505138,-0.31622776601683794,0.912693897916236,-0.23713538368749087
-0.31622776601683794,0.9486832980505138,-0.26745763304144893,0.8708919001523542
-0.9486832980505138,0.31622776601683794,-0.9834145767403369,0.2400543236605413
-0.9486832980505138,-0.31622776601683794,-0.9668715161127867,-0.19697106737199496
-0.9486832980505138,-0.9486832980505138,-0.8995272149806391,-0.8300040709230601
0.9486832980505138,-0.31622776601683794,0.8638642570013361,-0.3250953013930265
0.9486832980505138,-0.31622776601683794,0.9251648716994092,-0.22111775634765232
0.31622776601683794,-0.31622776601683794,0.368971708219583,-0.38296139598486034
0.9486832980505138,-0.9486832980505138,1.0010382124136865,-0.8803860694514828
0.9486832980505138,0.31622776601683794,0.94185504457755,0.3770718803469521
-0.31622776601683794,0.9486832980505138,-0.2916512147915974,0.9132141647113344
0.31622776601683794,0.31622776601683794,0.23448000484887363,0.2771354621228206
0.9486832980505138,-0.31622776601683794,0.8891372689095615,-0.1933950641922573
0.31622776601683794,0.9486832980505138,0.22662873068841183,0.9275345025350286
0.31622776601683794,-0.9486832980505138,0.36492123005131494,-0.9056521032599463
0.9486832980505138,-0.31622776601683794,0.8586531958338993,-0.44923689314662485
-0.9486832980505138,0.9486832980505138,-0.8434819558060663,0.8819334351783579
0.31622776601683794,0.31622776601683794,0.28196340282614407,0.3436253497235362
0.31622776601683794,-0.31622776601683794,0.2870056759688305,-0.32148527695832857
0.9486832980505138,0.9486832980505138,0.9287575526540285,0.9210588132387443
-0.9486832980505138,-0.9486832980505138,-0.9165903118399147,-0.8217364030652564
0.31622776601683794,0.9486832980505138,0.25987935650852906,0.9206350756517635
-0.9486832980505138,0.31622776601683794,-0.8990011697842241,0.2811637381685907
0.9486832980505138,-0.9486832980505138,0.9322792320804283,-1.0041898123157094
0.31622776601683794,0.9486832980505138,0.39998374613078014,0.8513766614205006
0.31622776601683794,0.31622776601683794,0.25936994257996243,0.19352273678342224
-0.31622776601683794,0.31622776601683794,-0.21649955066586762,0.3907820327764378
0.9486832980505138,0.31622776601683794,0.8655650472926671,0.22061382542386776
0.31622776601683794,0.31622776601683794,0.279925005111386,0.3850440325655589
-0.31622776601683794,0.31622776601683794,-0.28082796733394494,0.27546816254372136
-0.9486832980505138,0.31622776601683794,-0.9227828953615574,0.41710985841972065
-0.31622776601683794,-0.31622776601683794,-0.4231367820660308,-0.2545824865266521
-0.9486832980505138,-0.31622776601683794,-0.9212430227697932,-0.28802028753894715
0.9486832980505138,0.9486832980505138,0.9867543201955937,0.9136526157489577
0.31622776601683794,0.9486832980505138,0.37785198300651507,0.9017080094303622
-0.9486832980505138,0.9486832980505138,-0.8470500615765552,0.9582220160037076
-0.31622776601683794,-0.31622776601683794,-0.2951180090764996,-0.31894678462698806
0.9486832980505138,0.31622776601683794,1.0127464452475607,0.23292158577341296
-0.9486832980505138,-0.31622776601683794,-0.9653923051797604,-0.23442577034767947
-0.31622776601683794,-0.9486832980505138,-0.39558108234864275,-0.9789167053270611
0.9486832980505138,0.9486832980505138,0.9968124056253802,0.8249283068678634
-0.31622776601683794,0.9486832980505138,-0.2554475840669979,0.9747706292308216
0.31622776601683794,-0.31622776601683794,0.2848012854694593,-0.43110144096357444
-0.31622776601683794,0.9486832980505138,-0.2532505678055314,0.8697987840229753
0.9486832980505138,-0.31622776601683794,0.9584284530810377,-0.20938784046708167
-0.9486832980505138,0.31622776601683794,-0.9111060644899408,0.3653942392683895
-0.31622776601683794,-0.9486832980505138,-0.4246794719930725,-0.9511066104250037
-0.31622776601683794,-0.9486832980505138,-0.3665603869083477,-0.9206861983186572
0.31622776601683794,0.9486832980505138,0.34546768466285904,0.9247503569391976
0.31622776601683794,0.31622776601683794,0.3672761490252976,0.2896954961000563
0.31622776601683794,-0.31622776601683794,0.2296927191640517,-0.341401723299714
0.31622776601683794,-0.9486832980505138,0.23610472976139021,-0.7876365164731608
-0.31622776601683794,0.9486832980505138,-0.19115422100949603,0.9644224923320781
0.9486832980505138,0.9486832980505138,0.9938457744969807,0.9053798274773831
0.9486832980505138,-0.9486832980505138,0.8881176178765341,-0.9882438207027818
0.9486832980505138,-0.31622776601683794,0.9043809013129028,-0.28968008309586885
-0.9486832980505138,-0.31622776601683794,-0.9074563935541827,-0.26533916077277475
0.31622776601683794,0.9486832980505138,0.31488108033669165,0.8822741394341252
0.31622776601683794,0.31622776601683794,0.21977140438415146,0.32728297482362745
-0.9486832980505138,-0.9486832980505138,-0.9100159289558426,-0.9363155167152145
-0.9486832980505138,-0.9486832980505138,-0.9966312783800045,-0.8243079475346026
-0.9486832980505138,-0.9486832980505138,-0.937973888833839,-0.9541484254134834
-0.9486832980505138,0.31622776601683794,-0.9559250407887734,0.32925776428954445
0.9486832980505138,-0.31622776601683794,0.8978037841063048,-0.38511581517703475
0.31622776601683794,0.31622776601683794,0.33528648765499947,0.33040533807628975
-0.9486832980505138,0.9486832980505138,-0.980563470436109,1.1207007777260933
0.9486832980505138,-0.9486832980505138,0.8791024436740399,-0.863926545320607
-0.9486832980505138,-0.9486832980505138,-1.0475593138106232,-0.9402277889535579
0.9486832980505138,0.31622776601683794,1.0536757413212574,0.19159923970833997
-0.31622776601683794,-0.9486832980505138,-0.26346054895645143,-0.8955357866384522
-0.31622776601683794,0.31622776601683794,-0.3444235700684243,0.33447466582112584
0.31622776601683794,-0.9486832980505138,0.2953346710062146,-0.9178585060805373
0.9486832980505138,-0.9486832980505138,0.8421972085380659,-0.8497414850309519
0.9486832980505138,-0.31622776601683794,1.0089115866387621,-0.34934431995181464
-0.9486832980505138,0.9486832980505138,-0.9571339684168875,0.8482917047950417
0.9486832980505138,0.9486832980505138,1.0949757834026197,0.8680642408259448
0.31622776601683794,0.31622776601683794,0.24549690645709257,0.2484358123806963
-0.31622776601683794,-0.31622776601683794,-0.2551956075622061,-0.20808263947484462
0.31622776601683794,-0.9486832980505138,0.28874699534140064,-1.01349940917419
0.9486832980505138,0.9486832980505138,0.9586933484441641,1.013489832520247
-0.31622776601683794,0.31622776601683794,-0.24192526298059003,0.18819143370961589
-0.9486832980505138,-0.31622776601683794,-0.9346273658123827,-0.3569237264209629
0.9486832980505138,0.31622776601683794,1.0261863053829954,0.23271246829433845
-0.9486832980505138,0.9486832980505138,-1.035358492551618,0.838117864054362
0.31622776601683794,0.9486832980505138,0.31577240749226815,1.0088623457975776
0.31622776601683794,-0.9486832980505138,0.2937978934117805,-0.9989046252047117
-0.9486832980505138,0.9486832980505138,-0.8361101036596964,0.9902980646379294
-0.9486832980505138,-0.31622776601683794,-0.8225998735830254,-0.2982726152107684
0.31622776601683794,0.9486832980505138,0.16500137898105213,0.922331583084492
0.31622776601683794,-0.31622776601683794,0.35080400301896214,-0.3364485190192976
0.31622776601683794,0.31622776601683794,0.33973788280653,0.29006966890008745
0.9486832980505138,0.9486832980505138,1.0894512071142675,0.9285419204470498
0.31622776601683794,-0.9486832980505138,0.2725559205556344,-0.9845195736744166
-0.9486832980505138,-0.9486832980505138,-0.9334026222132177,-0.9190603994313025
0.9486832980505138,-0.31622776601683794,0.841327540718444,-0.377779489341953
0.9486832980505138,-0.31622776601683794,1.0105475643252289,-0.28471269158136675
-0.9486832980505138,-0.9486832980505138,-0.8858300696141486,-1.0386678024540512
-0.9486832980505138,-0.31622776601683794,-0.9955600054389983,-0.33599051021715093
-0.31622776601683794,-0.31622776601683794,-0.4674725139832952,-0.31659333663439615
0.9486832980505138,-0.31622776601683794,0.9686597710813688,-0.339724241889245
0.9486832980505138,-0.9486832980505138,0.9199081126207691,-0.9971336258324305
-0.9486832980505138,-0.9486832980505138,-0.8894705690224881,-0.98287969621288
-0.9486832980505138,0.9486832980505138,-0.8479943682561187,0.8840310600486185
0.31622776601683794,-0.31622776601683794,0.3174689144324128,-0.29735917200442824
0.9486832980505138,0.31622776601683794,1.0031311257791238,0.23973031778727363
0.31622776601683794,0.9486832980505138,0.3105985353800411,0.9277545763787752
0.31622776601683794,0.9486832980505138,0.28743427305488134,0.9997668533780374
0.31622776601683794,0.31622776601683794,0.4307045235120231,0.283177845512023
-0.31622776601683794,-0.31622776601683794,-0.32726486894839757,-0.354674357021486
0.9486832980505138,-0.31622776601683794,0.896586329368946,-0.31731932229614174
0.31622776601683794,0.9486832980505138,0.41678496775649554,0.8456933631487279
0.9486832980505138,-0.9486832980505138,0.8780793221721781,-0.9611789439487669
0.31622776601683794,-0.31622776601683794,0.22365819112896396,-0.25799633126916754
-0.31622776601683794,0.9486832980505138,-0.31836842802047716,0.8346748782677577
0.31622776601683794,0.9486832980505138,0.22422280011546328,0.9424651496510612
0.31622776601683794,0.9486832980505138,0.37502825497272235,0.8836368326535108
0.9486832980505138,-0.9486832980505138,0.905008233598281,-0.8615715672670924
-0.31622776601683794,-0.9486832980505138,-0.33660828894569494,-0.9637549829994909
-0.9486832980505138,-0.31622776601683794,-0.8954947267024305,-0.27867775704778897
-0.9486832980505138,0.9486832980505138,-1.0111571625445797,0.9125183568877552
-0.31622776601683794,0.9486832980505138,-0.24221553862969555,0.9357552499020573
-0.9486832980505138,-0.9486832980505138,-0.9817150470083632,-0.893754758117547
-0.9486832980505138,0.31622776601683794,-1.0188569269367247,0.39853653470022743
-0.9486832980505138,0.31622776601683794,-0.8958874592885973,0.3360751553358997
0.31622776601683794,-0.9486832980505138,0.469528035926977,-0.8555867010064288
0.9486832980505138,0.9486832980505138,0.9028369665064331,0.9238703229492389
0.9486832980505138,-0.9486832980505138,0.9420846531123949,-0.9592078929024817
0.9486832980505138,-0.9486832980505138,0.9806971422464137,-0.8806342725630977
-0.9486832980505138,-0.9486832980505138,-0.903369741712315,-0.97432352517402
-0.31622776601683794,0.31622776601683794,-0.3454170579642272,0.2716354703801227
0.31622776601683794,-0.31622776601683794,0.32394849034281614,-0.29434534154313713
0.9486832980505138,0.9486832980505138,0.9617569185247468,0.8799161363482365
-0.9486832980505138,-0.9486832980505138,-0.997298191935376,-0.9044407353521832
-0.31622776601683794,-0.9486832980505138,-0.3360334412069931,-0.8643795413699197
-0.9486832980505138,-0.9486832980505138,-0.8664427044409853,-0.9832774405883656
-0.31622776601683794,0.31622776601683794,-0.32155045292426454,0.30766058982676153
-0.9486832980505138,-0.9486832980505138,-0.9952474185622239,-1.0185963920118466
0.9486832980505138,0.31622776601683794,0.8886991576744018,0.28051139164550964
-0.31622776601683794,-0.31622776601683794,-0.23601143524668267,-0.2084470018090793
-0.9486832980505138,-0.31622776601683794,-0.9755060741420223,-0.2883639701632639
-0.9486832980505138,0.9486832980505138,-0.9514677659780413,1.029662052876268
0.9486832980505138,-0.31622776601683794,1.0163727041251738,-0.4153579867365065
-0.31622776601683794,0.9486832980505138,-0.30515173461702055,0.9658456744290069
-0.31622776601683794,-0.9486832980505138,-0.2672862529985017,-0.9320763973597408
-0.9486832980505138,-0.31622776601683794,-0.8416247676589164,-0.3529745756284516
-0.9486832980505138,0.31622776601683794,-0.9482320760879505,0.4137421598737619
0.9486832980505138,-0.9486832980505138,0.8569926330637391,-1.0122344982042837
-0.31622776601683794,0.9486832980505138,-0.36897979912310197,0.9637716758707678
0.31622776601683794,-0.31622776601683794,0.29825989643047957,-0.3670338741722123
-0.9486832980505138,-0.31622776601683794,-0.8968122528021789,-0.27502747068315786
-0.31622776601683794,0.9486832980505138,-0.16053204242818456,0.9886582379253362
-0.31622776601683794,0.31622776601683794,-0.2939337591421754,0.3712114381463734
0.9486832980505138,-0.31622776601683794,0.9157780855023303,-0.19878014883465575
0.9486832980505138,0.9486832980505138,0.9636762001653317,0.8929958367747415
0.9486832980505138,-0.31622776601683794,0.881857887443442,-0.3170196995612103
-0.9486832980505138,0.9486832980505138,-0.8709788811122923,0.8630039928185234
0.9486832980505138,0.9486832980505138,0.9938179332939215,0.8904135244459351
-0.9486832980505138,-0.9486832980505138,-0.9271154988928745,-0.8739338306899005
-0.31622776601683794,-0.9486832980505138,-0.3937968408757915,-0.9762144162408531
-0.31622776601683794,0.31622776601683794,-0.35006433327907166,0.31128820171949284
-0.9486832980505138,0.9486832980505138,-0.8670070897511505,0.9400916892265826
-0.31622776601683794,0.9486832980505138,-0.1833855226249103,0.8933854524365974
-0.9486832980505138,0.9486832980505138,-0.955299965792013,0.983248992751913
-0.9486832980505138,-0.31622776601683794,-0.9318371292323087,-0.27537942772724394
0.9486832980505138,-0.31622776601683794,0.9600990847514624,-0.4159568065843103
0.31622776601683794,-0.31622776601683794,0.2997148662505229,-0.4755580895840128
-0.31622776601683794,-0.9486832980505138,-0.31775117265370995,-0.989918910555262
-0.31622776601683794,0.31622776601683794,-0.2120445221248315,0.2687025141635585
-0.31622776601683794,-0.9486832980505138,-0.2864685641510841,-0.9914717187836778
0.9486832980505138,0.31622776601683794,0.9461486320109629,0.24269700715241108
0.31622776601683794,0.9486832980505138,0.29910100223555,0.9509750184961238
0.9486832980505138,0.31622776601683794,0.8821937728051996,0.33416361261412264
0.9486832980505138,-0.9486832980505138,0.8538680671262161,-0.9005581181425899
0.31622776601683794,0.31622776601683794,0.2806885967683724,0.25413556914286073
0.9486832980505138,-0.31622776601683794,0.8967565597210667,-0.3692612284211189
-0.9486832980505138,0.31622776601683794,-0.961491941429303,0.30211600478068723
-0.9486832980505138,-0.31622776601683794,-0.9137577557581091,-0.38793292316498523
0.9486832980505138,0.9486832980505138,0.8660164541990908,0.9769972072690465
-0.31622776601683794,0.31622776601683794,-0.3581017507241913,0.30527337534517324
-0.9486832980505138,-0.31622776601683794,-0.9457003124673619,-0.21823947242701655
-0.9486832980505138,0.31622776601683794,-0.967105148898285,0.230150452897925
0.31622776601683794,0.9486832980505138,0.22729518179494548,0.9529115168728736
0.31622776601683794,-0.9486832980505138,0.35311273828938905,-1.0085516953061509
-0.31622776601683794,-0.9486832980505138,-0.35602091839487554,-0.881235010778922
-0.9486832980505138,-0.9486832980505138,-0.9327722524512965,-0.9902657128046017
-0.9486832980505138,-0.31622776601683794,-0.9030913929461534,-0.36570377351293276
0.31622776601683794,0.9486832980505138,0.37395879197562026,0.9731676066009819
0.9486832980505138,0.31622776601683794,0.8995179711090439,0.3781919241812033
0.31622776601683794,0.9486832980505138,0.22108824665420354,0.9954246177651825
-0.31622776601683794,-0.9486832980505138,-0.26806247744170325,-0.9413657618117701
-0.31622776601683794,-0.31622776601683794,-0.19930625435935942,-0.31979643423012255
-0.31622776601683794,0.9486832980505138,-0.3391024352223334,0.8994921355791181
-0.9486832980505138,-0.31622776601683794,-0.9855106803593273,-0.4218803442543671
0.9486832980505138,-0.9486832980505138,0.9132448637297118,-0.881519519604993
0.9486832980505138,0.31622776601683794,0.9488098265075333,0.3313657420594918
-0.9486832980505138,-0.31622776601683794,-0.8227702721675482,-0.23038649114268858
-0.9486832980505138,-0.9486832980505138,-0.9997848050930077,-0.9445038381973986
0.9486832980505138,0.9486832980505138,0.9403800978162553,0.8867414295495794
-0.31622776601683794,0.9486832980505138,-0.445988070635534,0.9253267606255839
0.31622776601683794,-0.9486832980505138,0.3312794216900011,-0.91341509141475
-0.31622776601683794,0.9486832980505138,-0.37094432057411214,0.8567611117283012
-0.9486832980505138,-0.9486832980505138,-0.8859782984766835,-0.9263895846070106
0.9486832980505138,0.31622776601683794,0.959546260824014,0.3220118782312537
0.9486832980505138,0.9486832980505138,0.8533294293860911,0.7794557139130458
-0.31622776601683794,0.31622776601683794,-0.2246741124975712,0.3487373486590375
-0.31622776601683794,-0.9486832980505138,-0.28061950485031417,-0.9497496395846244
0.9486832980505138,0.31622776601683794,0.9520933458421511,0.28689013458726026
-0.9486832980505138,-0.31622776601683794,-0.9210702423038352,-0.3501344230358237
0.9486832980505138,0.31622776601683794,0.8491413133831431,0.27705310289455004
0.9486832980505138,0.9486832980505138,0.9175415943474442,0.997225636975875
-0.9486832980505138,-0.31622776601683794,-0.8750370137685373,-0.31894085317017584
0.9486832980505138,0.31622776601683794,0.8419032109492769,0.2586523035853109
-0.9486832980505138,0.31622776601683794,-1.034593474969035,0.3405769935666755
0.9486832980505138,0.9486832980505138,0.9426004162857792,1.077821278053389
0.9486832980505138,0.9486832980505138,0.8279260818220817,0.9384134905130477
-0.9486832980505138,-0.31622776601683794,-0.9186144084446942,-0.34539622716810375
0.31622776601683794,0.9486832980505138,0.26825620350452384,0.9683635080840209
0.31622776601683794,0.31622776601683794,0.27605860141111743,0.29765501028608804
0.31622776601683794,-0.9486832980505138,0.472537254532053,-0.887979705550477
0.31622776601683794,-0.31622776601683794,0.32169929060276065,-0.39845323876657396
0.9486832980505138,-0.31622776601683794,0.9228186984828428,-0.21325337936868305
0.31622776601683794,-0.31622776601683794,0.3242147420480394,-0.21410614420488835
0.31622776601683794,-0.9486832980505138,0.3991685565597244,-0.9286018803166506
0.31622776601683794,-0.9486832980505138,0.28180316587780907,-0.9283491382276589
-0.9486832980505138,-0.9486832980505138,-0.9322885081926798,-0.9453694840667312
-0.9486832980505138,0.9486832980505138,-0.9366182036994611,0.8367895224544207
0.9486832980505138,0.9486832980505138,0.9353007247142385,1.0345254858046224
-0.31622776601683794,0.31622776601683794,-0.31810354044838446,0.3566858213768776
0.9486832980505138,-0.9486832980505138,0.9317102850614744,-0.8922085512144875
0.9486832980505138,0.31622776601683794,0.8641060979936201,0.2913229530310353
0.31622776601683794,0.9486832980505138,0.30961321372117534,0.993168569985643
-0.31622776601683794,-0.31622776601683794,-0.22368442011511272,-0.3533702613687353
-0.9486832980505138,0.9486832980505138,-1.0468250945117739,0.804356504872797
-0.31622776601683794,-0.31622776601683794,-0.26581958911625,-0.3078867025276151
-0.31622776601683794,0.9486832980505138,-0.37468999432641564,0.9237164084125509
-0.9486832980505138,0.9486832980505138,-0.963824849577391,0.8930572262371994
-0.9486832980505138,-0.9486832980505138,-0.9755848122125926,-0.9551252335683316
-0.31622776601683794,-0.31622776601683794,-0.27103736091577835,-0.27931417305785544
0.31622776601683794,0.9486832980505138,0.3276705622804687,0.8074175386928103
-0.9486832980505138,-0.9486832980505138,-0.9522457532483696,-0.9674752715426472
-0.9486832980505138,0.31622776601683794,-0.8568156712067622,0.2138699972080242
0.31622776601683794,0.31622776601683794,0.36606298006603083,0.42219339176557574
0.9486832980505138,-0.31622776601683794,0.9227816374925502,-0.2289615433743216
0.9486832980505138,0.9486832980505138,0.8468673927989582,0.9947964285548807
0.9486832980505138,-0.31622776601683794,1.033848211713909,-0.19637207489581868
-0.31622776601683794,-0.9486832980505138,-0.2728842299312396,-0.9801287427834299
-0.9486832980505138,0.9486832980505138,-1.0208397465374155,0.9444069911217656
-0.9486832980505138,0.31622776601683794,-0.952159049136049,0.28340351122379975
0.31622776601683794,0.31622776601683794,0.33633687470564877,0.3636974205399093
-0.9486832980505138,-0.31622776601683794,-0.8972933922148333,-0.3470711293726611
-0.9486832980505138,-0.9486832980505138,-0.9498513300815675,-1.034512953103214
0.31622776601683794,0.31622776601683794,0.29072055192794577,0.2469347274526
0.9486832980505138,0.31622776601683794,0.9710297365271917,0.32633110317409963
-0.31622776601683794,0.9486832980505138,-0.3077590426441328,0.914717341527081
0.9486832980505138,-0.9486832980505138,0.9606073509119267,-0.8877253787975659
-0.31622776601683794,0.31622776601683794,-0.2901649988366758,0.3304734408850435
-0.31622776601683794,-0.9486832980505138,-0.279003614293335,-0.9112154107535728
0.9486832980505138,0.31622776601683794,0.8747061569959135,0.41796494535670814
-0.9486832980505138,0.31622776601683794,-0.9245019438910832,0.2437943667500789
-0.9486832980505138,-0.9486832980505138,-0.8766850306314952,-1.0399358792855162
0.9486832980505138,0.9486832980505138,0.852683933832007,1.0541164900803421
-0.31622776601683794,0.9486832980505138,-0.4063217051708206,0.8895875942535615
0.31622776601683794,-0.9486832980505138,0.4097253011708048,-0.8542888070656572
-0.9486832980505138,0.31622776601683794,-0.9282977224873888,0.24656932624166383
-0.9486832980505138,0.9486832980505138,-0.991051086110839,0.804265096052753
-0.31622776601683794,0.9486832980505138,-0.4509457331905957,0.9769605223524682
0.9486832980505138,-0.9486832980505138,0.9546713574165175,-0.8638479391475751
0.9486832980505138,-0.9486832980505138,1.008583927278445,-0.8642674447988182
-0.9486832980505138,-0.31622776601683794,-0.9576903053204081,-0.23545590492850854
0.31622776601683794,0.9486832980505138,0.3118177268209172,0.8590072522583861
-0.31622776601683794,0.9486832980505138,-0.28269069959964227,0.8229296463255856
-0.31622776601683794,0.31622776601683794,-0.3813327432019983,0.2549279770183858
-0.31622776601683794,-0.9486832980505138,-0.2608418434096537,-0.9963223920559501
0.31622776601683794,-0.31622776601683794,0.3525956190260947,-0.27833212398564267
0.9486832980505138,0.31622776601683794,0.8787715255967627,0.4234187496910734
0.31622776601683794,0.31622776601683794,0.33142334262760104,0.4234277149134612
-0.9486832980505138,-0.31622776601683794,-0.8403621894430988,-0.4566041354450666
0.9486832980505138,0.9486832980505138,0.8762725147414603,1.0874256229062234
-0.31622776601683794,0.31622776601683794,-0.2365360106448775,0.26355090904434153
0.31622776601683794,-0.31622776601683794,0.3546613197024012,-0.28210856756078945
-0.9486832980505138,0.31622776601683794,-1.0237469358475797,0.16910168897738062
-0.9486832980505138,0.31622776601683794,-0.9399800662594187,0.2696328870300136
0.9486832980505138,0.9486832980505138,0.8563834739448816,0.9827836976476065
-0.31622776601683794,-0.31622776601683794,-0.38075548906659434,-0.4358602374188438
-0.31622776601683794,0.9486832980505138,-0.3528619982407872,0.9862315080083857
-0.31622776601683794,0.31622776601683794,-0.28450973361213877,0.31574783134953405
0.31622776601683794,0.31622776601683794,0.36617825890991956,0.4417051074622194
-0.31622776601683794,-0.9486832980505138,-0.25444025180102453,-0.9798151874059121
-0.31622776601683794,0.31622776601683794,-0.36984806039551577,0.39386460059933714
0.9486832980505138,-0.9486832980505138,1.036672162816767,-0.9321633758317739
0.31622776601683794,-0.9486832980505138,0.31094635171696383,-0.8858375135349169
0.31622776601683794,0.9486832980505138,0.21152546163947178,0.9268670618921373
0.31622776601683794,-0.9486832980505138,0.4339338599950577,-0.9867249614800946
-0.31622776601683794,0.9486832980505138,-0.39023867858671646,0.9179385494201079
0.9486832980505138,-0.9486832980505138,1.0523610163185109,-0.8803629180425707
0.9486832980505138,-0.31622776601683794,0.9540322921723606,-0.20701857435007737
-0.31622776601683794,-0.9486832980505138,-0.23480987021209124,-0.8950750525108817
-0.31622776601683794,0.31622776601683794,-0.3425736128621707,0.26708348813367255
-0.9486832980505138,-0.31622776601683794,-0.9208617813991775,-0.4114750289804225
0.31622776601683794,-0.9486832980505138,0.38329149949941443,-0.9756712555935193
0.9486832980505138,0.31622776601683794,0.8361881839947655,0.4290683514994393
0.9486832980505138,-0.31622776601683794,0.9999994395305475,-0.20605169168443305
-0.31622776601683794,-0.9486832980505138,-0.15429377056100826,-0.9210964389722504
-0.31622776601683794,0.9486832980505138,-0.4333973191165082,0.8841071432370669
-0.9486832980505138,-0.31622776601683794,-0.8384522535183373,-0.4394847994166386
-0.9486832980505138,0.9486832980505138,-1.1014834539872642,0.8080950605653064
-0.9486832980505138,0.9486832980505138,-0.9102001262054475,0.9080220086284395
-0.9486832980505138,-0.9486832980505138,-0.8580398279503109,-0.9648313508285696
0.31622776601683794,-0.31622776601683794,0.3177852333141572,-0.26996195952993196
-0.9486832980505138,0.9486832980505138,-0.9970671223399714,0.8204235745819675
-0.31622776601683794,0.31622776601683794,-0.36640125177132815,0.30153813228018855
0.9486832980505138,-0.31622776601683794,0.8866230831774579,-0.22671024515731814
-0.9486832980505138,-0.31622776601683794,-0.8816926299764577,-0.3544239465091575
0.9486832980505138,-0.31622776601683794,0.9844913747481902,-0.17647080108658494
0.31622776601683794,0.31622776601683794,0.31608864251194857,0.2702884954030702
0.9486832980505138,-0.31622776601683794,0.9384119074217109,-0.1941600726996847
-0.31622776601683794,0.9486832980505138,-0.3523339188653004,0.7733304246756333
0.31622776601683794,-0.31622776601683794,0.24015761510431965,-0.2187005774395254
0.31622776601683794,-0.9486832980505138,0.41503464437961796,-0.8080183230411256
0.31622776601683794,-0.9486832980505138,0.3546717359736293,-0.8896876110208525
-0.31622776601683794,-0.31622776601683794,-0.31234013826546103,-0.4440890973918874
0.9486832980505138,-0.31622776601683794,0.9680053902677774,-0.2825345175333259
0.9486832980505138,0.31622776601683794,0.9693148447731516,0.42102300130817216
0.9486832980505138,-0.9486832980505138,0.948743542360899,-0.8296952949100118
0.31622776601683794,-0.9486832980505138,0.43167381351078427,-0.8628155261165799
0.31622776601683794,-0.9486832980505138,0.42730607450118435,-0.8608288701403506
-0.9486832980505138,0.9486832980505138,-1.003504349599526,0.908993173881492
-0.31622776601683794,-0.9486832980505138,-0.23954758514056249,-0.9681480588741594
-0.9486832980505138,-0.31622776601683794,-0.9676908750217965,-0.2761865677530498
-0.9486832980505138,0.31622776601683794,-0.8997982990247433,0.374216715698652
-0.9486832980505138,-0.9486832980505138,-0.908306940902629,-1.0282563739279125
0.31622776601683794,0.31622776601683794,0.34181585733825914,0.41969962364314944
0.9486832980505138,-0.31622776601683794,0.954085008879534,-0.3840018024720564
-0.9486832980505138,0.9486832980505138,-0.9837420487762893,0.986110083496455
0.31622776601683794,-0.31622776601683794,0.39296321480127894,-0.3241453464170769
0.9486832980505138,0.9486832980505138,0.998113680059178,0.8525503647881328
0.31622776601683794,0.9486832980505138,0.2628708100585508,1.0025424669585554
-0.31622776601683794,0.31622776601683794,-0.35852296177295995,0.24254340228262014
0.31622776601683794,0.31622776601683794,0.38077731420909944,0.3358527712033143
-0.31622776601683794,-0.9486832980505138,-0.24179071423362658,-1.0200278302328873
0.31622776601683794,-0.31622776601683794,0.335110454085234,-0.3668215506317446
-0.9486832980505138,-0.31622776601683794,-0.9934910353787152,-0.4267558575332191
-0.31622776601683794,-0.9486832980505138,-0.27940962173591466,-0.9037888886773667
-0.9486832980505138,0.31622776601683794,-0.9663117319694036,0.2615842898332177
0.31622776601683794,-0.9486832980505138,0.3649788571620512,-0.8945975115818342
-0.31622776601683794,0.9486832980505138,-0.3122546366000453,1.0067386813409491
-0.9486832980505138,0.9486832980505138,-0.9746256142910316,0.8635418412476626
-0.31622776601683794,0.31622776601683794,-0.270216205465167,0.2531756705320261
-0.9486832980505138,0.9486832980505138,-0.9593886223057531,1.0367469660902198
-0.31622776601683794,0.9486832980505138,-0.30172192692382155,0.9293362355623332
0.9486832980505138,0.31622776601683794,0.8975573358844615,0.38178046683347805
0.31622776601683794,0.31622776601683794,0.32782486048014264,0.2790382985466642
-0.31622776601683794,0.31622776601683794,-0.3179404746540673,0.3675309541188394
0.9486832980505138,0.31622776601683794,0.9406374365233422,0.23556326262206384
0.9486832980505138,-0.9486832980505138,1.0567746343949098,-0.9534943581856632
-0.31622776601683794,-0.9486832980505138,-0.3207553782489082,-0.9363340609095623
-0.31622776601683794,-0.9486832980505138,-0.3563361851515988,-0.9744240870140708
0.31622776601683794,0.31622776601683794,0.3190599791416774,0.3567207733046266
-0.31622776601683794,-0.9486832980505138,-0.33402908784458535,-0.9307680905922688
-0.9486832980505138,0.31622776601683794,-0.9679805728355031,0.2320646755933467
0.31622776601683794,0.31622776601683794,0.30379688176876285,0.29491037673597337
-0.9486832980505138,0.31622776601683794,-0.9391304639686187,0.21885556482955457
0.31622776601683794,0.9486832980505138,0.29579660635420246,0.9794307221242937
0.31622776601683794,-0.31622776601683794,0.4115794792419286,-0.3241382250177194
0.9486832980505138,-0.9486832980505138,0.9977605484347917,-0.7340060265574153
-0.9486832980505138,0.31622776601683794,-0.9130757403137328,0.218579207443046
-0.31622776601683794,0.9486832980505138,-0.262814520089974,0.9132611770855444
-0.31622776601683794,0.31622776601683794,-0.29893637673173895,0.19398595845216318
-0.9486832980505138,-0.31622776601683794,-0.9309357352751068,-0.3026136121687929
-0.9486832980505138,-0.9486832980505138,-0.9271856068810328,-0.9373580926708961
-0.31622776601683794,0.9486832980505138,-0.31159855629073113,1.0125220720825867
-0.9486832980505138,-0.31622776601683794,-1.0807199628757072,-0.2853133870265403
0.31622776601683794,-0.31622776601683794,0.3512142575823421,-0.3244441271728919
0.31622776601683794,-0.31622776601683794,0.41850239213765733,-0.2806654280232295
0.9486832980505138,-0.9486832980505138,0.9239820865238574,-0.9668019644813257
0.9486832980505138,0.9486832980505138,0.9511400720003095,1.022544948616635
0.31622776601683794,-0.31622776601683794,0.30462325391481054,-0.20961169160267426
0.9486832980505138,0.9486832980505138,1.0091139896799055,0.9404436852793624
0.31622776601683794,-0.9486832980505138,0.2885131584288308,-0.9769991181007466
-0.9486832980505138,0.31622776601683794,-0.9578655994180086,0.28613968974936155
0.31622776601683794,0.9486832980505138,0.2630621101084829,0.9289832967623216
-0.31622776601683794,-0.9486832980505138,-0.36968583093802854,-0.9381239411415767
0.31622776601683794,-0.31622776601683794,0.2866369988694605,-0.32113847493970593
-0.31622776601683794,0.9486832980505138,-0.3315079667816208,0.8382721553528586
0.31622776601683794,0.31622776601683794,0.27036096185623726,0.39491487394884445
-0.31622776601683794,-0.31622776601683794,-0.21006169432458363,-0.26654130143289995
0.9486832980505138,-0.31622776601683794,0.9484933292478411,-0.3518103508457704
0.9486832980505138,-0.9486832980505138,1.0595078597475327,-0.7888041658011913
0.31622776601683794,0.31622776601683794,0.3545003051543126,0.3304786802153171
0.31622776601683794,-0.9486832980505138,0.3586616308459737,-1.007700580322184
-0.31622776601683794,-0.9486832980505138,-0.2781177941083203,-0.9459706560066682
-0.9486832980505138,0.31622776601683794,-0.963041212208916,0.2776443136015127
-0.31622776601683794,0.9486832980505138,-0.3430173163221063,1.0711649766902467
-0.9486832980505138,0.31622776601683794,-1.038667092657653,0.32006006139745236
-0.9486832980505138,0.31622776601683794,-1.0098713258722112,0.23110748961161867
0.31622776601683794,-0.31622776601683794,0.2688831298772409,-0.3076598272312131
-0.31622776601683794,-0.31622776601683794,-0.23898418059802007,-0.2757038070967862
0.31622776601683794,-0.31622776601683794,0.3387697789956774,-0.35607991740691924
0.9486832980505138,-0.9486832980505138,0.9684039818516218,-0.949948030492848
0.9486832980505138,0.31622776601683794,0.9448072088569376,0.35700774734977603
-0.9486832980505138,-0.31622776601683794,-0.998791863567747,-0.4322653973794745
-0.31622776601683794,-0.9486832980505138,-0.4493384403189832,-0.9464622779946014
0.31622776601683794,-0.31622776601683794,0.4162450883073918,-0.33603105354986046
0.9486832980505138,0.31622776601683794,0.8560651853209102,0.31842657982290845
-0.9486832980505138,-0.9486832980505138,-0.9322892645192443,-0.9026551090699201
-0.9486832980505138,0.9486832980505138,-0.9833551012408315,0.9136120013691439
0.9486832980505138,-0.9486832980505138,1.042856982941452,-0.93000365494353
0.9486832980505138,-0.31622776601683794,0.8967314413340606,-0.3047093548247579
-0.9486832980505138,-0.31622776601683794,-0.9382514801141789,-0.3364613076865846
-0.31622776601683794,0.31622776601683794,-0.34279703282102786,0.34179086588191004
-0.9486832980505138,-0.9486832980505138,-0.8087067883572963,-0.9521935086502726
0.9486832980505138,-0.31622776601683794,0.9364952273195115,-0.38509617322672196
-0.31622776601683794,0.31622776601683794,-0.38619043241868867,0.4001798187027115
0.9486832980505138,0.9486832980505138,0.9185425494507303,0.9465526458983182
-0.31622776601683794,-0.31622776601683794,-0.1779083163827869,-0.2799170071575896
-0.31622776601683794,-0.31622776601683794,-0.39457795184802846,-0.28249152830123414
-0.31622776601683794,0.9486832980505138,-0.28143427588016345,0.9981674912418688
-0.31622776601683794,-0.31622776601683794,-0.32775680627437154,-0.3709592794116724
0.31622776601683794,-0.31622776601683794,0.36909323559440277,-0.27531003438513857
0.9486832980505138,0.31622776601683794,0.8992125563240817,0.365464331862214
0.31622776601683794,-0.31622776601683794,0.3444884071213367,-0.3412391394462008
0.31622776601683794,-0.9486832980505138,0.2473559639132526,-0.9278172258701803
0.31622776601683794,-0.9486832980505138,0.3603557076137428,-1.0758133737012219
0.9486832980505138,0.9486832980505138,0.8103663574807768,0.9289405359530609
0.31622776601683794,-0.9486832980505138,0.3361851535924688,-0.9248226069134557
-0.31622776601683794,0.31622776601683794,-0.49467783064305076,0.2934291892539188
-0.9486832980505138,0.31622776601683794,-0.9608182661859617,0.18151398962700832
0.31622776601683794,-0.9486832980505138,0.3045386010269406,-0.8640918227594621
0.31622776601683794,0.31622776601683794,0.246211562062806,0.35706145649598037
0.31622776601683794,0.31622776601683794,0.3674482531082599,0.3191047040071917
0.31622776601683794,0.9486832980505138,0.33014622002857275,0.9155949911309442
-0.9486832980505138,0.9486832980505138,-0.9495008697927816,1.0152025216412928
0.9486832980505138,-0.9486832980505138,1.0363252017579414,-0.879508654912715
0.31622776601683794,0.31622776601683794,0.3177389520695708,0.2534658964390145
0.9486832980505138,0.9486832980505138,1.0098341395022115,0.8784075752056185
-0.31622776601683794,0.9486832980505138,-0.31930960544722276,0.958928945731501
-0.9486832980505138,-0.31622776601683794,-0.8993793963999706,-0.37607662959789145
-0.31622776601683794,-0.9486832980505138,-0.27984441953755906,-0.9544963205816742
-0.31622776601683794,-0.31622776601683794,-0.3888268035475992,-0.22516362504812723
-0.31622776601683794,0.9486832980505138,-0.2865387254201549,0.9466440096496893
0.9486832980505138,0.9486832980505138,0.7484712235772736,1.040350074819643
0.9486832980505138,-0.31622776601683794,0.9580851413561148,-0.3622174370182624
0.9486832980505138,0.31622776601683794,0.9679879910750887,0.32775264733143505
0.31622776601683794,-0.9486832980505138,0.35303584982919134,-0.8749952102926872
-0.31622776601683794,-0.31622776601683794,-0.29752468206298094,-0.3909563387125541
0.31622776601683794,0.31622776601683794,0.2799149183567227,0.29128524496596875
0.9486832980505138,-0.31622776601683794,0.9939495346402489,-0.3598698245091099
-0.9486832980505138,0.9486832980505138,-1.0272664560118336,0.9560372824905322
0.31622776601683794,-0.9486832980505138,0.3702263217356812,-1.0085953068539104
0.9486832980505138,-0.31622776601683794,0.8965345486728534,-0.27835196132252876
0.31622776601683794,0.31622776601683794,0.4133281092823667,0.25019835627851
0.9486832980505138,0.31622776601683794,0.9402185851188047,0.3121762351531528
-0.9486832980505138,0.31622776601683794,-0.9409987150110746,0.3152552511398096
0.31622776601683794,-0.9486832980505138,0.40821344100817736,-1.0263251924625543
0.31622776601683794,0.9486832980505138,0.24465703180977819,1.0595844931987084
0.9486832980505138,0.31622776601683794,0.9340107117364546,0.2733008718108011
-0.31622776601683794,-0.31622776601683794,-0.3806566104498856,-0.28668678570373946
-0.31622776601683794,-0.31622776601683794,-0.35719867314538273,-0.37595274052934435
-0.31622776601683794,-0.9486832980505138,-0.24576833976221063,-1.0676848778700578
0.31622776601683794,-0.31622776601683794,0.42781119583174804,-0.20924304914344077
-0.31622776601683794,-0.9486832980505138,-0.24373028656987228,-1.0552421611250835
0.9486832980505138,0.31622776601683794,0.9110507782426263,0.3834056290985149
0.31622776601683794,-0.31622776601683794,0.4523733025771784,-0.2541101325716247
0.9486832980505138,0.9486832980505138,0.8886141043487206,1.0135387844790835
-0.31622776601683794,-0.31622776601683794,-0.399430429099396,-0.388458103685725
-0.9486832980505138,-0.9486832980505138,-0.9267204313814291,-0.9919487182376496
0.9486832980505138,-0.31622776601683794,0.9956051928941568,-0.2523638468801822
-0.9486832980505138,-0.9486832980505138,-0.8614089178454026,-0.9781140701493567
-0.9486832980505138,0.31622776601683794,-0.907514087521486,0.19778893947930054
-0.31622776601683794,0.31622776601683794,-0.42542091270555255,0.24799612009802754
0.31622776601683794,0.9486832980505138,0.2615217123620708,1.0552651039531955
-0.31622776601683794,0.31622776601683794,-0.3108560676713485,0.26897431082544254
-0.9486832980505138,-0.9486832980505138,-0.8743617328509343,-0.8699206116886408
-0.31622776601683794,-0.9486832980505138,-0.17054890962133504,-0.9148703218343994
0.9486832980505138,0.9486832980505138,0.8464645918141195,0.9688809484947833
0.9486832980505138,-0.9486832980505138,0.8880947759316202,-0.872877432114181
0.31622776601683794,-0.31622776601683794,0.27252383343895537,-0.3289182642853746
-0.9486832980505138,0.9486832980505138,-1.0093803123114953,0.8600398129544984
-0.9486832980505138,-0.9486832980505138,-0.8273247213984961,-0.9804899629735297
-0.9486832980505138,-0.9486832980505138,-0.978636663503649,-0.9083878679015059
-0.9486832980505138,-0.31622776601683794,-0.919079285857718,-0.34810869600344374
0.9486832980505138,-0.31622776601683794,1.0052412396688142,-0.2554418271169194
0.31622776601683794,-0.31622776601683794,0.3386633085024251,-0.36458348033430216
-0.31622776601683794,0.31622776601683794,-0.22621243776066,0.2338066618643643
-0.9486832980505138,0.31622776601683794,-0.9643871806316726,0.3013116288417731
0.9486832980505138,-0.9486832980505138,1.0863185311647054,-0.8042859441282171
-0.9486832980505138,0.31622776601683794,-1.0245699488477762,0.22392335891423581
0.31622776601683794,0.9486832980505138,0.36897770995672174,1.0476009393719983
0.9486832980505138,0.31622776601683794,0.9334424041791264,0.25356581418831675
-0.9486832980505138,-0.9486832980505138,-0.9077430122526232,-0.9323099905552129
0.31622776601683794,0.31622776601683794,0.27449320010271083,0.3571207582682318
-0.9486832980505138,0.31622776601683794,-1.0758152620238621,0.283841098288127
-0.9486832980505138,-0.9486832980505138,-0.85611429163436,-1.0172535404928813
0.31622776601683794,0.9486832980505138,0.2787899258727016,0.9935679968601382
0.31622776601683794,-0.9486832980505138,0.4563393502900549,-0.8997253821531386
0.9486832980505138,-0.9486832980505138,0.9239542934848703,-0.8529172266372906
0.9486832980505138,0.9486832980505138,0.8911614070887554,1.0004701087581942
0.31622776601683794,-0.31622776601683794,0.31402017087800654,-0.3610530241966766
-0.31622776601683794,0.9486832980505138,-0.32521177796744694,0.9614550297761482
-0.9486832980505138,0.9486832980505138,-0.9894335006043049,0.8624067973431847
0.9486832980505138,0.31622776601683794,0.9204158503431966,0.4664338883032385
0.9486832980505138,-0.9486832980505138,0.9722807400135033,-0.897753566538464
-0.31622776601683794,0.31622776601683794,-0.38763076155365883,0.2872813310085303
0.31622776601683794,0.9486832980505138,0.2563225952841293,0.9368646338853829
0.31622776601683794,0.31622776601683794,0.2543416153004121,0.29562756090764486
-0.31622776601683794,0.9486832980505138,-0.3262117919142998,0.9844354705898427
0.9486832980505138,-0.9486832980505138,0.9320186755257502,-0.8712646694257395
-0.9486832980505138,-0.31622776601683794,-1.000812871448646,-0.3952599978276335
0.31622776601683794,-0.9486832980505138,0.41795596771959775,-0.9520938839429746
0.31622776601683794,0.9486832980505138,0.23460527403487733,1.0182277874564551
0.9486832980505138,-0.31622776601683794,0.8986731578817637,-0.4147657728177719
0.31622776601683794,-0.9486832980505138,0.3218284684055915,-0.9339342591353659
0.9486832980505138,-0.31622776601683794,0.9350999711559205,-0.24460102862692795
0.9486832980505138,0.9486832980505138,0.9132914252396663,0.9919820046481249
0.9486832980505138,-0.9486832980505138,0.8843715305600318,-0.8530363669188847
0.9486832980505138,0.9486832980505138,0.8723155547693382,0.9455000091488505
-0.9486832980505138,0.9486832980505138,-0.9861654293578629,0.83865789033211
0.31622776601683794,0.31622776601683794,0.24430963165925348,0.39886483283459484
0.9486832980505138,0.9486832980505138,0.8831520755071302,0.994223541237928
0.9486832980505138,0.31622776601683794,0.8504301426932375,0.26787174791553237
0.31622776601683794,0.31622776601683794,0.32787219750094077,0.41688500353838853
0.31622776601683794,-0.9486832980505138,0.2980781262917707,-0.8881722617988737
-0.31622776601683794,0.31622776601683794,-0.20948000811522915,0.35110621957706667
-0.9486832980505138,0.9486832980505138,-1.031703245139643,0.8447850093501327
-0.9486832980505138,0.9486832980505138,-0.985409502164407,0.919791226103942
0.31622776601683794,0.31622776601683794,0.2541483531499894,0.30797832582790374
-0.9486832980505138,-0.9486832980505138,-0.9201851622505791,-0.8921891858684214
0.31622776601683794,-0.9486832980505138,0.3554631728938743,-0.8740762151813988
-0.9486832980505138,-0.31622776601683794,-0.8955988166891561,-0.42439433964287576
0.9486832980505138,0.9486832980505138,1.083766409400875,0.984194194593427
0.31622776601683794,-0.31622776601683794,0.25747963645070954,-0.22992792311055305
0.9486832980505138,0.31622776601683794,0.8645084994678913,0.37792402668165587
-0.31622776601683794,-0.9486832980505138,-0.22242034250909093,-0.8546561615364003
0.9486832980505138,0.31622776601683794,0.9491785329999043,0.3747192366059649
0.31622776601683794,-0.9486832980505138,0.34636780109332727,-0.9308721844775287
-0.9486832980505138,-0.9486832980505138,-0.950440380675079,-0.9593214255191855
0.31622776601683794,-0.9486832980505138,0.34059696487987273,-1.0109217843686655
-0.9486832980505138,-0.31622776601683794,-0.9266367629414239,-0.41199562679662644
-0.9486832980505138,0.31622776601683794,-0.8320385840126073,0.2611503765050276
-0.31622776601683794,-0.31622776601683794,-0.35804641128401055,-0.3902655477473766
-0.31622776601683794,0.9486832980505138,-0.40163114616560514,0.9529337378629958
-0.9486832980505138,-0.9486832980505138,-0.8671764447870922,-1.012040068965494
0.9486832980505138,0.9486832980505138,0.8174905243590846,1.0382231685735162
-0.9486832980505138,0.9486832980505138,-0.9217090638437773,0.8027745248988222
-0.31622776601683794,0.9486832980505138,-0.4202241933785008,0.8984024088976498
0.9486832980505138,-0.31622776601683794,0.9059365553748322,-0.368210406075628
-0.31622776601683794,0.9486832980505138,-0.4117676104629637,0.9239227487969803
0.31622776601683794,0.9486832980505138,0.3163780915718683,1.0237979172849672
0.9486832980505138,-0.31622776601683794,0.9868947276274982,-0.34725670469959774
-0.9486832980505138,0.9486832980505138,-0.889455366258971,0.8668566784125357
0.9486832980505138,-0.31622776601683794,0.8971657041881284,-0.36122853579852293
0.9486832980505138,0.31622776601683794,0.9258118359375287,0.3923666560117442
0.31622776601683794,-0.31622776601683794,0.33539293439919077,-0.43143700259427376
-0.9486832980505138,-0.9486832980505138,-0.8828347179091244,-0.9604336027405195
0.9486832980505138,-0.31622776601683794,1.0647075372315433,-0.17581066637712117
-0.31622776601683794,0.9486832980505138,-0.3541890345191956,0.9472367991124679
-0.31622776601683794,-0.31622776601683794,-0.31212696623010455,-0.3591950593837365
0.9486832980505138,0.31622776601683794,0.9835079355489083,0.35149195881764866
-0.9486832980505138,-0.9486832980505138,-0.8939059439416278,-1.0073287215119915
-0.31622776601683794,0.9486832980505138,-0.34327215821892637,1.0071021322139646
-0.31622776601683794,0.31622776601683794,-0.2738024817506011,0.32153456987726964
-0.9486832980505138,-0.9486832980505138,-0.9377602784687488,-0.96768022430074
-0.9486832980505138,0.9486832980505138,-0.9246003017119097,0.9560685413918393
-0.9486832980505138,-0.31622776601683794,-0.9804364696172702,-0.32767321084766804
-0.9486832980505138,0.31622776601683794,-0.9216461278674022,0.30908218407550303
-0.9486832980505138,-0.9486832980505138,-0.9198309943835707,-1.0483732913185086
-0.31622776601683794,0.9486832980505138,-0.30521554047995975,1.0356200196707401
-0.9486832980505138,-0.31622776601683794,-0.9589074001386625,-0.33225539439945545
-0.31622776601683794,-0.31622776601683794,-0.2671006071646031,-0.28477502845781366
-0.31622776601683794,-0.9486832980505138,-0.3295060636356954,-0.8113488886142726
-0.9486832980505138,-0.31622776601683794,-0.9507678545440853,-0.39369178006644107
-0.9486832980505138,0.9486832980505138,-0.9431335340102418,0.9365736923525368
-0.31622776601683794,-0.31622776601683794,-0.3721653912811423,-0.38847204916415057
-0.31622776601683794,-0.31622776601683794,-0.30429551623321344,-0.2717918918407263
-0.9486832980505138,-0.9486832980505138,-1.064415600706717,-0.9159013063137281
0.31622776601683794,-0.31622776601683794,0.34084216328731365,-0.25869512299844216
0.31622776601683794,0.31622776601683794,0.3302404201355951,0.26805213653272214
-0.31622776601683794,-0.9486832980505138,-0.25693200889197193,-0.9944516248002844
-0.31622776601683794,0.31622776601683794,-0.3178821208759505,0.27179973094650334
-0.31622776601683794,-0.31622776601683794,-0.4413163071147359,-0.37647558613509474
0.9486832980505138,-0.31622776601683794,0.8923170865408266,-0.2716499678953086
0.9486832980505138,0.31622776601683794,0.9957751894423971,0.2982442293539185
0.31622776601683794,-0.9486832980505138,0.3540430048629226,-1.0230148026241335
-0.9486832980505138,-0.31622776601683794,-0.9319572460991024,-0.31069346359757855
-0.9486832980505138,0.9486832980505138,-0.9088237632129471,1.02677201199127
0.31622776601683794,0.31622776601683794,0.3393451480665261,0.2954854568986284
0.9486832980505138,-0.31622776601683794,0.9211957408554863,-0.3966596630874074
-0.31622776601683794,0.31622776601683794,-0.24641479918511366,0.400994991785228
0.31622776601683794,0.9486832980505138,0.3018156038035609,0.9622379011898274
-0.31622776601683794,-0.9486832980505138,-0.2873056796049175,-0.9418726058758646
0.31622776601683794,-0.9486832980505138,0.24901286388511418,-0.9629166267795516
-0.31622776601683794,0.9486832980505138,-0.35616449632852465,0.8694909589891759
-0.9486832980505138,0.31622776601683794,-0.9793658018754801,0.22480817413688203
-0.9486832980505138,0.31622776601683794,-0.9633055077554856,0.301576463082361
-0.9486832980505138,-0.31622776601683794,-1.0249874794716238,-0.38243135417392593
-0.31622776601683794,-0.9486832980505138,-0.2619579460934917,-0.8357143584124779
0.31622776601683794,-0.9486832980505138,0.28723629352517743,-0.9931870898711679
-0.9486832980505138,0.9486832980505138,-0.7614834595188383,0.906273691172527
-0.31622776601683794,0.9486832980505138,-0.2725634129447504,0.9749551026998791
0.9486832980505138,-0.31622776601683794,1.0606509949342082,-0.461698420314121
-0.9486832980505138,0.9486832980505138,-0.9073324655401526,0.9643554787207695
0.31622776601683794,-0.31622776601683794,0.32030032320871216,-0.3048845265287218
0.9486832980505138,0.9486832980505138,0.9450694952682144,1.0296933214833524
-0.31622776601683794,0.9486832980505138,-0.3021392921015102,0.9032627077577523
0.9486832980505138,-0.31622776601683794,0.9496540074101877,-0.3174630818861782
-0.31622776601683794,0.9486832980505138,-0.3098162002921354,0.9151853254280135
0.31622776601683794,0.31622776601683794,0.44378145227899285,0.19359124797916213
-0.9486832980505138,-0.31622776601683794,-0.9852131063332207,-0.18754525899930305
0.31622776601683794,-0.9486832980505138,0.35537268306590164,-0.9587219213419902
-0.31622776601683794,0.31622776601683794,-0.2909623621641132,0.2879115715662114
-0.9486832980505138,-0.31622776601683794,-0.9515004128134296,-0.35520504310457507
-0.9486832980505138,0.9486832980505138,-0.8578502315913413,0.8801277905817456
0.9486832980505138,0.31622776601683794,0.9572258055725545,0.2242065182504626
-0.9486832980505138,-0.9486832980505138,-0.983627070727616,-1.0018343336494115
0.31622776601683794,-0.9486832980505138,0.34871659079680023,-0.9581735982713304
0.9486832980505138,-0.9486832980505138,1.000187568440227,-0.8937612699954703
-0.9486832980505138,-0.31622776601683794,-0.917189902713329,-0.21945731901176307
-0.9486832980505138,-0.31622776601683794,-0.8943883870981104,-0.27762279439421145
-0.31622776601683794,0.9486832980505138,-0.23658326618997041,0.9217358101440892
-0.9486832980505138,0.9486832980505138,-0.9075792539818875,0.8992754559205388
0.31622776601683794,-0.31622776601683794,0.31799424905146323,-0.3039682194599421
-0.9486832980505138,-0.9486832980505138,-1.0126822724306115,-1.0296839925432468
0.31622776601683794,-0.31622776601683794,0.348021474386588,-0.2712816004515444
-0.9486832980505138,0.31622776601683794,-0.961130168974443,0.2168205922666052
0.31622776601683794,-0.31622776601683794,0.36736444437827775,-0.35722671010736623
-0.9486832980505138,0.9486832980505138,-0.9634574314442953,0.9683764091535564
-0.31622776601683794,-0.31622776601683794,-0.3947960278123302,-0.3507037156011636
0.31622776601683794,-0.31622776601683794,0.4122869306787023,-0.23195610925941584
-0.31622776601683794,-0.31622776601683794,-0.23231230525176752,-0.35812206159760923
0.31622776601683794,0.9486832980505138,0.4591930325468412,0.9939924793988892
-0.9486832980505138,-0.31622776601683794,-1.0276522809046647,-0.262866289326665
0.9486832980505138,0.31622776601683794,0.9649367150408436,0.2169590242574019
0.9486832980505138,0.9486832980505138,0.915949243630304,0.9428243259454064
0.9486832980505138,-0.31622776601683794,0.9535904642337235,-0.2690603577262548
-0.31622776601683794,0.9486832980505138,-0.21289766816272565,1.0018916966936215
-0.9486832980505138,-0.9486832980505138,-1.0324110071475237,-0.9969449200830127
0.9486832980505138,-0.31622776601683794,0.9958287257508591,-0.31809028217586927
-0.31622776601683794,0.31622776601683794,-0.4285554899532982,0.2653704638150989
0.9486832980505138,-0.31622776601683794,0.9184875778728242,-0.34472541749641106
-0.9486832980505138,-0.9486832980505138,-0.9559505614140581,-1.0011463179263926
-0.31622776601683794,-0.31622776601683794,-0.25333895835647635,-0.40965986113842917
0.31622776601683794,-0.31622776601683794,0.30139481284870967,-0.23506987469093202
-0.31622776601683794,-0.9486832980505138,-0.3756311257056594,-0.9245617084734846
0.9486832980505138,-0.31622776601683794,0.9602401583464943,-0.3577467902857301
0.9486832980505138,0.31622776601683794,0.8257974383299073,0.4078939585477041
-0.9486832980505138,-0.31622776601683794,-0.7823923557836348,-0.25476116722384956
-0.9486832980505138,0.9486832980505138,-0.990340389201044,0.9953584928421956
0.31622776601683794,-0.31622776601683794,0.3550504140404359,-0.28407758534818794
0.9486832980505138,0.31622776601683794,0.9995605175975013,0.3916424401290996
0.31622776601683794,0.9486832980505138,0.28578658943559404,0.8656924133410078
-0.31622776601683794,0.9486832980505138,-0.336551301320845,0.9715618009896997
0.9486832980505138,-0.31622776601683794,0.9551068342064913,-0.3425507613210939
0.9486832980505138,-0.9486832980505138,0.9649149133050523,-1.017666595223857
0.9486832980505138,-0.9486832980505138,0.8526663038773014,-0.9041250677671726
0.9486832980505138,-0.9486832980505138,0.9262026665598644,-1.0019427227769724
0.31622776601683794,0.31622776601683794,0.30708147850300793,0.3018748053045503
-0.9486832980505138,-0.9486832980505138,-1.014990843802005,-0.9737724694822567
0.9486832980505138,0.9486832980505138,0.9078930974941842,0.9609204799875402
-0.31622776601683794,0.31622776601683794,-0.3063132388113511,0.36808707212599023
0.9486832980505138,-0.31622776601683794,0.8305144049060843,-0.3221784661986164
-0.9486832980505138,0.9486832980505138,-0.9746999201758837,1.0015141031510428
0.31622776601683794,-0.31622776601683794,0.37702963835297487,-0.28721156433217365
0.9486832980505138,-0.31622776601683794,0.9792813284969875,-0.17819486519454963
0.9486832980505138,0.31622776601683794,0.8914275547027921,0.25459469450838
0.9486832980505138,0.9486832980505138,0.8830165571429186,0.9587055119264444
0.9486832980505138,0.9486832980505138,0.8513233748978885,0.9700358419728042
-0.9486832980505138,-0.31622776601683794,-0.8466538809728987,-0.23162552778747225
0.9486832980505138,-0.9486832980505138,0.842723474716368,-0.8515452091675351
-0.31622776601683794,-0.9486832980505138,-0.3391337745842002,-0.9623247043062404
0.31622776601683794,-0.9486832980505138,0.44615505428404284,-0.8961224641073287
-0.31622776601683794,-0.9486832980505138,-0.3299632156208358,-1.0908394783160555
0.31622776601683794,-0.31622776601683794,0.3612335697264442,-0.396290547076673
0.31622776601683794,-0.31622776601683794,0.3819457998146696,-0.24365669416845592
0.31622776601683794,-0.31622776601683794,0.2881037321164132,-0.36615776499924213
-0.31622776601683794,0.31622776601683794,-0.21073241414715335,0.2772365292619357
0.31622776601683794,0.31622776601683794,0.22301035698310032,0.3847088076265351
0.9486832980505138,0.9486832980505138,0.926917734824706,1.0815601895507287
-0.9486832980505138,-0.9486832980505138,-0.8500070678338978,-0.9475745224170299
-0.9486832980505138,-0.31622776601683794,-0.8548019021846848,-0.39573996828099856
0.9486832980505138,0.31622776601683794,0.8052357521433323,0.47131202664964683
-0.9486832980505138,0.9486832980505138,-1.0473639164786994,0.7661444723505515
0.31622776601683794,-0.9486832980505138,0.39909963642511415,-0.9659136167141551
0.9486832980505138,-0.31622776601683794,0.9405067329918599,-0.14228467583595947
-0.31622776601683794,-0.31622776601683794,-0.28227940109401256,-0.4484710882337683
0.9486832980505138,-0.9486832980505138,0.9753820550518462,-0.922722671370233
0.31622776601683794,0.9486832980505138,0.3575981770455207,0.9117660956393069
-0.31622776601683794,-0.9486832980505138,-0.23801031529326905,-1.0381630857406723
0.31622776601683794,0.31622776601683794,0.2553283762388804,0.41792480781851143
-0.31622776601683794,-0.9486832980505138,-0.27903815341664684,-0.9425646192752956
0.31622776601683794,0.31622776601683794,0.3354262394329354,0.3157875702989077
-0.9486832980505138,-0.31622776601683794,-0.9028722174499698,-0.4489304841664115
-0.31622776601683794,0.31622776601683794,-0.3764220647567123,0.3326793545703297
-0.31622776601683794,0.31622776601683794,-0.27098155883396474,0.2765727063026601
0.31622776601683794,-0.9486832980505138,0.379727380989419,-0.9467156198737345
-0.31622776601683794,0.9486832980505138,-0.3513997481025312,1.0219355810685753
-0.9486832980505138,0.9486832980505138,-0.9414245527645027,0.8603572239594476
0.31622776601683794,0.31622776601683794,0.32095503238979456,0.41337462163748484
-0.31622776601683794,-0.31622776601683794,-0.2797303696776832,-0.42127145535140154
-0.9486832980505138,0.31622776601683794,-1.031825971665462,0.30030339667493516
-0.31622776601683794,-0.9486832980505138,-0.17207689674465645,-0.9471762284666291
-0.9486832980505138,-0.31622776601683794,-0.8612556948624948,-0.3672791977920234
0.31622776601683794,0.31622776601683794,0.2182246229342242,0.26402041562580836
0.31622776601683794,0.9486832980505138,0.16009398747349415,1.0274776725097583
-0.9486832980505138,0.9486832980505138,-0.9102437098620282,0.876393900605512
0.9486832980505138,-0.9486832980505138,0.9949323066161283,-0.9960262137192619
-0.9486832980505138,-0.9486832980505138,-0.9528373593219446,-0.9738495806313544
-0.31622776601683794,-0.9486832980505138,-0.161133598936088,-0.9617598715773036
-0.31622776601683794,0.31622776601683794,-0.3333495695297764,0.32660955412871767
0.9486832980505138,-0.31622776601683794,1.0347886913985003,-0.2337871616604062
-0.31622776601683794,-0.31622776601683794,-0.3113935841748767,-0.3386871776423007
0.9486832980505138,0.9486832980505138,0.8336394691853491,1.0158225920091162
0.9486832980505138,-0.31622776601683794,1.0214656046544084,-0.1673068405961218
0.31622776601683794,-0.31622776601683794,0.3503252458959367,-0.27259071734438006
-0.9486832980505138,-0.31622776601683794,-0.9233825680126527,-0.4420687999426799
-0.9486832980505138,-0.31622776601683794,-0.9576722479501601,-0.38930961333018543
0.9486832980505138,0.9486832980505138,0.8603979544076302,1.0350337320557714
-0.31622776601683794,-0.9486832980505138,-0.33498224538679044,-0.8980432461184679
-0.31622776601683794,-0.31622776601683794,-0.34048905375052574,-0.2764238064623278
-0.9486832980505138,0.9486832980505138,-0.9520181280435738,0.9324886947102841
0.31622776601683794,-0.31622776601683794,0.3437283496764459,-0.2751750164505228
0.9486832980505138,-0.31622776601683794,0.8971108149416477,-0.20319634558827557
-0.9486832980505138,-0.9486832980505138,-0.8969955274597243,-1.0444692099529496
-0.31622776601683794,-0.9486832980505138,-0.2124677374634268,-0.8964480295693633
0.31622776601683794,-0.31622776601683794,0.39294682805224584,-0.22586616455043582
0.31622776601683794,-0.9486832980505138,0.3882941037093459,-0.9036876717644869
0.9486832980505138,-0.31622776601683794,0.9371888871160613,-0.1622752118516186
-0.9486832980505138,-0.9486832980505138,-0.8579920892257599,-0.9990547178616576
-0.9486832980505138,-0.31622776601683794,-0.9254141268935326,-0.2889996890154475
-0.9486832980505138,-0.9486832980505138,-0.8455828903756412,-0.9824956372562547
-0.9486832980505138,-0.9486832980505138,-0.850164637609103,-0.973394358566218
0.9486832980505138,-0.31622776601683794,0.938600685051399,-0.2183071672560305
-0.31622776601683794,-0.31622776601683794,-0.33254956228984267,-0.29286824462468236
-0.31622776601683794,-0.31622776601683794,-0.25996423668795515,-0.3196628581771706
0.9486832980505138,-0.9486832980505138,0.9292637485596128,-0.8361511887789758
-0.9486832980505138,0.9486832980505138,-1.0429603718052594,0.9201840407918161
-0.9486832980505138,-0.9486832980505138,-0.8659743239197559,-0.971739769879043
-0.9486832980505138,-0.9486832980505138,-0.9359930825609298,-1.0277928308053093
0.31622776601683794,-0.31622776601683794,0.35761102046348453,-0.22360756596697018
-0.9486832980505138,0.9486832980505138,-1.0072662904929164,0.9424528706907291
0.9486832980505138,-0.9486832980505138,0.9790973509139722,-0.7654685277070088
0.9486832980505138,0.31622776601683794,0.9227186121663595,0.3015409592182022
-0.31622776601683794,0.31622776601683794,-0.3640296027490484,0.2706549995458946
0.9486832980505138,0.31622776601683794,0.9914029608399039,0.35238230807843124
-0.9486832980505138,-0.9486832980505138,-0.875626673417402,-1.0346084483279487
0.31622776601683794,-0.9486832980505138,0.26279683842735363,-0.8435301075266562
0.31622776601683794,0.31622776601683794,0.21218906446202682,0.30715093795145326
-0.9486832980505138,0.31622776601683794,-0.9983371112320337,0.20925235993921668
0.9486832980505138,0.9486832980505138,0.8817530621043955,1.0471698605091813
0.31622776601683794,0.31622776601683794,0.37212344272490105,0.37445529629304847
-0.31622776601683794,-0.9486832980505138,-0.2657640214801855,-0.9612401867982754
0.31622776601683794,-0.9486832980505138,0.3169256395169973,-0.7685293141762289
0.31622776601683794,-0.31622776601683794,0.3699621850625152,-0.2835613333137463
-0.31622776601683794,-0.9486832980505138,-0.18305075382654715,-0.9756311604559796
-0.31622776601683794,0.31622776601683794,-0.425359330717955,0.25050814173538266
-0.31622776601683794,0.9486832980505138,-0.4395850985205541,0.9521806983259119
-0.9486832980505138,-0.9486832980505138,-0.7788706690969138,-1.0213446956253582
0.9486832980505138,-0.31622776601683794,0.8707030662911724,-0.19209359783674326
-0.9486832980505138,0.31622776601683794,-0.8784262652075282,0.2529242659716646
-0.9486832980505138,0.9486832980505138,-1.02801555309685,0.8332576980140055
0.9486832980505138,0.31622776601683794,0.8115438741865132,0.26954497829686963
0.31622776601683794,0.31622776601683794,0.352354355845561,0.3948496076015911
0.31622776601683794,0.31622776601683794,0.3069064600899856,0.3677430291356276
0.31622776601683794,0.31622776601683794,0.32507112435040186,0.28187287976561476
-0.31622776601683794,-0.31622776601683794,-0.2295619733811107,-0.3744950403144929
-0.31622776601683794,0.31622776601683794,-0.326899994425161,0.3044803954868752
0.31622776601683794,0.31622776601683794,0.32367819807651393,0.30219032850524796
-0.9486832980505138,-0.9486832980505138,-0.8664685481379649,-0.9988272056703792
-0.31622776601683794,-0.9486832980505138,-0.20818909987204132,-0.8921923403154793
-0.31622776601683794,-0.31622776601683794,-0.40563023824364264,-0.29220795128094407
0.9486832980505138,0.31622776601683794,0.9241279058814746,0.2875581570028362
0.31622776601683794,-0.31622776601683794,0.3356754042781847,-0.282146251116287
-0.31622776601683794,0.9486832980505138,-0.3811950500025019,0.9546522640652847
0.31622776601683794,-0.9486832980505138,0.4552308503222182,-0.8881248373192814
-0.9486832980505138,-0.9486832980505138,-0.9271767403980914,-1.0133320331677926
0.31622776601683794,-0.9486832980505138,0.32546183380800564,-0.9297087031797026
-0.31622776601683794,0.31622776601683794,-0.363047798183015,0.21420140337968385
0.31622776601683794,-0.9486832980505138,0.5008440434445597,-0.8985768510145435
0.31622776601683794,-0.31622776601683794,0.2567835735230378,-0.3623027228697055
-0.9486832980505138,-0.9486832980505138,-0.9081479739588834,-0.8446340905275219
-0.9486832980505138,-0.31622776601683794,-0.795407623887101,-0.36032295362506883
0.31622776601683794,-0.31622776601683794,0.27957941956646065,-0.2698178906706868
-0.9486832980505138,-0.9486832980505138,-0.8475192793905063,-1.089262879593497
-0.31622776601683794,0.9486832980505138,-0.42920371654324696,1.0588046567781277
0.9486832980505138,0.9486832980505138,0.8785224935447188,1.0386204832671937
-0.9486832980505138,-0.9486832980505138,-0.8743427632388692,-0.9237720815531084
-0.31622776601683794,0.9486832980505138,-0.3577104087552715,0.923178964883356
-0.31622776601683794,-0.9486832980505138,-0.37195393085507467,-0.880465692225081
-0.9486832980505138,0.9486832980505138,-0.9001865269179408,0.97226682972821
0.9486832980505138,-0.9486832980505138,0.9296506913482124,-0.9408835595860167
-0.31622776601683794,0.9486832980505138,-0.38772210092225706,0.9413467468177115
-0.9486832980505138,0.31622776601683794,-0.9218216436807035,0.33524208799763744
0.31622776601683794,-0.9486832980505138,0.3083941787903129,-0.9680907431715597
-0.31622776601683794,-0.31622776601683794,-0.2678580565141622,-0.37824309038717835
0.31622776601683794,-0.9486832980505138,0.38594267181712016,-1.0018549884492063
0.9486832980505138,-0.31622776601683794,0.9226315884861538,-0.24445947786928932
0.31622776601683794,-0.31622776601683794,0.2640667035482242,-0.3580190696146796
0.9486832980505138,-0.31622776601683794,0.9515641860731539,-0.2616584690104078
0.9486832980505138,0.9486832980505138,0.9577426383728969,1.0265713968330448
0.9486832980505138,0.9486832980505138,0.8760126686502838,0.9979185794725507
-0.9486832980505138,-0.31622776601683794,-0.9743235964643618,-0.3533049670467616
-0.31622776601683794,-0.9486832980505138,-0.28624489920623913,-0.96953955318678
-0.31622776601683794,0.9486832980505138,-0.4245257164751351,0.9279251581565477
-0.9486832980505138,-0.31622776601683794,-0.955460970367353,-0.4152001169890968
0.31622776601683794,-0.9486832980505138,0.3000334219675086,-0.9411961742755688
-0.31622776601683794,-0.31622776601683794,-0.3578326856715615,-0.40010488752810786
0.31622776601683794,-0.9486832980505138,0.4101233440555111,-0.9382488139977171
0.31622776601683794,0.31622776601683794,0.3472146246800045,0.425809639205543
0.9486832980505138,0.9486832980505138,0.8688156421499176,0.9778985082338255
0.31622776601683794,-0.9486832980505138,0.34399875084409276,-0.894915518540666
-0.31622776601683794,0.9486832980505138,-0.37161515862349725,0.909487744384788
-0.31622776601683794,0.31622776601683794,-0.39241185794416983,0.3228795399842693
0.31622776601683794,-0.9486832980505138,0.3978080177374376,-0.9132761028489949
0.9486832980505138,0.31622776601683794,0.8934420438851407,0.3772644416711361
-0.9486832980505138,-0.9486832980505138,-0.9816564897793401,-0.9953468776549997
-0.31622776601683794,-0.9486832980505138,-0.28308188325440814,-0.8178382564103197
0.31622776601683794,0.9486832980505138,0.4299424425923751,0.9160782773555172
-0.31622776601683794,-0.9486832980505138,-0.21703632417499327,-0.9677171736014442
-0.9486832980505138,0.9486832980505138,-1.1305546356906888,0.9316674150054184
0.31622776601683794,-0.31622776601683794,0.24671555524264843,-0.3127278732184205
0.9486832980505138,-0.31622776601683794,0.9181671236960776,-0.19652866099819205
0.9486832980505138,-0.9486832980505138,1.0196326339195978,-0.9762593463937892
-0.9486832980505138,-0.9486832980505138,-0.9235752381647576,-0.9826670232377603
-0.31622776601683794,-0.9486832980505138,-0.3285270230939162,-0.8328587501384042
0.9486832980505138,-0.9486832980505138,0.9983895935171729,-0.8627557421716857
0.31622776601683794,-0.31622776601683794,0.29865047031551945,-0.21695302089058854
-0.9486832980505138,0.9486832980505138,-0.9727641542121472,0.8036071180525521
-0.9486832980505138,0.9486832980505138,-1.016758364901601,1.0347392662694581
0.31622776601683794,-0.31622776601683794,0.2408239591081578,-0.27065702654267965
0.31622776601683794,-0.9486832980505138,0.3849641129411291,-0.9514195765626958
-0.9486832980505138,-0.9486832980505138,-0.9177578094068157,-0.9205949496241103
-0.31622776601683794,0.9486832980505138,-0.29982534251249077,0.9060966168156079
-0.9486832980505138,-0.31622776601683794,-0.8376565511459828,-0.3575030876258656
0.9486832980505138,-0.9486832980505138,1.000647548513869,-1.0033921718810348
0.31622776601683794,-0.31622776601683794,0.31072899497090123,-0.2487790467500431
0.9486832980505138,0.9486832980505138,0.9282142981536063,0.8747945497822176
0.9486832980505138,-0.9486832980505138,1.0687604003635185,-0.8895643039687887
-0.9486832980505138,-0.31622776601683794,-0.918562220328453,-0.3532883940408624
0.9486832980505138,0.9486832980505138,0.8094269827369339,1.036969219064444
-0.9486832980505138,0.31622776601683794,-0.9620732108617865,0.2179228493623878
-0.31622776601683794,-0.31622776601683794,-0.3018263163582489,-0.353995451703034
-0.9486832980505138,-0.31622776601683794,-0.8640774286019772,-0.45264980502913776
-0.31622776601683794,0.31622776601683794,-0.30435680768183554,0.3106270473634497
0.31622776601683794,-0.31622776601683794,0.4929061250402771,-0.30661600854132937
-0.31622776601683794,0.31622776601683794,-0.43375709031107285,0.30723738021170505
-0.9486832980505138,0.31622776601683794,-0.8058864431512208,0.2818009707400406
0.9486832980505138,-0.31622776601683794,0.941818571906547,-0.15190813928878819
-0.9486832980505138,-0.9486832980505138,-0.8561871718105863,-0.9832521021125276
-0.31622776601683794,-0.9486832980505138,-0.3440073798112585,-1.0275917483221717
-0.31622776601683794,0.31622776601683794,-0.26767526487106963,0.3484893566982538
-0.31622776601683794,-0.31622776601683794,-0.3536773592438846,-0.40721651583041324
-0.9486832980505138,-0.31622776601683794,-0.8587086636223248,-0.3553864859163461
0.9486832980505138,0.31622776601683794,0.9123808798563988,0.37968231244391853
-0.9486832980505138,0.9486832980505138,-0.8812903393478527,0.9064394325054743
0.9486832980505138,-0.31622776601683794,0.9780667442524974,-0.17533966497588244
-0.31622776601683794,0.31622776601683794,-0.33950749051704743,0.21477834056979403
0.31622776601683794,0.9486832980505138,0.48373533409275343,0.8867784076649682
-0.9486832980505138,0.9486832980505138,-1.035269896017175,0.9576903621133582
-0.9486832980505138,-0.31622776601683794,-1.0309223871279216,-0.3138102425975665
-0.9486832980505138,-0.31622776601683794,-0.9267179588073265,-0.2698022516335071
-0.9486832980505138,-0.9486832980505138,-0.9275135519380706,-0.9602044714325862
-0.9486832980505138,0.31622776601683794,-0.9468575960296702,0.29059379892691617
-0.9486832980505138,0.31622776601683794,-0.9552125981269056,0.19927410395585834
0.9486832980505138,-0.9486832980505138,1.0114460055805814,-0.90776780281917
-0.9486832980505138,0.31622776601683794,-1.0249532541769608,0.3928261932327576
0.9486832980505138,-0.9486832980505138,1.006215517599467,-1.0019173533238452
0.31622776601683794,0.9486832980505138,0.36554793855649553,1.0221437366516095
-0.31622776601683794,-0.9486832980505138,-0.22367526539726373,-0.9317556369333844
0.9486832980505138,0.9486832980505138,0.9036347579256873,0.9441912736958888
0.9486832980505138,-0.9486832980505138,0.9379038951664054,-0.7994349674292581
0.9486832980505138,-0.9486832980505138,1.0663213834726117,-0.9301337485771237
-0.9486832980505138,-0.9486832980505138,-0.9329288586108313,-0.9519510480689128
0.31622776601683794,-0.31622776601683794,0.3397020198520982,-0.2884687300706236
0.9486832980505138,0.9486832980505138,0.8049499491184439,0.8387950958938397
0.31622776601683794,-0.31622776601683794,0.36928849219814475,-0.3137614866755002
-0.31622776601683794,0.31622776601683794,-0.24976901677113428,0.17248164155591775
0.31622776601683794,0.9486832980505138,0.30511012486883987,1.0355951267155068
0.9486832980505138,-0.9486832980505138,0.8911857333580354,-0.8478236510649142
0.9486832980505138,0.31622776601683794,0.9051066756405558,0.36618812747697804
0.9486832980505138,-0.9486832980505138,0.9632434578863761,-1.0135553338119223
-0.31622776601683794,0.31622776601683794,-0.3162640093426444,0.30939275842164426
-0.31622776601683794,0.31622776601683794,-0.28015725731092156,0.2664270307250311
0.31622776601683794,-0.9486832980505138,0.4023847767876894,-0.8256530930681928
0.9486832980505138,0.31622776601683794,0.9121251785242656,0.28064637307869317
0.31622776601683794,0.31622776601683794,0.18168008239195657,0.2765958121078986
0.9486832980505138,-0.31622776601683794,0.9866683213776964,-0.2401024946754838
0.9486832980505138,-0.9486832980505138,0.9918895886100721,-0.947596784990099
-0.9486832980505138,-0.9486832980505138,-0.964523407167064,-0.9568409692487314
-0.9486832980505138,-0.9486832980505138,-0.9482386799116879,-0.8706138665273468
0.31622776601683794,0.9486832980505138,0.28833052935705916,0.9646085204253428
0.31622776601683794,-0.31622776601683794,0.25977575525182117,-0.33773341833753423
-0.9486832980505138,-0.31622776601683794,-1.031851049365818,-0.29898216857036636
0.31622776601683794,-0.31622776601683794,0.36493095916129265,-0.2775033367990826
-0.9486832980505138,0.9486832980505138,-0.9262269153284675,0.963348081592635
0.9486832980505138,-0.31622776601683794,1.0010305177401166,-0.35605299141757435
-0.31622776601683794,-0.31622776601683794,-0.31213384763141416,-0.3154192414514115
0.9486832980505138,-0.31622776601683794,0.9599465669213304,-0.31508554574536524
0.9486832980505138,-0.9486832980505138,0.9305282839067336,-1.0345647156805888
-0.9486832980505138,-0.9486832980505138,-1.0382181988044834,-0.9302122557527179
0.9486832980505138,0.9486832980505138,0.9417683272498963,0.8554083903009972
-0.31622776601683794,-0.9486832980505138,-0.2747990057483986,-0.9062043869291504
-0.9486832980505138,-0.9486832980505138,-0.9071962259901244,-0.9244625485953986
-0.9486832980505138,0.9486832980505138,-0.9582757519087207,1.0644903169528661
-0.9486832980505138,-0.31622776601683794,-0.9974146386136246,-0.248620647847747
-0.31622776601683794,0.9486832980505138,-0.26830929975457746,1.0223175902761628
-0.9486832980505138,0.9486832980505138,-0.8677982812071061,0.9405481066696711
-0.9486832980505138,0.9486832980505138,-0.938127131571019,0.9991621034232183
0.31622776601683794,0.9486832980505138,0.3851106330670587,0.998086527113552
0.31622776601683794,-0.9486832980505138,0.24863708954432992,-0.8540826308987907
0.9486832980505138,0.31622776601683794,0.9691065965923077,0.22118917901673565
0.9486832980505138,0.31622776601683794,0.8885700045413638,0.18933802439484113
0.31622776601683794,0.9486832980505138,0.4061606961200178,0.9992597811301428
0.31622776601683794,0.9486832980505138,0.30273193188778413,0.8634349321411408
0.31622776601683794,0.31622776601683794,0.37307455114941634,0.2732935522470391
0.31622776601683794,-0.9486832980505138,0.24933950070633626,-0.9628388626193686
-0.9486832980505138,0.9486832980505138,-0.872464197961697,0.9395526076145237
-0.31622776601683794,-0.9486832980505138,-0.3226073571064896,-0.9252595699557957
-0.31622776601683794,0.31622776601683794,-0.25069526055821034,0.2764642305456256
0.9486832980505138,0.9486832980505138,0.9223096486082791,0.8543282568720932
0.9486832980505138,0.9486832980505138,0.9968451786783625,0.8744829066490454
0.31622776601683794,0.9486832980505138,0.2804525991629132,0.9832474989297425
-0.9486832980505138,0.31622776601683794,-0.8623461775963842,0.3605308728268887
-0.31622776601683794,-0.31622776601683794,-0.27961936065121246,-0.19220291348423268
0.31622776601683794,-0.9486832980505138,0.27366763092658747,-1.0132421860231726
0.9486832980505138,0.9486832980505138,0.8238568426451455,0.9217941249793304
0.31622776601683794,0.31622776601683794,0.3473472841155415,0.09432043698188822
0.9486832980505138,0.31622776601683794,1.0018845348226912,0.2565555742487035
-0.9486832980505138,-0.31622776601683794,-0.858506486678854,-0.2628503271823105
-0.9486832980505138,0.31622776601683794,-0.914841684732551,0.37232634974342965
-0.31622776601683794,0.31622776601683794,-0.38516696713527965,0.3083778060073834
0.31622776601683794,-0.31622776601683794,0.2256047582527052,-0.34810514965261746
-0.9486832980505138,0.9486832980505138,-0.9576080815611498,0.8966918683962564
0.31622776601683794,-0.31622776601683794,0.26718651663009646,-0.29210121732115496
0.31622776601683794,-0.31622776601683794,0.34357302830536934,-0.33209944126495927
0.9486832980505138,-0.9486832980505138,0.8905449710321836,-0.9454217130720749
-0.31622776601683794,0.9486832980505138,-0.3312956353077395,0.8831327196692831
0.31622776601683794,0.9486832980505138,0.36227220569204144,0.8425463677424687
0.9486832980505138,-0.9486832980505138,0.9381626746151219,-1.0062564139871328
-0.31622776601683794,0.9486832980505138,-0.258268170695384,0.9097747629814122
-0.9486832980505138,0.9486832980505138,-0.8949018520235772,0.8715047849919677
-0.9486832980505138,-0.9486832980505138,-1.0742670469234157,-0.8393199631706032
0.9486832980505138,-0.31622776601683794,0.8189887549964638,-0.41934681485776293
-0.9486832980505138,-0.31622776601683794,-0.996069927877682,-0.31482308147280086
-0.9486832980505138,0.9486832980505138,-0.9356566105728051,1.0185536171472909
0.9486832980505138,0.9486832980505138,0.9688520197062924,0.7758863609905491
-0.31622776601683794,-0.31622776601683794,-0.24691476005459126,-0.2770637834656605
0.31622776601683794,-0.9486832980505138,0.26747723225187586,-0.8336143560159702
0.31622776601683794,0.31622776601683794,0.24494589418134488,0.26693484564316927
0.9486832980505138,-0.31622776601683794,0.8921605127715876,-0.4002913236640926
0.9486832980505138,0.9486832980505138,0.9616305236293118,0.814848896386352
-0.31622776601683794,0.31622776601683794,-0.3201570032849251,0.42176389927276586
-0.31622776601683794,-0.31622776601683794,-0.258738198518676,-0.30629859938019177
-0.31622776601683794,-0.9486832980505138,-0.39956175845009706,-0.958487578055005
0.31622776601683794,0.31622776601683794,0.35726448355134127,0.3398250353762497
0.9486832980505138,0.31622776601683794,0.9271031741697525,0.4034782794597988
-0.31622776601683794,0.9486832980505138,-0.2901931111039228,0.9340946736322187
0.9486832980505138,-0.31622776601683794,0.9178492693717171,-0.3232499333348254
-0.9486832980505138,-0.31622776601683794,-0.9699000091621728,-0.23720360741756602
0.31622776601683794,-0.31622776601683794,0.30964035934623796,-0.3412224390472013
0.31622776601683794,-0.31622776601683794,0.2456008991929238,-0.28530943451798163
0.9486832980505138,-0.9486832980505138,0.8998856796589211,-0.9996432836663038
-0.31622776601683794,0.9486832980505138,-0.2337504733067471,0.9429265848284383
0.31622776601683794,-0.31622776601683794,0.2662809074777313,-0.38027260776368593
0.31622776601683794,-0.31622776601683794,0.31904538269744676,-0.30487792753474086
0.9486832980505138,-0.31622776601683794,0.9125051314559945,-0.26405240234211835
0.9486832980505138,0.31622776601683794,1.0045846622595174,0.2895528104096413
-0.31622776601683794,-0.31622776601683794,-0.3819058428840899,-0.35700083321821147
-0.9486832980505138,-0.31622776601683794,-0.9433592944001891,-0.23457781328823235
-0.31622776601683794,-0.31622776601683794,-0.3849106866312067,-0.2968472731692064
0.31622776601683794,-0.31622776601683794,0.32588394732930986,-0.2750409451711783
0.31622776601683794,0.31622776601683794,0.3105211080405425,0.3486085128577994
-0.31622776601683794,-0.9486832980505138,-0.33890967238036174,-1.0034092152457605
0.9486832980505138,-0.31622776601683794,1.0169528635208052,-0.288178715128405
0.9486832980505138,-0.9486832980505138,0.89353062681762,-1.0611109324694017
0.31622776601683794,-0.31622776601683794,0.290130430411226,-0.2598015554834244
0.31622776601683794,-0.31622776601683794,0.29688773895533577,-0.35320394897025614
-0.31622776601683794,-0.9486832980505138,-0.2912035107324901,-0.9639451768628473
-0.31622776601683794,-0.31622776601683794,-0.3170711487855113,-0.2496200714069393
-0.9486832980505138,0.9486832980505138,-0.9797366143907804,0.9215941158988469
0.31622776601683794,-0.9486832980505138,0.17682225408726263,-1.0143863893557155
0.9486832980505138,-0.9486832980505138,0.9172529023111474,-1.0436549780174211
0.31622776601683794,0.9486832980505138,0.3021736803615283,0.9257431763405186
-0.31622776601683794,0.9486832980505138,-0.20702393472221425,0.9164112316824738
0.31622776601683794,-0.9486832980505138,0.4085649411947981,-0.9839959724665338
0.31622776601683794,0.9486832980505138,0.24908626254026553,0.9071274066384792
0.9486832980505138,0.9486832980505138,1.0486625293842087,0.893460845664418
-0.31622776601683794,0.31622776601683794,-0.33146383243526384,0.29746057494513356
-0.9486832980505138,0.9486832980505138,-0.9540200064846192,0.9540082718983659
-0.9486832980505138,-0.9486832980505138,-0.9396731053190132,-0.9349624221335163
0.9486832980505138,-0.31622776601683794,0.9223850552222884,-0.3428738300374494
0.31622776601683794,0.31622776601683794,0.32063967328325266,0.23173673180962018
-0.31622776601683794,0.9486832980505138,-0.31250187241212746,0.9946982135503847
0.31622776601683794,0.31622776601683794,0.2110005610157483,0.26661979876269026
0.31622776601683794,-0.31622776601683794,0.373567413163189,-0.2507361147604607
0.31622776601683794,0.9486832980505138,0.3294344327113021,0.9017540039705457
-0.9486832980505138,-0.31622776601683794,-0.9327384488839336,-0.17700032802324225
0.31622776601683794,-0.9486832980505138,0.3501132506461117,-0.9435524923649375
-0.31622776601683794,0.31622776601683794,-0.34116880018577084,0.3529126251173511
-0.9486832980505138,0.31622776601683794,-0.9434334341852271,0.45755281475098
0.31622776601683794,0.31622776601683794,0.37797849737081507,0.277839103676035
-0.9486832980505138,-0.31622776601683794,-0.8578732140527722,-0.26021794729487524
-0.9486832980505138,0.9486832980505138,-0.9763676816076529,0.9946759368517196
-0.9486832980505138,0.31622776601683794,-0.936595757830798,0.4206137343137538
-0.9486832980505138,-0.9486832980505138,-0.9999563888995678,-0.8960909477345985
0.31622776601683794,-0.9486832980505138,0.29171505339945114,-0.9140253003995596
0.9486832980505138,0.9486832980505138,0.8606725852112626,0.929781883611466
0.9486832980505138,-0.31622776601683794,0.9671062878358339,-0.3175763745496032
0.31622776601683794,-0.31622776601683794,0.3105879229520201,-0.3628483016528731
0.9486832980505138,-0.9486832980505138,0.9775553056709463,-0.8914071463015284
0.9486832980505138,-0.9486832980505138,0.9619861532097548,-0.9517780764174942
-0.9486832980505138,0.9486832980505138,-1.0171958865377764,0.9704526748988276
-0.9486832980505138,-0.9486832980505138,-0.8863401987679091,-0.9508132214260369
-0.31622776601683794,0.31622776601683794,-0.40512301681934126,0.35386146793141654
-0.9486832980505138,-0.9486832980505138,-0.9898468748794019,-0.9526139875734815
-0.31622776601683794,-0.9486832980505138,-0.2439639415637553,-0.9271106208215635
0.31622776601683794,-0.31622776601683794,0.3068273707644458,-0.18768499888407705
0.31622776601683794,-0.9486832980505138,0.31531672876232714,-0.9232174353841425
-0.31622776601683794,-0.31622776601683794,-0.32618530596109563,-0.3006237365298556
0.9486832980505138,-0.31622776601683794,0.8909778837151651,-0.2801062138892364
0.9486832980505138,0.9486832980505138,0.9822813414233689,0.8949617960929479
-0.9486832980505138,0.31622776601683794,-0.8985152404616634,0.4259223464162492
0.31622776601683794,-0.9486832980505138,0.3078740567338606,-0.8992220992211339
-0.31622776601683794,0.31622776601683794,-0.3979188462127464,0.3087414004376358
0.9486832980505138,-0.31622776601683794,1.0124553389932756,-0.2946909219268133
0.31622776601683794,0.31622776601683794,0.18382492681983031,0.3096012114625101
-0.9486832980505138,0.9486832980505138,-0.895804849871043,0.8250718334806855
-0.31622776601683794,-0.9486832980505138,-0.21910072747996986,-0.9321609951407507
-0.31622776601683794,-0.9486832980505138,-0.41187515535559516,-0.9422268419517934
0.31622776601683794,0.9486832980505138,0.297369042409594,0.8988257878851622
-0.9486832980505138,0.31622776601683794,-0.8839400001621812,0.2528358456726944
0.9486832980505138,-0.31622776601683794,1.0417950557779687,-0.2813932981786757
-0.31622776601683794,0.9486832980505138,-0.3760196695506481,0.8741629344837382
-0.9486832980505138,0.9486832980505138,-1.0546061294713012,0.9339273406102053
0.31622776601683794,0.31622776601683794,0.37460674374017994,0.2921226602273759
-0.9486832980505138,0.31622776601683794,-0.8982206094744415,0.19733449901415995
-0.31622776601683794,0.31622776601683794,-0.3379148718894678,0.2889307603423901
-0.9486832980505138,0.31622776601683794,-1.0173257434619396,0.26546676130695873
0.9486832980505138,0.31622776601683794,0.9098743543646934,0.3367986521766231
-0.31622776601683794,0.31622776601683794,-0.31598921393080465,0.2719338754764942
-0.31622776601683794,-0.9486832980505138,-0.17565360374986944,-0.9594959051555702
-0.9486832980505138,0.31622776601683794,-0.9809324704005533,0.18966961876450567
0.31622776601683794,0.31622776601683794,0.28111296692241594,0.2871577754050561
-0.9486832980505138,-0.31622776601683794,-0.9117705882501387,-0.381311820115351
0.9486832980505138,-0.9486832980505138,0.8832947301964309,-0.972532648607271
0.31622776601683794,0.31622776601683794,0.44441490242826237,0.4253027763723369
-0.9486832980505138,0.31622776601683794,-1.003691840988206,0.27392459575081857
-0.9486832980505138,0.9486832980505138,-1.0687296836779598,0.8165817048575701
-0.31622776601683794,-0.31622776601683794,-0.282951595098333,-0.2421294176566747
0.9486832980505138,0.31622776601683794,0.9307079930352277,0.43190003331324456
0.9486832980505138,0.31622776601683794,0.8624146831097178,0.3608670956177082
-0.9486832980505138,-0.9486832980505138,-0.7786784439454257,-1.0801282296336854
0.9486832980505138,0.31622776601683794,1.0020090453730792,0.4155582316002477
-0.9486832980505138,-0.31622776601683794,-0.9516452912022184,-0.4649955529767812
0.9486832980505138,-0.31622776601683794,0.9594523630758761,-0.18664888713938738
0.9486832980505138,-0.31622776601683794,0.9003928573972474,-0.2509095420222605
-0.31622776601683794,-0.31622776601683794,-0.39644534475722915,-0.32128088432347773
-0.31622776601683794,0.31622776601683794,-0.39660990720454914,0.296158184100675
-0.31622776601683794,-0.9486832980505138,-0.32099754431638133,-0.9528296467013119
0.31622776601683794,0.31622776601683794,0.41212136853683473,0.4508163372283419
0.31622776601683794,-0.31622776601683794,0.27372424859114836,-0.36319626666932237
0.9486832980505138,-0.9486832980505138,1.0857211269918134,-0.9062144178088013
0.9486832980505138,0.9486832980505138,0.835449587322901,0.9608784684032449
0.31622776601683794,0.9486832980505138,0.2768897500028826,0.9460636966048175
-0.31622776601683794,-0.31622776601683794,-0.3346306992176144,-0.44909484779534864
-0.31622776601683794,0.31622776601683794,-0.2894114101434884,0.2694238343268658
0.31622776601683794,0.31622776601683794,0.2635647610809754,0.33793520835645563
0.9486832980505138,0.9486832980505138,0.817366957585368,1.0004100246058503
-0.31622776601683794,-0.31622776601683794,-0.22492183046428818,-0.3299991814571055
-0.31622776601683794,0.9486832980505138,-0.3792006209936985,0.8523345208904609
0.9486832980505138,0.9486832980505138,0.9064441424628904,1.1551502762034176
-0.31622776601683794,0.31622776601683794,-0.350957018134804,0.25704686399768917
0.31622776601683794,-0.9486832980505138,0.2936238121388184,-0.9299597861381995
-0.31622776601683794,0.31622776601683794,-0.3299674649900245,0.263941135475528
-0.31622776601683794,0.9486832980505138,-0.3634257337291808,0.9386516798866321
-0.31622776601683794,-0.31622776601683794,-0.33386385396272544,-0.3384681540297095
-0.31622776601683794,-0.9486832980505138,-0.19933339424170265,-0.9050514154901869
0.9486832980505138,-0.9486832980505138,1.0127288645007178,-0.962538649455305
0.31622776601683794,-0.9486832980505138,0.3073276076818367,-0.9141062371547438
-0.31622776601683794,-0.9486832980505138,-0.23909998531798218,-0.9335989664309371
-0.9486832980505138,-0.31622776601683794,-0.9273951223083406,-0.3387144350411654
-0.9486832980505138,-0.31622776601683794,-0.8726373902404702,-0.2916403657858551
-0.31622776601683794,-0.9486832980505138,-0.2899394664244049,-0.9842495301826307
0.9486832980505138,0.31622776601683794,0.8417949024393846,0.4056849740243913
-0.9486832980505138,0.9486832980505138,-0.9966838306639779,0.8606610071252886
-0.9486832980505138,-0.31622776601683794,-0.8692713806106586,-0.3893612288466933
0.31622776601683794,0.31622776601683794,0.2761755208261195,0.3279803675985662
0.31622776601683794,0.9486832980505138,0.24666199710759157,0.9629427543796062
-0.9486832980505138,0.9486832980505138,-1.0064872604534312,0.9241976437377204
0.31622776601683794,-0.31622776601683794,0.31448959743771265,-0.3258959225348536
-0.9486832980505138,0.9486832980505138,-0.9820060980505435,0.8572223462644234
0.31622776601683794,0.9486832980505138,0.31161039685497305,1.0249963745722255
0.9486832980505138,0.9486832980505138,0.9207939506008908,0.8852257059134034
0.31622776601683794,0.31622776601683794,0.3557193146271362,0.31812361571211206
0.9486832980505138,0.9486832980505138,0.9872852854594948,0.9409012472950965
-0.9486832980505138,0.31622776601683794,-1.0180370718248564,0.3437249030884125
0.9486832980505138,0.31622776601683794,0.9384588242605341,0.32513605595336204
0.31622776601683794,-0.31622776601683794,0.2738714336329174,-0.23899680746529126
0.31622776601683794,0.9486832980505138,0.30295237854461043,0.9106310345629819
-0.31622776601683794,-0.9486832980505138,-0.27780310206204323,-0.9323861903689935
-0.9486832980505138,-0.31622776601683794,-0.9602892224366274,-0.3326414425996556
-0.31622776601683794,-0.9486832980505138,-0.23437286063778615,-0.9500498972135131
-0.31622776601683794,-0.9486832980505138,-0.43614505552567284,-0.9950412057609185
-0.31622776601683794,0.9486832980505138,-0.4509831666264095,0.9184697248657935
-0.31622776601683794,0.31622776601683794,-0.3258445410450896,0.25958750009925213
0.31622776601683794,-0.9486832980505138,0.35721651444656277,-0.8164306480041387
0.31622776601683794,-0.9486832980505138,0.3466109541672934,-0.8861145176769148
0.31622776601683794,-0.9486832980505138,0.3137594196483772,-0.8616446795383514
0.9486832980505138,-0.31622776601683794,0.9647671889868884,-0.34814830944696784
0.9486832980505138,-0.31622776601683794,0.9714311617139282,-0.4450243512577781
-0.9486832980505138,-0.31622776601683794,-0.9456692977924185,-0.3383624897652839
-0.31622776601683794,-0.31622776601683794,-0.41534999702783665,-0.14434936638995619
-0.31622776601683794,-0.9486832980505138,-0.36346010457585665,-0.8545474298749931
-0.9486832980505138,-0.9486832980505138,-0.8805439841869688,-1.0225297657228734
-0.9486832980505138,0.9486832980505138,-0.9859111197905183,0.974748631286126
-0.9486832980505138,0.9486832980505138,-0.9327432088845675,1.0445436524854481
-0.9486832980505138,-0.31622776601683794,-0.9812333071101679,-0.25804955148164954
0.31622776601683794,-0.31622776601683794,0.2644225156415014,-0.30232798254302523
-0.31622776601683794,0.9486832980505138,-0.29137055174367327,0.9542984604566948
0.31622776601683794,0.9486832980505138,0.3299269241053058,0.8989115305075783
0.9486832980505138,-0.9486832980505138,0.8102063316441019,-0.9855880708458334
0.9486832980505138,-0.9486832980505138,0.9424664369952165,-0.9974730897238148
0.31622776601683794,0.9486832980505138,0.2685252208210221,0.9292195342390678
-0.9486832980505138,0.31622776601683794,-0.9030884867327443,0.3497997670679087
0.9486832980505138,0.31622776601683794,0.960307991799581,0.2713913635989717
0.31622776601683794,-0.31622776601683794,0.26910900384263553,-0.31076410647434916
-0.31622776601683794,0.31622776601683794,-0.2922419790853012,0.285661894317833
0.9486832980505138,0.9486832980505138,0.9640377975257706,0.8753857026833615
-0.31622776601683794,-0.31622776601683794,-0.36510649857701244,-0.29832419326660253
0.9486832980505138,-0.31622776601683794,0.9480332487877102,-0.4522935182699683
0.31622776601683794,0.31622776601683794,0.23906968520081054,0.3373736521084785
0.9486832980505138,-0.31622776601683794,0.907529014928411,-0.33991389839588443
-0.9486832980505138,-0.9486832980505138,-0.901722505221872,-0.8870974455281675
-0.31622776601683794,-0.31622776601683794,-0.3344993040004377,-0.3518160763559827
0.31622776601683794,-0.9486832980505138,0.23218172247000934,-0.8745099497486233
-0.9486832980505138,0.31622776601683794,-0.9754389255688334,0.2297107891313924
-0.9486832980505138,0.31622776601683794,-0.8972073611514801,0.2737165120909836
-0.31622776601683794,-0.31622776601683794,-0.31329411613644287,-0.2816179089512279
-0.31622776601683794,-0.31622776601683794,-0.24914742598198766,-0.3061756255975743
0.31622776601683794,0.9486832980505138,0.28643131731264876,0.9265418358520818
0.31622776601683794,0.9486832980505138,0.35639066734088237,0.9885568601127379
-0.31622776601683794,0.9486832980505138,-0.2933177408191846,0.897265903385853
-0.31622776601683794,0.31622776601683794,-0.34509895872687846,0.35241774144942273
0.9486832980505138,0.31622776601683794,0.9977478642197084,0.3947212281436492
0.31622776601683794,0.31622776601683794,0.29546946576800714,0.3529067767930607
-0.9486832980505138,0.31622776601683794,-0.9380082330187253,0.2810882302841363
-0.9486832980505138,0.31622776601683794,-0.925774722545495,0.2929001779367746
0.9486832980505138,0.9486832980505138,0.8472084058751366,0.9450718096602743
0.9486832980505138,-0.9486832980505138,0.9359116475003325,-1.009423045708554
-0.31622776601683794,0.9486832980505138,-0.34343280534076337,0.9473437196199402
0.9486832980505138,0.31622776601683794,1.0064615130959087,0.21138091519099292
-0.9486832980505138,0.31622776601683794,-0.9344367935114025,0.31827206294345023
-0.31622776601683794,-0.9486832980505138,-0.32028080594484,-0.9366409727268986
0.9486832980505138,-0.9486832980505138,0.9150502371820778,-0.827366816039312
-0.31622776601683794,0.9486832980505138,-0.3395794638448168,0.8685688619376791
-0.9486832980505138,-0.31622776601683794,-0.9124401933798264,-0.2632629059723693
-0.9486832980505138,0.9486832980505138,-0.9470087373012991,0.9414309905046644
0.31622776601683794,0.9486832980505138,0.4465252530971609,0.9319443793792002
0.9486832980505138,-0.9486832980505138,0.8447127072388834,-0.8147498699045232
0.31622776601683794,-0.9486832980505138,0.27230553936168667,-0.903765120339128
0.9486832980505138,0.9486832980505138,0.9200647357784211,0.8847548549976038
0.9486832980505138,-0.9486832980505138,0.9666717977926597,-0.8253229522179097
0.31622776601683794,0.9486832980505138,0.30601826017409506,0.9210925495922742
-0.31622776601683794,0.9486832980505138,-0.4095995832444693,0.9544383456695603
0.9486832980505138,-0.9486832980505138,0.9073673453032106,-0.8297115078720174
-0.31622776601683794,0.31622776601683794,-0.3022688586538115,0.2979393630717816
0.9486832980505138,0.31622776601683794,0.9735861842174425,0.30580284769781074
0.9486832980505138,-0.31622776601683794,0.9496997966246435,-0.2647083779586491
-0.9486832980505138,0.9486832980505138,-0.9269631463905369,1.0190636952129706
-0.31622776601683794,-0.9486832980505138,-0.3137006857647572,-1.0271494673701473
-0.31622776601683794,0.31622776601683794,-0.3988054050690481,0.35136905101300114
-0.9486832980505138,0.9486832980505138,-0.8892823880854488,0.8165896705918905
-0.31622776601683794,0.31622776601683794,-0.3806817271196816,0.3480512315743959
-0.9486832980505138,-0.31622776601683794,-0.8334217750782829,-0.2640757930459543
0.31622776601683794,0.31622776601683794,0.3387120738876083,0.37660301624588977
-0.31622776601683794,0.31622776601683794,-0.23813667785920029,0.31603274574517665
-0.9486832980505138,-0.9486832980505138,-0.9146943823087147,-0.9156696630726588
0.9486832980505138,-0.31622776601683794,0.900304604086852,-0.2970061977521383
0.9486832980505138,-0.9486832980505138,0.9117108759771401,-1.0597039296179727
-0.9486832980505138,-0.9486832980505138,-0.9255770085209593,-1.0032032537370916
0.31622776601683794,-0.9486832980505138,0.40706745569167285,-0.9220568191448103
-0.9486832980505138,-0.31622776601683794,-0.9005080782820084,-0.29194633360158656
0.9486832980505138,-0.9486832980505138,0.8933264732071758,-0.8998696527322363
0.9486832980505138,-0.31622776601683794,0.9374103595181702,-0.39439321772796604
0.9486832980505138,0.31622776601683794,0.940977656910925,0.42415150253345524
-0.9486832980505138,0.31622776601683794,-0.8426311172848154,0.3148712488484277
-0.31622776601683794,-0.31622776601683794,-0.26660909895365614,-0.3445918095342678
0.9486832980505138,0.31622776601683794,0.9608576836625395,0.35415176879197846
-0.31622776601683794,0.31622776601683794,-0.36712562696353385,0.25557542004235934
0.31622776601683794,-0.9486832980505138,0.3649962584842866,-0.9048056359395326
-0.9486832980505138,0.31622776601683794,-1.0058587735324822,0.18786033508530225
0.31622776601683794,0.9486832980505138,0.2341883887927521,0.900994071212876
0.31622776601683794,0.31622776601683794,0.2895423701181482,0.2292883828554219
-0.9486832980505138,0.9486832980505138,-1.0365672512944601,0.9963717967820431
0.31622776601683794,0.31622776601683794,0.3369274778043863,0.20285006933568628
0.31622776601683794,-0.9486832980505138,0.3443247503970024,-0.9171416836145672
0.9486832980505138,-0.31622776601683794,1.0118553552727978,-0.315733591608732
0.31622776601683794,0.31622776601683794,0.28020853449037436,0.28565566531718106
0.31622776601683794,0.31622776601683794,0.35482886446413037,0.24667078300975523
0.9486832980505138,0.9486832980505138,0.9536032989227838,0.8702837329135418
-0.9486832980505138,0.9486832980505138,-0.9553140191296621,0.9748092683888255
-0.31622776601683794,-0.31622776601683794,-0.33902296016322225,-0.22937925897762187
0.31622776601683794,0.31622776601683794,0.23950909483996083,0.33869692752777447
0.31622776601683794,0.31622776601683794,0.38245710618881373,0.38261085707332354
0.31622776601683794,0.9486832980505138,0.35033980098077294,0.9427761123485506
0.31622776601683794,0.9486832980505138,0.22054537542423597,0.9894593210876778
-0.31622776601683794,0.9486832980505138,-0.27308839192412904,0.9263746549011385
0.9486832980505138,0.9486832980505138,0.8882510967822042,1.0696504008006122
0.9486832980505138,0.31622776601683794,0.9192213745895971,0.36840509734411797
-0.31622776601683794,0.9486832980505138,-0.3098073259981011,0.9097902844078689
-0.31622776601683794,-0.31622776601683794,-0.2675386018416965,-0.3695414605771962
0.9486832980505138,0.31622776601683794,1.0671955640479287,0.36234408898583814
-0.9486832980505138,0.9486832980505138,-0.9343656527071196,0.8373906197931063
0.31622776601683794,-0.9486832980505138,0.45328757843072653,-0.9190952737415744
-0.9486832980505138,-0.31622776601683794,-0.9876328290572804,-0.39442711149708626
-0.9486832980505138,0.9486832980505138,-0.8819119648617414,0.874444203863047
0.31622776601683794,0.31622776601683794,0.2805485919284295,0.3374773112598102
0.31622776601683794,-0.31622776601683794,0.2902649858562755,-0.36276950338929104
0.9486832980505138,-0.31622776601683794,0.9901795137997783,-0.3093936707385483
-0.9486832980505138,0.31622776601683794,-0.9982519808410327,0.34201183418780656
0.31622776601683794,0.31622776601683794,0.30181260699224177,0.2714896102969681
-0.9486832980505138,0.9486832980505138,-1.1263644088496827,0.9278421894869219
0.9486832980505138,0.9486832980505138,0.8481240539838657,0.8221334161788887
0.31622776601683794,0.31622776601683794,0.23051101381937963,0.35831452972880784
0.31622776601683794,0.31622776601683794,0.32889368111040784,0.43519715288844846
0.9486832980505138,-0.9486832980505138,1.053685976236568,-0.7951762271008683
0.9486832980505138,0.9486832980505138,0.8880652424791743,0.8755792643437242
0.9486832980505138,-0.9486832980505138,1.011689523783841,-1.0090160289693997
0.9486832980505138,0.9486832980505138,0.9012770078637325,0.988634384025708
-0.9486832980505138,-0.31622776601683794,-0.8444793958332251,-0.3597341155288653
-0.9486832980505138,-0.31622776601683794,-0.964832925010098,-0.36422421690453055
0.9486832980505138,-0.31622776601683794,0.9777260359687794,-0.21980279185313298
0.9486832980505138,0.9486832980505138,0.8629136785852263,0.9074135605077366
-0.9486832980505138,0.9486832980505138,-0.9453126917525874,0.900100174465547
-0.9486832980505138,0.9486832980505138,-0.9687656093879735,0.8297485042885749
-0.31622776601683794,0.9486832980505138,-0.26551282874601156,1.0141023425163163
0.9486832980505138,-0.9486832980505138,0.9475397944186017,-0.8555999196325772
0.31622776601683794,-0.31622776601683794,0.3341360489496957,-0.2897755705529506
0.31622776601683794,0.9486832980505138,0.3438333017448432,0.9612598553494252
0.31622776601683794,-0.31622776601683794,0.2950700402752177,-0.3226954643208085
0.31622776601683794,-0.31622776601683794,0.44605545089303666,-0.3461885803072627
-0.31622776601683794,-0.9486832980505138,-0.3410078338153024,-1.0809574970474836
-0.9486832980505138,0.31622776601683794,-0.9368321013766346,0.29064409630977994
-0.31622776601683794,0.9486832980505138,-0.3680324441125175,0.8361573288390896
-0.31622776601683794,-0.9486832980505138,-0.29227089623783675,-1.009929378898427
0.9486832980505138,0.9486832980505138,0.9056471224348812,0.9749801730897307
0.31622776601683794,-0.9486832980505138,0.258236039123985,-0.8299813898661085
0.9486832980505138,-0.9486832980505138,1.1149381368097815,-0.8229025225352526
0.9486832980505138,0.31622776601683794,0.8699291742673396,0.35325495893202985
0.9486832980505138,0.9486832980505138,0.878110145209795,0.9871259186771665
0.31622776601683794,0.9486832980505138,0.23166959328426143,0.9257398174219003
0.9486832980505138,-0.9486832980505138,0.9847213191637425,-0.9123937448471475
-0.9486832980505138,-0.9486832980505138,-0.8561820172229978,-0.863980340655169
0.9486832980505138,-0.9486832980505138,0.9817656722249927,-0.9707972852850576
-0.31622776601683794,-0.9486832980505138,-0.3300902971089861,-1.0076690379882651
0.31622776601683794,0.31622776601683794,0.3510025811126569,0.37985870225717316
0.31622776601683794,-0.31622776601683794,0.2582196583990983,-0.30709194940836176
0.31622776601683794,0.9486832980505138,0.24920775937322806,1.0107807063661567
0.31622776601683794,-0.9486832980505138,0.4475440953844429,-0.8951841464354134
0.9486832980505138,0.9486832980505138,0.9467693150253447,0.9899717800015013
0.9486832980505138,-0.31622776601683794,1.0113238218707603,-0.059499887976408095
-0.31622776601683794,-0.9486832980505138,-0.2767729744980006,-1.002973147074978
0.31622776601683794,-0.31622776601683794,0.3470269611488013,-0.27446981413207105
0.9486832980505138,0.31622776601683794,0.795901433620553,0.3438904458762573
0.31622776601683794,0.9486832980505138,0.34290140317443835,0.9795036051827126
-0.9486832980505138,-0.31622776601683794,-0.9972671768446949,-0.2541943931294156
-0.31622776601683794,-0.9486832980505138,-0.33696893040275583,-0.9696694135531969
-0.31622776601683794,0.9486832980505138,-0.254780885788131,0.9169269918913804
-0.31622776601683794,-0.9486832980505138,-0.3547152531971286,-0.9548543565540205
0.9486832980505138,0.31622776601683794,0.8985182372820464,0.31190572854402265
-0.9486832980505138,-0.9486832980505138,-0.8132745559471812,-1.0297760850955646
0.9486832980505138,-0.9486832980505138,0.9967561967710363,-1.0089189522523325
0.31622776601683794,0.31622776601683794,0.30826555813467815,0.39176631939529005
-0.9486832980505138,0.31622776601683794,-0.9470586547930444,0.30646286952042706
0.9486832980505138,0.9486832980505138,0.9132594671936403,0.8757474680385056
0.31622776601683794,0.9486832980505138,0.24238996654747183,0.9724490514145188
-0.9486832980505138,0.31622776601683794,-0.9048436061078126,0.365604170557397
-0.9486832980505138,0.9486832980505138,-0.949252967330503,0.9491192719363284
0.9486832980505138,-0.9486832980505138,0.9940043442353556,-0.9102025285102776
-0.31622776601683794,-0.31622776601683794,-0.3113407020408997,-0.2676117822129733
-0.31622776601683794,0.9486832980505138,-0.3391622295043342,0.9356191243703674
0.31622776601683794,-0.9486832980505138,0.33196132446873455,-0.9364866570914472
-0.9486832980505138,-0.9486832980505138,-0.9324463208923018,-1.009706798937393
-0.31622776601683794,-0.31622776601683794,-0.2840954044019453,-0.36722176996979644
-0.31622776601683794,0.9486832980505138,-0.47697152830262046,0.985180408501291
0.31622776601683794,-0.9486832980505138,0.34574162151731436,-1.0392637993137204
-0.31622776601683794,-0.31622776601683794,-0.3270571561422929,-0.29292957810200565
0.9486832980505138,0.9486832980505138,0.906285260546636,1.0253433031296506
-0.9486832980505138,0.31622776601683794,-0.8867823769158945,0.3017721997970276
-0.9486832980505138,0.9486832980505138,-0.8650749044770716,1.0348532471986411
-0.31622776601683794,0.9486832980505138,-0.2969860891807077,0.8454148233378999
-0.9486832980505138,0.9486832980505138,-1.0676243587149599,1.0712397242416585
0.31622776601683794,0.31622776601683794,0.3478453062639752,0.32003881542404056
-0.31622776601683794,-0.9486832980505138,-0.31788204686957106,-0.9005879889107603
-0.31622776601683794,-0.31622776601683794,-0.1692850298212299,-0.3827010569488088
-0.9486832980505138,-0.9486832980505138,-0.966943872510168,-0.9220064073004683
-0.9486832980505138,0.31622776601683794,-1.0360591079455481,0.3292993038837794
0.9486832980505138,-0.9486832980505138,0.9805026084939676,-0.9515580771036153
-0.31622776601683794,-0.31622776601683794,-0.4022319966938504,-0.2555726031163129
-0.9486832980505138,0.9486832980505138,-0.7567616610667975,0.9870976006006169
-0.9486832980505138,0.9486832980505138,-1.0280577135461983,0.9318563316678842
0.9486832980505138,-0.9486832980505138,0.9798699436616448,-0.9145177544450547
0.9486832980505138,0.31622776601683794,0.9143660303585301,0.26903053371628294
-0.31622776601683794,-0.31622776601683794,-0.32517867246390797,-0.196971329841474
0.31622776601683794,-0.9486832980505138,0.31561683969160076,-0.9811624653920387
-0.31622776601683794,-0.9486832980505138,-0.3195110643311147,-0.9250286878127744
0.9486832980505138,-0.9486832980505138,0.8877662189895779,-0.9455013290280111
-0.9486832980505138,0.31622776601683794,-0.9889972791947562,0.4480913919328603
-0.31622776601683794,-0.31622776601683794,-0.3744303908202995,-0.3501050659931658
-0.31622776601683794,-0.9486832980505138,-0.36114290038862684,-0.8970473460892149
0.9486832980505138,-0.31622776601683794,0.9502332753187314,-0.3921150390492166
-0.9486832980505138,0.9486832980505138,-0.9424670821139904,0.8837267056184466
0.9486832980505138,-0.31622776601683794,0.8865557792571918,-0.3117908784415192
0.31622776601683794,-0.9486832980505138,0.28145792569373285,-0.9131606889440042
-0.31622776601683794,-0.9486832980505138,-0.41732795378883314,-0.9510050256422674
-0.9486832980505138,0.9486832980505138,-0.8908760487832431,1.02567943426847
0.9486832980505138,0.9486832980505138,1.104141759210791,0.7868773786546691
0.9486832980505138,-0.9486832980505138,0.8157633370981399,-1.0330427311510717
-0.31622776601683794,0.9486832980505138,-0.18243792715961785,0.9373820170194344
0.9486832980505138,-0.31622776601683794,0.9515730595312227,-0.4151371305718474
0.9486832980505138,0.31622776601683794,0.9671107447812776,0.23523599197080194
-0.31622776601683794,-0.31622776601683794,-0.3552933028829648,-0.3323587972590993
-0.9486832980505138,0.31622776601683794,-0.986457418001835,0.4598964997555574
0.31622776601683794,-0.31622776601683794,0.1212220152969178,-0.33410707061191786
0.31622776601683794,0.9486832980505138,0.4382645788215282,0.8315721697077234
0.31622776601683794,0.9486832980505138,0.2935865643552867,0.8641169732384052
0.9486832980505138,0.31622776601683794,0.9071097274800437,0.278788994217888
0.9486832980505138,0.9486832980505138,0.9946192449328088,0.8159315770331085
0.9486832980505138,-0.31622776601683794,1.032082897469022,-0.3616631767887648
0.9486832980505138,0.31622776601683794,1.0184547424202086,0.27492177637591636
-0.9486832980505138,0.9486832980505138,-0.7954452704922539,0.8058954469503815
-0.31622776601683794,-0.31622776601683794,-0.23814031578325667,-0.2918880907897289
-0.31622776601683794,0.31622776601683794,-0.3616915782652368,0.35068443329302273
0.31622776601683794,0.9486832980505138,0.4547495118106827,0.9253197878467712
-0.31622776601683794,-0.31622776601683794,-0.42454394672206336,-0.3239863453961631
-0.9486832980505138,-0.9486832980505138,-1.0560938035674738,-0.9434131139818045
-0.9486832980505138,0.31622776601683794,-0.8543229625387094,0.37758439052877935
0.9486832980505138,-0.31622776601683794,0.9199337073867683,-0.2980486805028333
0.31622776601683794,-0.31622776601683794,0.30056084637741126,-0.4778650428371372
-0.9486832980505138,-0.9486832980505138,-1.0066828455845453,-0.9287608313772162
-0.9486832980505138,0.9486832980505138,-0.89643783855797,0.981837364829357
0.9486832980505138,-0.31622776601683794,0.8957548484209695,-0.3485399904365524
-0.31622776601683794,-0.9486832980505138,-0.3393119127492492,-0.999162454621325
0.31622776601683794,-0.31622776601683794,0.26673474305908046,-0.22513346303315984
-0.31622776601683794,-0.31622776601683794,-0.34454451070070524,-0.3187942288968538
-0.31622776601683794,-0.31622776601683794,-0.305576418451958,-0.3078251777516625
0.9486832980505138,-0.31622776601683794,0.889795564523301,-0.40493097508707876
0.31622776601683794,-0.9486832980505138,0.20257893010753378,-0.9402634286430545
-0.9486832980505138,0.31622776601683794,-0.8538951603945412,0.4580814250311132
-0.9486832980505138,-0.31622776601683794,-0.969392182125406,-0.24681066291001633
-0.31622776601683794,0.31622776601683794,-0.23871519117507714,0.39791141253323653
-0.9486832980505138,-0.31622776601683794,-0.9291568410749015,-0.3404190265642881
0.9486832980505138,-0.31622776601683794,0.8425784187725556,-0.3187564815521596
0.9486832980505138,0.9486832980505138,0.9409321331341618,0.8590975320975577
-0.9486832980505138,-0.9486832980505138,-0.85685183382976,-0.8490272262563836
-0.31622776601683794,-0.9486832980505138,-0.4222019141179348,-0.9394525418201349
-0.31622776601683794,-0.31622776601683794,-0.2248615934710898,-0.25184172733955396
0.31622776601683794,0.9486832980505138,0.23369301082207136,1.0333660247017444
0.9486832980505138,0.9486832980505138,0.9828445605643489,0.7766086675576014
0.31622776601683794,-0.31622776601683794,0.2844101937410765,-0.3144357471764037
-0.9486832980505138,-0.31622776601683794,-0.8059287517362244,-0.23828271619950117
-0.31622776601683794,0.31622776601683794,-0.3301929442261339,0.3900226389120097
-0.9486832980505138,-0.31622776601683794,-0.973279760957313,-0.31387151136447106
0.31622776601683794,-0.31622776601683794,0.288842865560585,-0.34545796093697345
-0.9486832980505138,-0.9486832980505138,-0.9677566095620564,-0.8103703117453446
0.31622776601683794,0.9486832980505138,0.3604905427915204,0.9854939766142912
-0.9486832980505138,0.9486832980505138,-0.9046709031255269,0.9373951443441904
-0.31622776601683794,-0.9486832980505138,-0.3950042158861281,-0.890042654518624
-0.31622776601683794,0.31622776601683794,-0.29344842506818497,0.33221742336081406
-0.9486832980505138,0.31622776601683794,-0.927371799232747,0.41216482308720953
-0.9486832980505138,-0.9486832980505138,-1.0622378584783319,-0.9262203709851077
-0.31622776601683794,-0.9486832980505138,-0.4420777766002468,-0.9726595281386736
0.31622776601683794,-0.31622776601683794,0.34732902998088677,-0.31646752487985347
0.31622776601683794,-0.9486832980505138,0.21329917319155167,-0.8789293322167658
-0.9486832980505138,0.9486832980505138,-0.8059112657248272,0.9795672562536244
0.31622776601683794,-0.9486832980505138,0.28919581370606307,-0.9121270846605024
-0.31622776601683794,0.9486832980505138,-0.33687752259421894,0.9606816648501941
0.9486832980505138,0.31622776601683794,0.9872116803754946,0.32589371171837017
0.9486832980505138,-0.31622776601683794,1.029486341458357,-0.3310688972568356
-0.9486832980505138,-0.31622776601683794,-0.8779373707575738,-0.4082906897196906
-0.31622776601683794,-0.31622776601683794,-0.2975921125674561,-0.23915483705308394
-0.31622776601683794,-0.31622776601683794,-0.40769554725919877,-0.3411648110780561
0.31622776601683794,-0.31622776601683794,0.3592037978270218,-0.22306734978326873
0.31622776601683794,-0.9486832980505138,0.33731122135944713,-0.9572526461808984
-0.9486832980505138,0.9486832980505138,-0.8400608007621626,0.9286336150334036
-0.9486832980505138,-0.31622776601683794,-0.9845703491943701,-0.22464210298803233
-0.9486832980505138,-0.31622776601683794,-1.0174244335969447,-0.2591962851269717
0.9486832980505138,0.9486832980505138,0.944047228585958,0.9811540813763665
0.31622776601683794,-0.9486832980505138,0.30201053327453814,-0.9387458648561348
0.9486832980505138,-0.9486832980505138,0.932032074480384,-0.934504693432164
0.31622776601683794,-0.31622776601683794,0.3246796723934059,-0.3260053488000658
0.31622776601683794,-0.9486832980505138,0.4324832720385514,-0.9519468674739885
-0.31622776601683794,-0.31622776601683794,-0.26538351122799375,-0.335980868302933
0.31622776601683794,0.31622776601683794,0.24132848064272677,0.2581176932424069
-0.31622776601683794,0.9486832980505138,-0.264638256487804,1.0127420513176013
0.31622776601683794,-0.31622776601683794,0.28636232043171655,-0.34164358035534836
-0.31622776601683794,-0.31622776601683794,-0.3864968949951302,-0.2982424448117602
-0.31622776601683794,0.31622776601683794,-0.3633752536850524,0.34291654164428836
0.9486832980505138,-0.31622776601683794,0.8920960161549327,-0.25632159566565227
0.31622776601683794,-0.9486832980505138,0.30222174407337216,-0.9621675726692845
0.31622776601683794,-0.9486832980505138,0.3333596629799044,-0.9833475029017256
0.31622776601683794,-0.31622776601683794,0.33111089114701125,-0.26212575524376924
0.31622776601683794,-0.9486832980505138,0.3633536281962638,-1.0089245995163583
0.31622776601683794,-0.31622776601683794,0.3644019746303903,-0.26308524801462074
0.9486832980505138,-0.31622776601683794,0.8335435117447942,-0.367238105002985
-0.31622776601683794,-0.31622776601683794,-0.282877337939185,-0.22662277755246424
-0.9486832980505138,-0.9486832980505138,-0.9598956731373969,-0.9860256190137572
-0.9486832980505138,0.9486832980505138,-0.9164062326552199,0.9417243925200905
-0.9486832980505138,0.31622776601683794,-0.9392683865406567,0.3040705515978259
-0.31622776601683794,-0.31622776601683794,-0.3758960349613385,-0.370648822993561
0.9486832980505138,0.9486832980505138,0.8650700845308925,0.9902688139153759
-0.9486832980505138,-0.9486832980505138,-0.9293287014721503,-0.9563847385020532
0.31622776601683794,0.9486832980505138,0.34172929601385676,1.051292641168394
-0.31622776601683794,0.9486832980505138,-0.20231169398889395,0.9842230994556467
-0.9486832980505138,-0.9486832980505138,-0.9889756907166778,-0.9323250142670507
-0.31622776601683794,0.9486832980505138,-0.2771866092880188,0.9163705328647315
-0.9486832980505138,-0.31622776601683794,-1.035662803464131,-0.31854427799301255
0.31622776601683794,0.31622776601683794,0.3367102626944712,0.30294213774540474
0.9486832980505138,-0.9486832980505138,0.8642256568392118,-0.9411838736306835
-0.9486832980505138,0.31622776601683794,-0.8885730678912094,0.2690119101224807
0.31622776601683794,-0.9486832980505138,0.3673123721754318,-0.9158672687722894
-0.31622776601683794,0.9486832980505138,-0.34602953264646796,0.9168399648165546
0.9486832980505138,0.31622776601683794,1.083600716193601,0.4059807995983634
-0.9486832980505138,0.31622776601683794,-0.9638356683140281,0.32344244990376503
0.31622776601683794,-0.9486832980505138,0.37692404808210694,-0.9737921927122177
-0.31622776601683794,0.31622776601683794,-0.24034158034807931,0.39859144784820133
-0.9486832980505138,-0.9486832980505138,-0.9263644358257929,-0.9885982689478032
0.31622776601683794,0.9486832980505138,0.2731922627224948,0.8503069833419096
-0.31622776601683794,0.9486832980505138,-0.462420091281029,0.897233753590922
0.9486832980505138,0.9486832980505138,0.879398643744152,0.9871371006873472
0.31622776601683794,0.31622776601683794,0.30242451626796885,0.47910321581277865
0.31622776601683794,-0.9486832980505138,0.28882160165743653,-0.987098924654668
0.31622776601683794,-0.9486832980505138,0.3773261761282996,-0.9292667772866683
-0.31622776601683794,0.9486832980505138,-0.38610923639680617,0.8254438993685024
0.31622776601683794,0.9486832980505138,0.2974927646128386,0.9178643486471871
-0.31622776601683794,-0.31622776601683794,-0.3164777859221053,-0.29088593417026476
0.9486832980505138,-0.31622776601683794,0.9508163623967967,-0.18744177104291113
0.31622776601683794,0.31622776601683794,0.24449307516811505,0.33342468159669336
-0.9486832980505138,0.9486832980505138,-0.9777976792119388,0.8854468251332956
-0.9486832980505138,0.9486832980505138,-0.9971746703271833,0.9891661443671677
-0.9486832980505138,-0.9486832980505138,-0.8709101401733718,-0.9590985177287834
-0.31622776601683794,-0.31622776601683794,-0.41319449114397894,-0.27611356942008375
0.31622776601683794,0.9486832980505138,0.2647853088794293,0.9609721412117546
0.9486832980505138,0.31622776601683794,0.8988026442303035,0.33789916888052784
0.31622776601683794,0.31622776601683794,0.3488532827931033,0.28777447820190516
0.31622776601683794,-0.9486832980505138,0.38310659301334665,-0.8329939643544612
0.9486832980505138,-0.31622776601683794,0.9399091908050032,-0.23807933657769437
-0.31622776601683794,-0.9486832980505138,-0.2003415118931601,-0.9348589157230623
-0.31622776601683794,-0.31622776601683794,-0.24494762368660644,-0.3122507213562548
-0.31622776601683794,-0.9486832980505138,-0.27218670512104254,-1.007723001031084
-0.31622776601683794,-0.31622776601683794,-0.3404441190971061,-0.3315267721442698
0.31622776601683794,-0.9486832980505138,0.38474950190181584,-0.8876171885419659
0.31622776601683794,0.31622776601683794,0.3668094473981828,0.37968378261861113
-0.31622776601683794,-0.9486832980505138,-0.25830772708415173,-1.012956135509913
0.31622776601683794,0.31622776601683794,0.281420923497943,0.40712762665911445
0.31622776601683794,0.31622776601683794,0.2903152008171224,0.3301935152625961
0.31622776601683794,0.31622776601683794,0.27940980393168263,0.3036006663829495
0.31622776601683794,-0.31622776601683794,0.2371263071923353,-0.3659724610374145
0.31622776601683794,0.31622776601683794,0.4569806086528178,0.2632144617136718
0.31622776601683794,0.9486832980505138,0.2914211639084621,1.0521952366083087
-0.9486832980505138,-0.9486832980505138,-0.8121048858532025,-0.9979531881348095
-0.9486832980505138,-0.31622776601683794,-0.968717193393926,-0.3046233913477877
-0.31622776601683794,-0.31622776601683794,-0.2623060170912473,-0.3234073233054977
0.9486832980505138,0.9486832980505138,0.8738406650534313,0.9694737325710557
-0.31622776601683794,-0.31622776601683794,-0.2565528422267954,-0.3340343933100238
0.9486832980505138,-0.31622776601683794,0.8510218937251623,-0.3205651674950792
0.9486832980505138,-0.31622776601683794,1.0177171107531409,-0.2832775702681522
0.31622776601683794,-0.9486832980505138,0.3676626015136927,-0.9428707634112339
-0.31622776601683794,0.31622776601683794,-0.35779030387248767,0.3462037323116556
0.9486832980505138,0.9486832980505138,0.8486015976625085,0.9356468999420143
-0.9486832980505138,0.31622776601683794,-1.0013141638876228,0.3287537068294507
-0.31622776601683794,-0.31622776601683794,-0.3021283225581394,-0.20516370967313136
-0.9486832980505138,0.9486832980505138,-1.0000021952681688,0.9348386063724364
-0.31622776601683794,0.31622776601683794,-0.32075417304744813,0.29651603745689376
-0.9486832980505138,-0.9486832980505138,-0.8725574222116531,-0.8993188704798105
0.9486832980505138,0.31622776601683794,0.8867089460792893,0.2691264896644262
0.31622776601683794,-0.9486832980505138,0.38828785905233687,-0.9833243673105452
0.31622776601683794,-0.9486832980505138,0.3039408442109138,-0.890540278982912
0.31622776601683794,0.31622776601683794,0.3790156296646056,0.25862201384175143
-0.31622776601683794,0.31622776601683794,-0.31269900333457323,0.2513105484867698
-0.9486832980505138,0.31622776601683794,-0.9131907710914893,0.38377369315030074
0.31622776601683794,-0.31622776601683794,0.2844689366122292,-0.3155662255680464
-0.9486832980505138,-0.31622776601683794,-0.9744136199338214,-0.346638380240567
0.9486832980505138,-0.31622776601683794,0.9340399168842761,-0.18440365243767873
-0.31622776601683794,-0.31622776601683794,-0.36232830175357755,-0.2799800613987711
-0.31622776601683794,-0.31622776601683794,-0.26562465786476375,-0.29050029617377815
0.9486832980505138,-0.31622776601683794,0.978766976238906,-0.282639348795426
0.9486832980505138,0.9486832980505138,0.8464392686590749,0.9501875435808448
0.31622776601683794,-0.31622776601683794,0.4947565167096157,-0.3365300413231399
-0.31622776601683794,-0.31622776601683794,-0.3743672149037793,-0.2211837525543237
0.31622776601683794,-0.9486832980505138,0.34553558211663604,-0.9126579035116977
-0.31622776601683794,-0.31622776601683794,-0.35804600047921953,-0.3534721208913627
0.31622776601683794,-0.31622776601683794,0.4068265191592912,-0.3018718561004775
0.31622776601683794,0.9486832980505138,0.23526188487616537,0.9079626472449281
-0.31622776601683794,0.31622776601683794,-0.2943420211962156,0.42230126916107136
0.9486832980505138,-0.31622776601683794,0.9647229827473979,-0.3782175927041429
-0.31622776601683794,-0.31622776601683794,-0.27458880233583444,-0.1659243695083395
0.31622776601683794,-0.9486832980505138,0.42055166278772077,-0.9387707937767968
-0.9486832980505138,0.9486832980505138,-0.9194504075266604,0.8493456308687228
0.9486832980505138,0.31622776601683794,0.96685903331273,0.30322732646369016
-0.31622776601683794,-0.9486832980505138,-0.24924048330305404,-0.9965472286658101
0.31622776601683794,0.9486832980505138,0.20908183957596702,0.9523820263121526
-0.31622776601683794,0.31622776601683794,-0.26671073769549736,0.28182186070819754
0.9486832980505138,0.9486832980505138,0.9525804106353486,0.8625694740722967
-0.31622776601683794,0.31622776601683794,-0.4202952119578906,0.4234742265398485
0.9486832980505138,-0.9486832980505138,0.967324415702174,-0.9427520585658526
0.9486832980505138,-0.9486832980505138,1.0172017183163484,-0.9479983694735503
0.31622776601683794,-0.31622776601683794,0.34314021127452027,-0.29119308915128117
0.9486832980505138,0.9486832980505138,0.9753278804091532,0.9532726303290244
-0.31622776601683794,-0.31622776601683794,-0.3199883233106773,-0.3759169442814041
0.31622776601683794,-0.9486832980505138,0.3592198895039944,-1.0455761820001597
-0.9486832980505138,0.31622776601683794,-0.9971427457612442,0.28633540100496935
-0.31622776601683794,0.31622776601683794,-0.3856368031930719,0.32762587458870673
0.31622776601683794,0.31622776601683794,0.29291159112832676,0.32750783672430306
-0.9486832980505138,-0.9486832980505138,-0.953714949417468,-1.0114974309029596
0.9486832980505138,-0.31622776601683794,0.9480517218038265,-0.2630462847574034
0.31622776601683794,-0.31622776601683794,0.32146506897066257,-0.3408392801337426
-0.9486832980505138,-0.31622776601683794,-0.9407311932278347,-0.3459649525543367
0.31622776601683794,0.9486832980505138,0.2427622123930182,0.9617605263055847
0.31622776601683794,0.9486832980505138,0.3248905337241296,1.0645259156013973
0.9486832980505138,0.31622776601683794,0.9438726457304791,0.3604895749478117
0.31622776601683794,-0.9486832980505138,0.24707762807589415,-1.0098064813729761
-0.31622776601683794,-0.9486832980505138,-0.22313443282905457,-0.9488285660139522
0.9486832980505138,0.31622776601683794,0.9425068596732227,0.31404950958664074
0.9486832980505138,-0.9486832980505138,0.898862285537115,-0.8916149406182957
-0.9486832980505138,-0.9486832980505138,-0.9723830232162751,-0.983776832575841
-0.9486832980505138,0.31622776601683794,-0.995230257104681,0.3501481866643017
-0.9486832980505138,0.31622776601683794,-0.9567983240039265,0.329466364243728
-0.9486832980505138,-0.31622776601683794,-0.9864022324056141,-0.20547126859487397
0.9486832980505138,-0.9486832980505138,0.9010883943699508,-0.912229527456543
-0.31622776601683794,-0.9486832980505138,-0.33571106064212397,-0.8615715552709591
-0.9486832980505138,0.31622776601683794,-0.8753308462447753,0.42685319645042386
0.31622776601683794,-0.9486832980505138,0.27111588722002083,-0.9624559581544595
0.9486832980505138,0.9486832980505138,0.9756554923484665,1.0182314142684805
-0.31622776601683794,-0.9486832980505138,-0.3036607628107525,-0.8666403443229728
0.31622776601683794,-0.9486832980505138,0.2629098527133195,-0.9201307914589064
0.31622776601683794,-0.31622776601683794,0.3476547573179031,-0.3751938224223381
-0.9486832980505138,-0.9486832980505138,-0.9330555693458776,-0.942538262536528
0.31622776601683794,0.31622776601683794,0.293879014828534,0.22491239815342204
0.31622776601683794,-0.9486832980505138,0.3551273663655391,-0.9116622631339457
-0.31622776601683794,-0.9486832980505138,-0.4022069242927288,-0.8736473761120714
-0.9486832980505138,0.9486832980505138,-0.9228162348115918,0.931607582511875
-0.31622776601683794,0.31622776601683794,-0.32247515505139807,0.2844290752693972
0.31622776601683794,0.9486832980505138,0.48273214374491913,0.9534604443458197
-0.31622776601683794,0.31622776601683794,-0.3780726205387844,0.2789501758002432
0.9486832980505138,-0.31622776601683794,1.0224593245921039,-0.30131158182207785
0.9486832980505138,0.9486832980505138,0.9168153302331604,0.8861127355234758
-0.31622776601683794,0.9486832980505138,-0.2854612147667725,0.9876892810279759
0.31622776601683794,-0.9486832980505138,0.3317826944849256,-0.9137871716499167
0.31622776601683794,-0.31622776601683794,0.3250247286267103,-0.27339935569343626
0.31622776601683794,0.9486832980505138,0.3255360780606375,0.8320823116019386
-0.9486832980505138,-0.9486832980505138,-0.994822675601817,-0.9357199663513516
0.9486832980505138,0.9486832980505138,0.9404662655137185,0.8414637463300962
-0.31622776601683794,-0.31622776601683794,-0.2734291890408545,-0.26289916328845025
-0.9486832980505138,-0.31622776601683794,-1.018731049673186,-0.22838847195387196
0.31622776601683794,-0.9486832980505138,0.23724767818946702,-0.9583905629342397
0.9486832980505138,0.31622776601683794,1.0598450245495175,0.33516743425593726
0.9486832980505138,-0.9486832980505138,0.8533283048025319,-0.9646427682470903
-0.31622776601683794,-0.31622776601683794,-0.3943873235420115,-0.2973981253705003
-0.9486832980505138,-0.9486832980505138,-0.8719643821399856,-0.897870941137941
0.31622776601683794,-0.31622776601683794,0.26717811265457797,-0.35096521199505415
-0.31622776601683794,-0.31622776601683794,-0.3337592886979896,-0.2586079755652164
-0.9486832980505138,-0.31622776601683794,-0.9973041691834104,-0.28407097664820524
0.9486832980505138,0.31622776601683794,1.0367477088753758,0.3618943757179211
-0.31622776601683794,0.31622776601683794,-0.2418270283478364,0.2804762451497246
0.9486832980505138,0.31622776601683794,1.0023762167781087,0.18901607478776952
0.31622776601683794,-0.9486832980505138,0.26524410121883407,-0.8596401389166083
-0.31622776601683794,0.31622776601683794,-0.2626187467547011,0.2837159337479279
-0.9486832980505138,0.31622776601683794,-0.9440579075394987,0.3302847491842607
0.31622776601683794,0.31622776601683794,0.34283732770851255,0.29894338333017734
0.9486832980505138,0.31622776601683794,0.9507532218594312,0.37496582187183786
-0.31622776601683794,-0.31622776601683794,-0.34083063623233234,-0.38342171575987666
-0.9486832980505138,-0.31622776601683794,-1.0420628815525161,-0.1844644624458275
-0.31622776601683794,0.9486832980505138,-0.24096963283122244,0.8953935248173218
-0.31622776601683794,-0.9486832980505138,-0.26764626044874273,-0.9113488247879629
0.9486832980505138,-0.9486832980505138,0.9350163605949393,-0.9832753170923377
-0.31622776601683794,0.9486832980505138,-0.31944412578107156,1.0198722989302067
0.9486832980505138,0.9486832980505138,0.9989613607448637,0.8754362487289745
0.9486832980505138,-0.9486832980505138,0.954505934032608,-0.8664656848602211
-0.31622776601683794,-0.31622776601683794,-0.445419352310777,-0.19868094051062352
-0.31622776601683794,0.31622776601683794,-0.3400427252357823,0.3737224851574811
0.31622776601683794,-0.9486832980505138,0.33034049048233793,-1.0614591226413226
0.9486832980505138,-0.9486832980505138,0.985709340386387,-0.913045467294496
0.9486832980505138,0.31622776601683794,0.8329152578611352,0.26389753754030604
0.31622776601683794,-0.9486832980505138,0.2639743355062458,-0.8741396395301845
0.9486832980505138,-0.9486832980505138,0.9597696441067127,-0.9427016602962449
-0.31622776601683794,-0.31622776601683794,-0.31819136000898346,-0.2529988217265846
-0.9486832980505138,0.9486832980505138,-0.91307598312749,1.0386912182157706
0.31622776601683794,-0.9486832980505138,0.28240559820312133,-0.8769114948599215
-0.31622776601683794,0.9486832980505138,-0.2861273604780195,1.0514841446971126
-0.9486832980505138,-0.31622776601683794,-1.0132315043664133,-0.26862236229537034
-0.9486832980505138,-0.31622776601683794,-1.0028929937529698,-0.32048510370751077
0.9486832980505138,-0.9486832980505138,0.9056807562213393,-1.0530513123897256
-0.31622776601683794,-0.31622776601683794,-0.2269221239211327,-0.30007609805381047
0.31622776601683794,-0.31622776601683794,0.36861858332269454,-0.3881081786225264
0.9486832980505138,-0.9486832980505138,0.9449695944111165,-0.9453770787240368
-0.31622776601683794,0.31622776601683794,-0.32958307395360936,0.3340888442018076
-0.31622776601683794,0.9486832980505138,-0.24462586353179472,0.9598856885508954
0.31622776601683794,0.31622776601683794,0.2857758121476526,0.43039063762594537
-0.31622776601683794,-0.9486832980505138,-0.30608086022222647,-0.9432656962994664
-0.9486832980505138,0.31622776601683794,-1.0347884830931993,0.3494219478073978
0.31622776601683794,-0.9486832980505138,0.31747755073803813,-0.9734171916856774
0.9486832980505138,0.31622776601683794,0.9591469639487671,0.27713275856592245
0.9486832980505138,0.31622776601683794,0.9201770008106833,0.2655413800503124
0.9486832980505138,-0.31622776601683794,0.8952663600142672,-0.36296356437309457
-0.9486832980505138,0.9486832980505138,-0.9429984975665098,0.9392919075906576
0.31622776601683794,-0.31622776601683794,0.35119518306427977,-0.30664906567175415
-0.31622776601683794,-0.31622776601683794,-0.3013439151393799,-0.20905363342397576
0.31622776601683794,0.9486832980505138,0.32355961999277305,0.8688643110518618
-0.31622776601683794,-0.31622776601683794,-0.33044696359923315,-0.373036980298851
0.31622776601683794,0.9486832980505138,0.25126036065281177,0.8727547540379826
0.9486832980505138,0.9486832980505138,1.0292476838098132,0.813486531845244
-0.31622776601683794,-0.31622776601683794,-0.4242708848610743,-0.2719388734595516
-0.31622776601683794,0.9486832980505138,-0.29456829790046424,0.8765823479069775
-0.31622776601683794,0.31622776601683794,-0.2549292825025246,0.29456515252928567
-0.31622776601683794,0.31622776601683794,-0.29485190575233655,0.26187645767346
0.9486832980505138,0.9486832980505138,0.9696204935653274,0.9603033568561878
0.9486832980505138,0.9486832980505138,0.9277197136242243,0.7942539533413214
0.9486832980505138,-0.31622776601683794,1.0286168118153316,-0.31263454491172166
0.31622776601683794,0.9486832980505138,0.3515832202343063,0.905948347553922
-0.9486832980505138,0.9486832980505138,-0.9377062095646959,0.9588258653076891
-0.31622776601683794,0.9486832980505138,-0.2620234567337075,0.8481210506476189
-0.9486832980505138,0.31622776601683794,-0.9011646463110953,0.23999972090354893
-0.31622776601683794,0.31622776601683794,-0.29946448009952614,0.27786616786188745
-0.9486832980505138,-0.9486832980505138,-1.0287495769207247,-0.9213110623435758
0.9486832980505138,0.31622776601683794,0.9381497286352171,0.2767467183330195
-0.31622776601683794,0.9486832980505138,-0.28598185206965937,0.9171822136989087
-0.9486832980505138,0.9486832980505138,-0.8546321580714514,0.9949999396769557
-0.9486832980505138,-0.31622776601683794,-0.965326864430917,-0.22384191753832175
0.9486832980505138,0.31622776601683794,1.0474659452026016,0.2773567664572504
-0.31622776601683794,-0.31622776601683794,-0.41812911631541305,-0.46395663264569703
-0.9486832980505138,-0.9486832980505138,-0.681926672564755,-0.8369616046533844
-0.9486832980505138,-0.31622776601683794,-0.9249500156966071,-0.34084636089046316
-0.9486832980505138,-0.31622776601683794,-0.9747678439312316,-0.2735137373987782
0.9486832980505138,-0.9486832980505138,0.9487195527053212,-0.9711690319926671
-0.31622776601683794,0.31622776601683794,-0.36122800910542124,0.3099043924939604
0.31622776601683794,0.9486832980505138,0.4333842429750308,0.9547531120514078
-0.9486832980505138,-0.9486832980505138,-1.02815114857383,-0.8830467964209084
0.9486832980505138,0.9486832980505138,0.9636026178564734,0.9771483560559115
0.9486832980505138,0.9486832980505138,1.0503830528587452,0.8441360041106503
-0.9486832980505138,-0.31622776601683794,-0.9618945014105643,-0.30042970947688086
-0.31622776601683794,-0.31622776601683794,-0.25249118877117593,-0.34463389886403717
-0.31622776601683794,-0.9486832980505138,-0.41355331414340635,-1.048319401700168
0.9486832980505138,0.31622776601683794,0.9836226549763822,0.3153651358540052
-0.9486832980505138,0.31622776601683794,-1.017899466264114,0.3205506146749362
-0.9486832980505138,0.9486832980505138,-0.9160957591676581,0.9565458627136646
0.31622776601683794,0.9486832980505138,0.3517021415480697,0.9773392361429099
-0.9486832980505138,-0.9486832980505138,-0.851707717924274,-0.8524645792300711
-0.31622776601683794,0.9486832980505138,-0.3801341571662332,1.0611558261240268
-0.31622776601683794,-0.31622776601683794,-0.2652156116149015,-0.29917102118173544
0.9486832980505138,0.9486832980505138,1.1201394437415955,0.9682300505254835
0.9486832980505138,0.9486832980505138,0.9546118218821943,0.9467281588367715
0.9486832980505138,0.31622776601683794,1.035688860589148,0.2907903461675668
-0.9486832980505138,-0.9486832980505138,-0.9318383565852679,-0.8241061110287148
0.31622776601683794,-0.9486832980505138,0.17794802721724123,-0.9941967490296316
-0.9486832980505138,-0.31622776601683794,-1.0342576446833351,-0.3362124194362865
-0.31622776601683794,-0.31622776601683794,-0.38714306449779395,-0.3544074192384974
-0.31622776601683794,0.31622776601683794,-0.2827421050881474,0.22833015271185103
-0.31622776601683794,0.9486832980505138,-0.23473677416971014,0.9948009536026793
0.31622776601683794,-0.31622776601683794,0.40209315758240083,-0.261580968222981
0.31622776601683794,0.31622776601683794,0.3075859858623313,0.31841281333667254
0.31622776601683794,-0.31622776601683794,0.4485562046948977,-0.3133155770528408
0.31622776601683794,-0.31622776601683794,0.27776322694507566,-0.33724312063718004
0.31622776601683794,0.31622776601683794,0.2608276936814167,0.3635141082398967
-0.31622776601683794,-0.9486832980505138,-0.3308329791452234,-0.9131533299207872
-0.31622776601683794,0.9486832980505138,-0.14548958209714835,1.0209459532622736
0.31622776601683794,-0.9486832980505138,0.30032852533092097,-0.977406481890624
-0.9486832980505138,-0.9486832980505138,-0.9792069641893602,-0.8433136471491509
0.9486832980505138,-0.31622776601683794,0.9301375424535746,-0.35159768203829156
0.9486832980505138,-0.9486832980505138,0.9502021900813038,-0.9436660150690718
0.31622776601683794,-0.31622776601683794,0.3126777595289635,-0.35438094983556834
-0.9486832980505138,-0.9486832980505138,-0.9360602393408424,-0.8443204608537872
0.31622776601683794,0.31622776601683794,0.2933351588480348,0.31853531223506326
0.9486832980505138,0.9486832980505138,0.99535184604576,0.9982173144901532
-0.9486832980505138,-0.31622776601683794,-0.9322553505693953,-0.23841394304854266
0.31622776601683794,-0.31622776601683794,0.267484201725704,-0.2268348530646696
0.31622776601683794,0.9486832980505138,0.3655671223818575,0.968849883777627
-0.31622776601683794,-0.31622776601683794,-0.2108901008125743,-0.3029602995725093
0.9486832980505138,0.9486832980505138,1.041231607186156,1.0546595893437867
-0.31622776601683794,-0.31622776601683794,-0.2197242138388212,-0.35745144696499614
0.9486832980505138,0.31622776601683794,0.9022735855229183,0.3235795447008125
0.31622776601683794,-0.9486832980505138,0.28520307301188785,-0.9511993542963859
-0.9486832980505138,0.9486832980505138,-0.9420032279552247,0.9521362859189385
-0.31622776601683794,-0.31622776601683794,-0.42089863637094,-0.25609187311348613
-0.9486832980505138,-0.31622776601683794,-1.0434280207567173,-0.40069381475901666
-0.9486832980505138,-0.9486832980505138,-0.9183520090516014,-0.9002249071193654
