launch_power_dbm,n_spans,channel,band,wavelength_nm,analytical_gsnr_db,recursive_gsnr_db,delta_recursive_minus_analytical_db
-2.0,1,0,L,1591.7817377291462,30.45233577081075,30.45233577081075,0.0
-2.0,1,1,L,1591.3592626893449,30.224179928742224,30.224179928742224,0.0
-2.0,1,2,L,1590.9370118483712,30.125750495381524,30.125750495381524,0.0
-2.0,1,3,L,1590.5149850278065,30.06708065041924,30.06708065041924,0.0
-2.0,1,4,L,1590.0931820494206,30.027597712837757,30.027597712837757,0.0
-2.0,1,5,L,1589.6716027351729,29.99932051475582,29.99932051475582,0.0
-2.0,1,6,L,1589.2502469072106,29.97832656020791,29.97832656020791,0.0
-2.0,1,7,L,1588.8291143878705,29.96240058560702,29.96240058560702,0.0
-2.0,1,8,L,1588.408204999677,29.95017037675786,29.95017037675786,0.0
-2.0,1,9,L,1587.9875185653427,29.940727852128056,29.940727852128056,0.0
-2.0,1,10,L,1587.5670549077681,29.933441491779995,29.933441491779995,0.0
-2.0,1,11,L,1587.146813850041,29.927854825254702,29.927854825254702,0.0
-2.0,1,12,L,1586.7267952154368,29.923627592357903,29.923627592357903,0.0
-2.0,1,13,L,1586.3069988274174,29.920499725727183,29.920499725727183,0.0
-2.0,1,14,L,1585.8874245096317,29.9182682998263,29.9182682998263,0.0
-2.0,1,15,L,1585.4680720859158,29.916772221483804,29.916772221483804,0.0
-2.0,1,16,L,1585.0489413802907,29.915881738047034,29.915881738047034,0.0
-2.0,1,17,L,1584.6300322169648,29.915491050914255,29.915491050914255,0.0
-2.0,1,18,L,1584.211344420331,29.915512992247287,29.915512992247287,0.0
-2.0,1,19,L,1583.7928778149692,29.9158751089901,29.9158751089901,0.0
-2.0,1,20,L,1583.3746322256436,29.916516729257655,29.916516729257655,0.0
-2.0,1,21,L,1582.9566074773036,29.917386728645248,29.917386728645248,0.0
-2.0,1,22,L,1582.5388033950837,29.91844180440522,29.91844180440522,0.0
-2.0,1,23,L,1582.1212198043024,29.919645124227685,29.919645124227685,0.0
-2.0,1,24,L,1581.7038565304633,29.92096525545396,29.92096525545396,0.0
-2.0,1,25,L,1581.2867133992536,29.922375307069938,29.922375307069938,0.0
-2.0,1,26,L,1580.8697902365443,29.92385223514479,29.92385223514479,0.0
-2.0,1,27,L,1580.45308686839,29.92537627524345,29.92537627524345,0.0
-2.0,1,28,L,1580.0366031210292,29.926930474511195,29.926930474511195,0.0
-2.0,1,29,L,1579.6203388208826,29.928500302756397,29.928500302756397,0.0
-2.0,1,30,L,1579.2042937945544,29.930073326709312,29.930073326709312,0.0
-2.0,1,31,L,1578.7884678688315,29.931638935228264,29.931638935228264,0.0
-2.0,1,32,L,1578.3728608706829,29.933188105915754,29.933188105915754,0.0
-2.0,1,33,L,1577.9574726272597,29.934713205642566,29.934713205642566,0.0
-2.0,1,34,L,1577.5423029658953,29.93620781903241,29.93620781903241,0.0
-2.0,1,35,L,1577.127351714104,29.937666600157705,29.937666600157705,0.0
-2.0,1,36,L,1576.7126186995822,29.939085143627263,29.939085143627263,0.0
-2.0,1,37,L,1576.2981037502077,29.940459871975925,29.940459871975925,0.0
-2.0,1,38,L,1575.8838066940384,29.941787936840637,29.941787936840637,0.0
-2.0,1,39,L,1575.469727359314,29.94306713186482,29.94306713186482,0.0
-2.0,1,40,L,1575.055865574453,29.944295815637894,29.944295815637894,0.0
-2.0,1,41,L,1574.6422211680565,29.94547284327161,29.94547284327161,0.0
-2.0,1,42,L,1574.2287939689036,29.946597505452818,29.946597505452818,0.0
-2.0,1,43,L,1573.8155838059542,29.947669474007395,29.947669474007395,0.0
-2.0,1,44,L,1573.4025905083472,29.94868875316927,29.94868875316927,0.0
-2.0,1,45,L,1572.9898139054012,29.949655635880962,29.949655635880962,0.0
-2.0,1,46,L,1572.5772538266135,29.950570664562044,29.950570664562044,0.0
-2.0,1,47,L,1572.1649101016603,29.951434595875007,29.951434595875007,0.0
-2.0,1,48,L,1571.7527825603972,29.952248369097898,29.952248369097898,0.0
-2.0,1,49,L,1571.340871032857,29.953013077782966,29.953013077782966,0.0
-2.0,1,50,L,1570.9291753492512,29.95372994444489,29.95372994444489,0.0
-2.0,1,51,L,1570.5176953399687,29.95440029808393,29.95440029808393,0.0
-2.0,1,52,L,1570.1064308355772,29.955025554414725,29.955025554414725,0.0
-2.0,1,53,L,1569.6953816668206,29.95560719874768,29.95560719874768,0.0
-2.0,1,54,L,1569.2845476646205,29.95614677157038,29.95614677157038,0.0
-2.0,1,55,L,1568.8739286600755,29.95664585702446,29.95664585702446,0.0
-2.0,1,56,L,1568.4635244844612,29.95710607471455,29.95710607471455,0.0
-2.0,1,57,L,1568.0533349692294,29.95752907571501,29.95752907571501,0.0
-2.0,1,58,L,1567.6433599460074,29.957916544469118,29.957916544469118,0.0
-2.0,1,59,L,1567.2335992465999,29.958270210024715,29.958270210024715,0.0
-2.0,1,60,L,1566.8240527029868,29.958591874146276,29.958591874146276,0.0
-2.0,1,61,L,1566.4147201473234,29.9588834748146,29.9588834748146,0.0
-2.0,1,62,L,1566.0056014119407,29.95914723914931,29.95914723914931,0.0
-2.0,1,63,L,1565.5966963293447,29.959386135188517,29.959386135188517,0.0
-2.0,1,64,L,1565.1880047322159,29.95960608919923,29.95960608919923,0.0
-2.0,1,65,C,1564.77952645341,30.004617272773192,30.004617272773192,0.0
-2.0,1,66,C,1564.3712613259574,30.004852680642976,30.004852680642976,0.0
-2.0,1,67,C,1563.9632091830617,30.0050769862938,30.0050769862938,0.0
-2.0,1,68,C,1563.5553698581014,30.005286955150048,30.005286955150048,0.0
-2.0,1,69,C,1563.147743184628,30.005482139058497,30.005482139058497,0.0
-2.0,1,70,C,1562.7403289963675,30.005662814850382,30.005662814850382,0.0
-2.0,1,71,C,1562.3331271272182,30.005829542661825,30.005829542661825,0.0
-2.0,1,72,C,1561.9261374112523,30.005983008694038,30.005983008694038,0.0
-2.0,1,73,C,1561.5193596827141,30.00612395490014,30.00612395490014,0.0
-2.0,1,74,C,1561.1127937760211,30.006253143262768,30.006253143262768,0.0
-2.0,1,75,C,1560.7064395257632,30.006371336292105,30.006371336292105,0.0
-2.0,1,76,C,1560.3002967667016,30.006479286057484,30.006479286057484,0.0
-2.0,1,77,C,1559.894365333771,30.0065777281141,30.0065777281141,0.0
-2.0,1,78,C,1559.4886450620768,30.00666737843568,30.00666737843568,0.0
-2.0,1,79,C,1559.0831357868954,30.006748932300155,30.006748932300155,0.0
-2.0,1,80,C,1558.677837343676,30.00682306450892,30.00682306450892,0.0
-2.0,1,81,C,1558.2727495680374,30.006890430562553,30.006890430562553,0.0
-2.0,1,82,C,1557.8678722957702,30.006951668562433,30.006951668562433,0.0
-2.0,1,83,C,1557.4632053628354,30.00700740170387,30.00700740170387,0.0
-2.0,1,84,C,1557.058748605364,30.00705824129827,30.00705824129827,0.0
-2.0,1,85,C,1556.6545018596576,30.007104790323453,30.007104790323453,0.0
-2.0,1,86,C,1556.2504649621876,30.007147647563134,30.007147647563134,0.0
-2.0,1,87,C,1555.846637749595,30.0071874124699,30.0071874124699,0.0
-2.0,1,88,C,1555.4430200586908,30.007224690981037,30.007224690981037,0.0
-2.0,1,89,C,1555.0396117264547,30.007260102653053,30.007260102653053,0.0
-2.0,1,90,C,1554.636412590036,30.007294289687017,30.007294289687017,0.0
-2.0,1,91,C,1554.233422486752,30.00732792874484,30.00732792874484,0.0
-2.0,1,92,C,1553.8306412540899,30.007361747003994,30.007361747003994,0.0
-2.0,1,93,C,1553.4280687297044,30.007396544854352,30.007396544854352,0.0
-2.0,1,94,C,1553.0257047514185,30.007433229405486,30.007433229405486,0.0
-2.0,1,95,C,1552.6235491572234,30.007472866438995,30.007472866438995,0.0
-2.0,1,96,C,1552.2216017852782,30.007516765796062,30.007516765796062,0.0
-2.0,1,97,C,1551.819862473909,30.007566632407958,30.007566632407958,0.0
-2.0,1,98,C,1551.41833106161,30.007624861105352,30.007624861105352,0.0
-2.0,1,99,C,1551.0170073870415,30.00769520093257,30.00769520093257,0.0
-2.0,1,100,C,1550.6158912890319,30.007784652688176,30.007784652688176,0.0
-2.0,1,101,C,1550.2149826065752,30.00791252724564,30.00791252724564,0.0
-2.0,1,102,C,1549.8142811788327,30.00948211438685,30.00948211438685,0.0
-2.0,1,103,C,1549.4137868451314,30.012669911456996,30.012669911456996,0.0
-2.0,1,104,C,1549.0134994449645,30.01583730368873,30.01583730368873,0.0
-2.0,1,105,C,1548.6134188179913,30.018960345408537,30.018960345408537,0.0
-2.0,1,106,C,1548.213544804036,30.02202941300925,30.02202941300925,0.0
-2.0,1,107,C,1547.8138772430889,30.0250386815997,30.0250386815997,0.0
-2.0,1,108,C,1547.4144159753055,30.027983910353253,30.027983910353253,0.0
-2.0,1,109,C,1547.0151608410054,30.03086165702308,30.030861657023074,-7.105427357601002e-15
-2.0,1,110,C,1546.6161116806743,30.03366892328872,30.03366892328872,0.0
-2.0,1,111,C,1546.2172683349609,30.03640296939384,30.03640296939384,0.0
-2.0,1,112,C,1545.8186306446798,30.039061206989878,30.039061206989878,0.0
-2.0,1,113,C,1545.4201984508086,30.04164113232084,30.04164113232084,0.0
-2.0,1,114,C,1545.0219715944893,30.044140281943417,30.044140281943417,0.0
-2.0,1,115,C,1544.623949917027,30.046556201803263,30.046556201803263,0.0
-2.0,1,116,C,1544.2261332598914,30.048886424583458,30.048886424583458,0.0
-2.0,1,117,C,1543.8285214647144,30.051128452341125,30.051128452341125,0.0
-2.0,1,118,C,1543.4311143732916,30.053279742593702,30.053279742593702,0.0
-2.0,1,119,C,1543.0339118275813,30.055337696675018,30.055337696675018,0.0
-2.0,1,120,C,1542.636913669704,30.05729964957562,30.05729964957562,0.0
-2.0,1,121,C,1542.2401197419435,30.059162860728232,30.059162860728232,0.0
-2.0,1,122,C,1541.843529886745,30.060924505357086,30.060924505357086,0.0
-2.0,1,123,C,1541.4471439467163,30.062581666114845,30.062581666114845,0.0
-2.0,1,124,C,1541.050961764627,30.0641313248023,30.0641313248023,0.0
-2.0,1,125,C,1540.6549831834075,30.065570354015605,30.065570354015605,0.0
-2.0,1,126,C,1540.2592080461504,30.06689550860169,30.06689550860169,0.0
-2.0,1,127,C,1539.8636361961098,30.06810341682845,30.06810341682845,0.0
-2.0,1,128,C,1539.4682674766998,30.069190571195996,30.069190571195996,0.0
-2.0,1,129,C,1539.0731017314956,30.070153318830318,30.070153318830318,0.0
-2.0,1,130,C,1538.6781388042334,30.07098785141273,30.07098785141273,0.0
-2.0,1,131,C,1538.2833785388095,30.071690194608202,30.071690194608202,0.0
-2.0,1,132,C,1537.8888207792802,30.07225619696388,30.07225619696388,0.0
-2.0,1,133,C,1537.494465369862,30.072681518256132,30.072681518256132,0.0
-2.0,1,134,C,1537.1003121549306,30.072961617271105,30.072961617271105,0.0
-2.0,1,135,C,1536.7063609790223,30.073091739009307,30.073091739009307,0.0
-2.0,1,136,C,1536.3126116868318,30.073066901310902,30.073066901310902,0.0
-2.0,1,137,C,1535.919064123213,30.072881880903942,30.072881880903942,0.0
-2.0,1,138,C,1535.5257181331795,30.0725311988839,30.0725311988839,0.0
-2.0,1,139,C,1535.1325735619027,30.072009105639733,30.072009105639733,0.0
-2.0,1,140,C,1534.7396302547133,30.07130956524925,30.07130956524925,0.0
-2.0,1,141,C,1534.3468880570995,30.070426239376488,30.070426239376488,0.0
-2.0,1,142,C,1533.9543468147083,30.069352470715828,30.069352470715828,0.0
-2.0,1,143,C,1533.5620063733443,30.06808126604507,30.06808126604507,0.0
-2.0,1,144,C,1533.1698665789697,30.066605278974667,30.066605278974667,0.0
-2.0,1,145,C,1532.777927277705,30.064916792519746,30.064916792519746,0.0
-2.0,1,146,C,1532.386188315827,30.06300770168719,30.06300770168719,0.0
-2.0,1,147,C,1531.99464953977,30.06086949638852,30.06086949638852,0.0
-2.0,1,148,C,1531.6033107961255,30.058493245219555,30.058493245219555,0.0
-2.0,1,149,C,1531.2121719316413,30.055869581142826,30.055869581142826,0.0
-2.0,1,150,C,1530.8212327932215,30.0529886913063,30.0529886913063,0.0
-2.0,1,151,C,1530.4304932279274,30.049840316588053,30.049840316588053,0.0
-2.0,1,152,C,1530.0399530829757,30.046413776333196,30.046413776333196,0.0
-2.0,1,153,S,1529.6496122057392,29.779506662834713,29.779506662834713,0.0
-2.0,1,154,S,1529.2594704437463,29.771655398497813,29.771655398497813,0.0
-2.0,1,155,S,1528.8695276446808,29.76345725577934,29.76345725577934,0.0
-2.0,1,156,S,1528.4797836563826,29.75489799465542,29.75489799465542,0.0
-2.0,1,157,S,1528.0902383268458,29.74596263116277,29.74596263116277,0.0
-2.0,1,158,S,1527.7008915042197,29.736635490560865,29.736635490560865,0.0
-2.0,1,159,S,1527.3117430368086,29.726900217803557,29.726900217803557,0.0
-2.0,1,160,S,1526.922792773071,29.71673977604371,29.71673977604371,0.0
-2.0,1,161,S,1526.5340405616198,29.706136440849352,29.706136440849352,0.0
-2.0,1,162,S,1526.1454862512223,29.69507179295374,29.69507179295374,0.0
-2.0,1,163,S,1525.7571296907993,29.683526710842404,29.683526710842404,0.0
-2.0,1,164,S,1525.3689707294252,29.671481363894806,29.67148136389481,3.552713678800501e-15
-2.0,1,165,S,1524.9810092163293,29.658915206540946,29.658915206540946,0.0
-2.0,1,166,S,1524.5932450008922,29.645806973768995,29.645806973768995,0.0
-2.0,1,167,S,1524.2056779326492,29.632134678257028,29.632134678257028,0.0
-2.0,1,168,S,1523.818307861288,29.61787560936798,29.617875609367985,3.552713678800501e-15
-2.0,1,169,S,1523.4311346366494,29.603006334229253,29.603006334229253,0.0
-2.0,1,170,S,1523.044158108726,29.58750270110842,29.58750270110842,0.0
-2.0,1,171,S,1522.6573781276634,29.571339845291757,29.571339845291757,0.0
-2.0,1,172,S,1522.2707945437596,29.554492197669386,29.554492197669386,0.0
-2.0,1,173,S,1521.8844072074637,29.536933496229373,29.536933496229373,0.0
-2.0,1,174,S,1521.4982159693777,29.51863680066193,29.51863680066193,0.0
-2.0,1,175,S,1521.1122206802543,29.499574510272943,29.499574510272943,0.0
-2.0,1,176,S,1520.726421190998,29.479718385403753,29.479718385403753,0.0
-2.0,1,177,S,1520.3408173526648,29.459039572550495,29.459039572550495,0.0
-2.0,1,178,S,1519.9554090164613,29.437508633370967,29.437508633370967,0.0
-2.0,1,179,S,1519.5701960337447,29.415095577760347,29.415095577760347,0.0
-2.0,1,180,S,1519.1851782560236,29.391769901168225,29.391769901168225,0.0
-2.0,1,181,S,1518.8003555349567,29.367500626318055,29.367500626318055,0.0
-2.0,1,182,S,1518.4157277223526,29.34225634947702,29.34225634947702,0.0
-2.0,1,183,S,1518.0312946701704,29.31600529140795,29.31600529140795,0.0
-2.0,1,184,S,1517.6470562305192,29.288715353115936,29.288715353115936,0.0
-2.0,1,185,S,1517.2630122556577,29.260354176480803,29.260354176480803,0.0
-2.0,1,186,S,1516.8791625979936,29.230889209841365,29.230889209841365,0.0
-2.0,1,187,S,1516.4955071100846,29.200287778569898,29.200287778569898,0.0
-2.0,1,188,S,1516.1120456446372,29.16851716064386,29.16851716064386,0.0
-2.0,1,189,S,1515.7287780545066,29.135544667188526,29.135544667188526,0.0
-2.0,1,190,S,1515.3457041926977,29.101337727926683,29.101337727926683,0.0
-2.0,1,191,S,1514.9628239123624,29.065863981432763,29.065863981432763,0.0
-2.0,1,192,S,1514.5801370668028,29.029091370046523,29.029091370046523,0.0
-2.0,1,193,S,1514.1976435094678,28.99098823925776,28.99098823925776,0.0
-2.0,1,194,S,1513.8153430939549,28.9515234413285,28.9515234413285,0.0
-2.0,1,195,S,1513.433235674009,28.910666442872976,28.910666442872976,0.0
-2.0,1,196,S,1513.0513211035234,28.86838743606986,28.86838743606986,0.0
-2.0,1,197,S,1512.6695992365378,28.82465745313569,28.82465745313569,0.0
-2.0,1,198,S,1512.2880699272403,28.779448483645762,28.779448483645762,0.0
-2.0,1,199,S,1511.9067330299654,28.73273359424774,28.73273359424774,0.0
-2.0,1,200,S,1511.525588399194,28.684487050277696,28.684487050277696,0.0
-2.0,1,201,S,1511.144635889555,28.634684438758413,28.634684438758413,0.0
-2.0,1,202,S,1510.7638753558228,28.58330279223656,28.58330279223656,0.0
-2.0,1,203,S,1510.3833066529185,28.530320712902828,28.530320712902828,0.0
-2.0,1,204,S,1510.002929635909,28.4757184964373,28.4757184964373,0.0
-2.0,1,205,S,1509.6227441600076,28.419478255034534,28.419478255034534,0.0
-2.0,1,206,S,1509.2427500805736,28.361584039092598,28.361584039092598,0.0
-2.0,1,207,S,1508.862947253111,28.302021957099235,28.302021957099235,0.0
-2.0,1,208,S,1508.48333553327,28.240780293322814,28.240780293322814,0.0
-2.0,1,209,S,1508.1039147768456,28.177849623018282,28.177849623018282,0.0
-2.0,1,210,S,1507.7246848397783,28.113222924998116,28.113222924998116,0.0
-2.0,1,211,S,1507.345645578153,28.046895691600646,28.046895691600646,0.0
-2.0,1,212,S,1506.966796848199,27.978866036327297,27.978866036327297,0.0
-2.0,1,213,S,1506.5881385062917,27.909134799728754,27.909134799728754,0.0
-2.0,1,214,S,1506.2096704089483,27.837705654519805,27.837705654519805,0.0
-2.0,1,215,S,1505.8313924128324,27.764585211423313,27.764585211423313,0.0
-2.0,1,216,S,1505.4533043747508,27.689783127924876,27.689783127924876,0.0
-2.0,1,217,S,1505.0754061516532,27.613312223023613,27.613312223023613,0.0
-2.0,1,218,S,1504.6976976006342,27.535188602277575,27.535188602277575,0.0
-2.0,1,219,S,1504.3201785789313,27.455431799093674,27.455431799093674,0.0
-2.0,1,220,S,1503.942848943925,27.37406494050176,27.37406494050176,0.0
-2.0,1,221,S,1503.565708553139,27.291114948879596,27.291114948879596,0.0
-2.0,1,222,S,1503.1887572642402,27.206612795734195,27.206612795734195,0.0
-2.0,1,223,S,1502.8119949350378,27.120593830450336,27.120593830450336,0.0
-2.0,1,224,S,1502.4354214234836,27.033098217120546,27.033098217120546,0.0
-2.0,1,225,S,1502.0590365876717,26.94417152823749,26.94417152823749,0.0
-2.0,1,226,S,1501.682840285839,26.853865568713,26.853865568713,0.0
-2.0,1,227,S,1501.3068323763632,26.762239543708894,26.762239543708894,0.0
-2.0,1,228,S,1500.9310127177646,26.66936175076007,26.66936175076007,0.0
-2.0,1,229,S,1500.5553811687053,26.57531209297803,26.57531209297803,0.0
-2.0,1,230,S,1500.1799375879884,26.480185920645095,26.480185920645095,0.0
-2.0,1,231,S,1499.8046818345586,26.384100108592815,26.384100108592815,0.0
-2.0,1,232,S,1499.429613767501,26.287203082282574,26.287203082282574,0.0
-2.0,1,233,S,1499.0547332460424,26.189692244503377,26.189692244503377,0.0
-2.0,1,234,S,1498.6800401295502,26.091846346946504,26.091846346946504,0.0
-2.0,1,235,S,1498.3055342775322,25.994091100217087,25.994091100217087,0.0
-2.0,1,236,S,1497.9312155496366,25.897148990899264,25.897148990899264,0.0
-2.0,1,237,S,1497.557083805652,25.80244638568011,25.80244638568011,0.0
-2.0,1,238,S,1497.1831389055067,25.713582601684173,25.713582601684173,0.0
-2.0,1,239,S,1496.8093807092691,25.645940409910338,25.645940409910338,0.0
-2.0,4,0,L,1591.7817377291462,25.461997941225974,25.75827167707515,0.2962737358491765
-2.0,4,1,L,1591.3592626893449,25.141788541896307,25.45143262582354,0.30964408392723186
-2.0,4,2,L,1590.9370118483712,25.005437528638303,25.320728464535826,0.3152909358975222
-2.0,4,3,L,1590.5149850278065,24.924557300535675,25.243276724122993,0.31871942358731786
-2.0,4,4,L,1590.0931820494206,24.870229900304288,25.191341103039257,0.3211112027349685
-2.0,4,5,L,1589.6716027351729,24.83132724529313,25.154236415712067,0.3229091704189351
-2.0,4,6,L,1589.2502469072106,24.80241150052003,25.126737202489426,0.32432570196939636
-2.0,4,7,L,1588.8291143878705,24.7804253036863,25.10590373656232,0.3254784328760181
-2.0,4,8,L,1588.408204999677,24.763481733226357,25.08992080491941,0.3264390716930521
-2.0,4,9,L,1587.9875185653427,24.750335927455076,25.077590361230758,0.327254433775682
-2.0,4,10,L,1587.5670549077681,24.740124419948124,25.068081123430023,0.32795670348189887
-2.0,4,11,L,1587.146813850041,24.732224485354152,25.06079340425081,0.3285689188966572
-2.0,4,12,L,1586.7267952154368,24.726172824579336,25.055280940440056,0.32910811586071986
-2.0,4,13,L,1586.3069988274174,24.721615905910635,25.05120313923648,0.32958723332584583
-2.0,4,14,L,1585.8874245096317,24.718278251547492,25.048294573109125,0.33001632156163296
-2.0,4,15,L,1585.4680720859158,24.715941416571873,25.0463447542522,0.3304033376803268
-2.0,4,16,L,1585.0489413802907,24.71442960946286,25.045184295812973,0.3307546863501116
-2.0,4,17,L,1584.6300322169648,24.713599586253764,25.04467518369561,0.33107559744184556
-2.0,4,18,L,1584.211344420331,24.713333379451537,25.044703775512023,0.33137039606048546
-2.0,4,19,L,1583.7928778149692,24.71353295761177,25.045175657242208,0.33164269963043935
-2.0,4,20,L,1583.3746322256436,24.714116230659577,25.046011795019822,0.33189556436024503
-2.0,4,21,L,1582.9566074773036,24.715014012707492,25.047145608549343,0.3321315958418509
-2.0,4,22,L,1582.5388033950837,24.71616767872217,25.048520712485942,0.33235303376377345
-2.0,4,23,L,1582.1212198043024,24.71752733232412,25.050089149952154,0.33256181762803294
-2.0,4,24,L,1581.7038565304633,24.719050355755773,25.051809994072563,0.3327596383167908
-2.0,4,25,L,1581.2867133992536,24.720700249475072,25.053648228449482,0.33294797897440986
-2.0,4,26,L,1580.8697902365443,24.722445693963017,25.055573841684794,0.33312814772177646
-2.0,4,27,L,1580.45308686839,24.724259783962637,25.057561088018897,0.3333013040562598
-2.0,4,28,L,1580.0366031210292,24.726119397922016,25.059587878241423,0.33346848031940723
-2.0,4,29,L,1579.6203388208826,24.72800467447933,25.06163527375499,0.3336305992756614
-2.0,4,30,L,1579.2042937945544,24.72989857445839,25.06368706305585,0.3337884885974596
-2.0,4,31,L,1578.7884678688315,24.731786511749178,25.06572940461947,0.33394289287029366
-2.0,4,32,L,1578.3728608706829,24.73365604011923,25.067750523713556,0.3340944835943276
-2.0,4,33,L,1577.9574726272597,24.735496585775564,25.069740453332628,0.33424386755706337
-2.0,4,34,L,1577.5423029658953,24.737299217614236,25.071690811487294,0.3343915938730575
-2.0,4,35,L,1577.127351714104,24.739056448723925,25.07359460865078,0.3345381599268542
-2.0,4,36,L,1576.7126186995822,24.74076206397529,25.075446080384097,0.33468401640880785
-2.0,4,37,L,1576.2981037502077,24.74241096951748,25.077240541114705,0.3348295715972256
-2.0,4,38,L,1575.8838066940384,24.743999060783604,25.07897425579536,0.3349751950117543
-2.0,4,39,L,1575.469727359314,24.7455231062263,25.080644326766762,0.33512122054046145
-2.0,4,40,L,1575.055865574453,24.746980644499622,25.08224859362473,0.3352679491251074
-2.0,4,41,L,1574.6422211680565,24.748369893201975,25.083785544276576,0.3354156510746016
-2.0,4,42,L,1574.2287939689036,24.749689667616863,25.08525423568213,0.3355645680652657
-2.0,4,43,L,1573.8155838059542,24.75093930815159,25.086654223028397,0.3357149148768066
-2.0,4,44,L,1573.4025905083472,24.752118615389076,25.087985496294486,0.33586688090541017
-2.0,4,45,L,1572.9898139054012,24.753227791846435,25.089248423335345,0.3360206314889105
-2.0,4,46,L,1572.5772538266135,24.754267389682155,25.090443698755927,0.33617630907377105
-2.0,4,47,L,1572.1649101016603,24.75523826371926,25.091572297968217,0.33633403424895647
-2.0,4,48,L,1571.7527825603972,24.756141529258784,25.09263543592697,0.3364939066681849
-2.0,4,49,L,1571.340871032857,24.75697852425259,25.093634530131013,0.3366560058784209
-2.0,4,50,L,1570.9291753492512,24.757750775490436,25.094571167559963,0.3368203920695265
-2.0,4,51,L,1570.5176953399687,24.75845996853975,25.095447075296576,0.3369871067568262
-2.0,4,52,L,1570.1064308355772,24.75910792126448,25.096264094669742,0.33715617340526194
-2.0,4,53,L,1569.6953816668206,24.75969656085209,25.097024158852214,0.337327598000126
-2.0,4,54,L,1569.2845476646205,24.76022790441371,25.09772927397822,0.33750136956451016
-2.0,4,55,L,1568.8739286600755,24.760704043421725,25.098381504038805,0.3376774606170798
-2.0,4,56,L,1568.4635244844612,24.76112713257555,25.098982960128033,0.33785582755248456
-2.0,4,57,L,1568.0533349692294,24.761499384265214,25.099535795173303,0.33803641090808867
-2.0,4,58,L,1567.6433599460074,24.76182307092276,25.100042206366805,0.3382191354440458
-2.0,4,59,L,1567.2335992465999,24.762100539913607,25.100504449801086,0.3384039098874787
-2.0,4,60,L,1566.8240527029868,24.76233425115256,25.10092487716598,0.3385906260134206
-2.0,4,61,L,1566.4147201473234,24.76252686244656,25.101306018705294,0.33877915625873456
-2.0,4,62,L,1566.0056014119407,24.762681435544906,25.1016507830675,0.3389693475225961
-2.0,4,63,L,1565.5966963293447,24.762802045761173,25.10196304781882,0.3391610020576472
-2.0,4,64,L,1565.1880047322159,24.76289677609387,25.102250557812965,0.3393537817190939
-2.0,4,65,C,1564.77952645341,24.81727134606643,25.16118096531464,0.3439096192482083
-2.0,4,66,C,1564.3712613259574,24.817521765376384,25.161489668423172,0.3439679030467886
-2.0,4,67,C,1563.9632091830617,24.817756362953183,25.161783817437158,0.34402745448397454
-2.0,4,68,C,1563.5553698581014,24.817970867290118,25.16205916981175,0.3440883025216337
-2.0,4,69,C,1563.147743184628,24.818164786862674,25.162315136978993,0.344150350116319
-2.0,4,70,C,1562.7403289963675,24.818338619126436,25.162552081173004,0.344213462046568
-2.0,4,71,C,1562.3331271272182,24.818493251967276,25.16277073624898,0.34427748428170446
-2.0,4,72,C,1561.9261374112523,24.8186297501389,25.16297200148432,0.3443422513454202
-2.0,4,73,C,1561.5193596827141,24.818749259343424,25.163156849365134,0.34440759002171006
-2.0,4,74,C,1561.1127937760211,24.818852957120335,25.163326278731514,0.3444733216111793
-2.0,4,75,C,1560.7064395257632,24.818942025683853,25.163481289193168,0.34453926350931496
-2.0,4,76,C,1560.3002967667016,24.819017636309685,25.163622866736052,0.34460523042636737
-2.0,4,77,C,1559.894365333771,24.81908094035191,25.163751975749022,0.34467103539711275
-2.0,4,78,C,1559.4886450620768,24.819133064338267,25.163869554993234,0.3447364906549666
-2.0,4,79,C,1559.0831357868954,24.819175107724043,25.163976516133598,0.3448014084095554
-2.0,4,80,C,1558.677837343676,24.819208142471204,25.164073744019927,0.34486560154872237
-2.0,4,81,C,1558.2727495680374,24.819233213947346,25.16416209822328,0.3449288842759337
-2.0,4,82,C,1557.8678722957702,24.819251342836786,25.164242415524967,0.3449910726881811
-2.0,4,83,C,1557.4632053628354,24.81926352788653,25.16431551318206,0.3450519852955303
-2.0,4,84,C,1557.058748605364,24.81927074940621,25.164382192887338,0.34511144348112666
-2.0,4,85,C,1556.6545018596576,24.81927397352451,25.16444324542246,0.34516927189795155
-2.0,4,86,C,1556.2504649621876,24.81927415728789,25.164499456084506,0.3452252987966169
-2.0,4,87,C,1555.846637749595,24.81927225478591,25.164551611061754,0.3452793562758423
-2.0,4,88,C,1555.4430200586908,24.819269224616086,25.164600505059784,0.3453312804436983
-2.0,4,89,C,1555.0396117264547,24.819266039185116,25.16464695065764,0.3453809114725246
-2.0,4,90,C,1554.636412590036,24.819263696622187,25.164691790144317,0.34542809352213055
-2.0,4,91,C,1554.233422486752,24.819263236523458,25.164735911016486,0.34547267449302765
-2.0,4,92,C,1553.8306412540899,24.81926576148733,25.16478026703584,0.34551450554851115
-2.0,4,93,C,1553.4280687297044,24.819272467693516,25.164825907999095,0.34555344030557933
-2.0,4,94,C,1553.0257047514185,24.819284690167084,25.164874023688046,0.3455893335209623
-2.0,4,95,C,1552.6235491572234,24.819303973059128,25.164926012013872,0.34562203895474397
-2.0,4,96,C,1552.2216017852782,24.819332185230515,25.16498359101807,0.3456514057875566
-2.0,4,97,C,1551.819862473909,24.819371724726622,25.165048996976292,0.34567727224967015
-2.0,4,98,C,1551.41833106161,24.819425917889035,25.16512537109465,0.345699453205615
-2.0,4,99,C,1551.0170073870415,24.819499918594758,25.165217630879077,0.34571771228431913
-2.0,4,100,C,1550.6158912890319,24.81960327656016,25.165334959103056,0.34573168254289754
-2.0,4,101,C,1550.2149826065752,24.81976219688706,25.165502685399822,0.34574048851276373
-2.0,4,102,C,1549.8142811788327,24.822099224713163,25.167561555286888,0.34546233057372433
-2.0,4,103,C,1549.4137868451314,24.82689141946507,25.171743789181093,0.3448523697160226
-2.0,4,104,C,1549.0134994449645,24.831663975349407,25.175900201950732,0.3442362266013248
-2.0,4,105,C,1548.6134188179913,24.836384659305416,25.179999343026665,0.34361468372124904
-2.0,4,106,C,1548.213544804036,24.84104061118343,25.184028538575095,0.3429879273916647
-2.0,4,107,C,1547.8138772430889,24.8456241095832,25.187980092965184,0.34235598338198514
-2.0,4,108,C,1547.4144159753055,24.85012957758762,25.19184838551535,0.34171880792773024
-2.0,4,109,C,1547.0151608410054,24.854552521370458,25.195628840999838,0.34107631962938
-2.0,4,110,C,1546.6161116806743,24.858889051369395,25.199317464926136,0.34042841355674014
-2.0,4,111,C,1546.2172683349609,24.863135632347486,25.202910600704136,0.3397749683566502
-2.0,4,112,C,1545.8186306446798,24.867288939193863,25.206404789309275,0.33911585011541234
-2.0,4,113,C,1545.4201984508086,24.871345767280406,25.209796681811678,0.33845091453127196
-2.0,4,114,C,1545.0219715944893,24.87530297331017,25.213082981436695,0.33778000812652564
-2.0,4,115,C,1544.623949917027,24.879157434255255,25.216260403129258,0.33710296887400304
-2.0,4,116,C,1544.2261332598914,24.88290601751646,25.219325643961284,0.3364196264448225
-2.0,4,117,C,1543.8285214647144,24.886545558274996,25.22227536047326,0.33572980219826576
-2.0,4,118,C,1543.4311143732916,24.890072841554552,25.225106150542235,0.3350333089876827
-2.0,4,119,C,1543.0339118275813,24.893484587401417,25.227814538231257,0.3343299508298401
-2.0,4,120,C,1542.636913669704,24.896777438123543,25.23039696059225,0.3336195224687053
-2.0,4,121,C,1542.2401197419435,24.899947946861893,25.232849755716895,0.3329018088550022
-2.0,4,122,C,1541.843529886745,24.90299256698077,25.23516915153732,0.3321765845565494
-2.0,4,123,C,1541.4471439467163,24.905907641905888,25.237351255015895,0.33144361311000736
-2.0,4,124,C,1541.050961764627,24.908689395134815,25.239392041457087,0.33070264632227264
-2.0,4,125,C,1540.6549831834075,24.911333920212275,25.241287343739902,0.3299534235276269
-2.0,4,126,C,1540.2592080461504,24.913837170510483,25.24303284131622,0.3291956708057384
-2.0,4,127,C,1539.8636361961098,24.916194948690382,25.24462404885491,0.3284291001645272
-2.0,4,128,C,1539.4682674766998,24.91840289574582,25.246056304437474,0.3276534086916527
-2.0,4,129,C,1539.0731017314956,24.920456479553614,25.24732475723144,0.3268682776778249
-2.0,4,130,C,1538.6781388042334,24.92235098286826,25.24842435458336,0.32607337171510054
-2.0,4,131,C,1538.2833785388095,24.924081490713604,25.249349828486846,0.3252683377732417
-2.0,4,132,C,1537.8888207792802,24.925642877134987,25.250095681392075,0.32445280425708845
-2.0,4,133,C,1537.494465369862,24.927029791284724,25.25065617133307,0.32362638004834565
-2.0,4,134,C,1537.1003121549306,24.928236642823162,25.251025296358094,0.322788653534932
-2.0,4,135,C,1536.7063609790223,24.929257586625127,25.251196778256716,0.32193919163158924
-2.0,4,136,C,1536.3126116868318,24.93008650679005,25.251164045585387,0.3210775387953362
-2.0,4,137,C,1535.919064123213,24.93071699996172,25.2509202160017,0.32020321603997814
-2.0,4,138,C,1535.5257181331795,24.931142357972355,25.25045807792615,0.3193157199537957
-2.0,4,139,C,1535.1325735619027,24.931355549834816,25.249770071559826,0.3184145217250105
-2.0,4,140,C,1534.7396302547133,24.931349203117943,25.248848269297643,0.3174990661796997
-2.0,4,141,C,1534.3468880570995,24.93111558475299,25.247684355590053,0.3165687708370619
-2.0,4,142,C,1533.9543468147083,24.930646581336614,25.246269606323466,0.31562302498685213
-2.0,4,143,C,1533.5620063733443,24.92993367901938,25.244594867813085,0.3146611887937034
-2.0,4,144,C,1533.1698665789697,24.92896794310382,25.242650535535894,0.3136825924320732
-2.0,4,145,C,1532.777927277705,24.927739997529727,25.240426532784337,0.31268653525460977
-2.0,4,146,C,1532.386188315827,24.926240004515186,25.237912289508408,0.31167228499322164
-2.0,4,147,C,1531.99464953977,24.924457644783814,25.235096721770546,0.31063907698673177
-2.0,4,148,C,1531.6033107961255,24.92238209912467,25.231968212541265,0.3095861134165965
-2.0,4,149,C,1531.2121719316413,24.92000203270928,25.228514595214353,0.3085125625050722
-2.0,4,150,C,1530.8212327932215,24.91730558523092,25.224723142794833,0.3074175575639124
-2.0,4,151,C,1530.4304932279274,24.91428037452803,25.22058057012216,0.3063001955941296
-2.0,4,152,C,1530.0399530829757,24.91091353488175,25.216073069465214,0.30515953458346345
-2.0,4,153,S,1529.6496122057392,24.586411641598993,24.868300663450682,0.28188902185168985
-2.0,4,154,S,1529.2594704437463,24.577422406016623,24.858167038346394,0.2807446323297711
-2.0,4,155,S,1528.8695276446808,24.56801875353503,24.847591372727088,0.27957261919205934
-2.0,4,156,S,1528.4797836563826,24.55818404800613,24.836556029933018,0.27837198192688817
-2.0,4,157,S,1528.0902383268458,24.547900780344357,24.82504248501555,0.2771417046711946
-2.0,4,158,S,1527.7008915042197,24.537150646137647,24.813031399801964,0.2758807536643175
-2.0,4,159,S,1527.3117430368086,24.52591456567091,24.800502643199533,0.27458807752862313
-2.0,4,160,S,1526.922792773071,24.514172687920116,24.787435296476342,0.27326260855622664
-2.0,4,161,S,1526.5340405616198,24.50190438890258,24.773807653465504,0.2719032645629227
-2.0,4,162,S,1526.1454862512223,24.489088268198014,24.75959721935862,0.2705089511606076
-2.0,4,163,S,1525.7571296907993,24.47570214539744,24.744780709786703,0.26907856438926103
-2.0,4,164,S,1525.3689707294252,24.461723057442683,24.729334051126767,0.2676109936840838
-2.0,4,165,S,1524.9810092163293,24.44712725746864,24.713232382636296,0.2661051251676554
-2.0,4,166,S,1524.5932450008922,24.431890215589394,24.696450060853113,0.2645598452637188
-2.0,4,167,S,1524.2056779326492,24.415986621981098,24.67896066661224,0.26297404463114304
-2.0,4,168,S,1523.818307861288,24.39939039256485,24.660737014982523,0.2613466224176726
-2.0,4,169,S,1523.4311346366494,24.38207467756509,24.641751168396866,0.2596764908317759
-2.0,4,170,S,1523.044158108726,24.36401187320113,24.621974453230997,0.2579625800298686
-2.0,4,171,S,1522.6573781276634,24.345173636758336,24.601377480071783,0.2562038433134468
-2.0,4,172,S,1522.2707945437596,24.325530905276224,24.57993016790468,0.254399262628457
-2.0,4,173,S,1521.8844072074637,24.305053918083313,24.55760177243926,0.25254785435594584
-2.0,4,174,S,1521.4982159693777,24.283712243400622,24.53436091878011,0.25064867537948743
-2.0,4,175,S,1521.1122206802543,24.26147480922686,24.51017563863813,0.2487008294112698
-2.0,4,176,S,1520.726421190998,24.23830993870815,24.485013412262653,0.24670347355450417
-2.0,4,177,S,1520.3408173526648,24.214185390182998,24.458841215258342,0.24465582507534478
-2.0,4,178,S,1519.9554090164613,24.18906840207862,24.43162557043172,0.24255716835309826
-2.0,4,179,S,1519.5701960337447,24.162925742817514,24.403332604790045,0.2404068619725308
-2.0,4,180,S,1519.1851782560236,24.135723765873678,24.373928111790807,0.23820434591712925
-2.0,4,181,S,1518.8003555349567,24.10742847009416,24.34337761891145,0.23594914881729068
-2.0,4,182,S,1518.4157277223526,24.07800556537602,24.31164646057827,0.2336408952022495
-2.0,4,183,S,1518.0312946701704,24.04742054375899,24.278699856458626,0.23127931269963753
-2.0,4,184,S,1517.6470562305192,24.01563875596102,24.244502995082833,0.22886423912181186
-2.0,4,185,S,1517.2630122556577,23.982625493347996,24.209021122721623,0.22639562937362712
-2.0,4,186,S,1516.8791625979936,23.948346075288907,24.172219637400755,0.22387356211184795
-2.0,4,187,S,1516.4955071100846,23.912765941805315,24.13406418788853,0.22129824608321513
-2.0,4,188,S,1516.1120456446372,23.875850751378035,24.09452077744249,0.21867002606445496
-2.0,4,189,S,1515.7287780545066,23.837566483726057,24.053555872051632,0.2159893883255748
-2.0,4,190,S,1515.3457041926977,23.797879547321767,24.011136512857703,0.21325696553593687
-2.0,4,191,S,1514.9628239123624,23.75675689135521,23.967230432387012,0.21047354103180282
-2.0,4,192,S,1514.5801370668028,23.714166121806663,23.921806174171234,0.20764005236457095
-2.0,4,193,S,1514.1976435094678,23.670075621233707,23.874833215283733,0.20475759405002592
-2.0,4,194,S,1513.8153430939549,23.62445467182677,23.826282091268393,0.2018274194416243
-2.0,4,195,S,1513.433235674009,23.577273581236046,23.776124522890587,0.1988509416545412
-2.0,4,196,S,1513.0513211035234,23.528503810625175,23.724333544097213,0.19582973347203847
-2.0,4,197,S,1512.6695992365378,23.47811810436258,23.670883630534615,0.19276552617203535
-2.0,4,198,S,1512.2880699272403,23.426090620724068,23.61575082794306,0.18966020721899213
-2.0,4,199,S,1511.9067330299654,23.372397062947876,23.558912879722335,0.1865158167744596
-2.0,4,200,S,1511.525588399194,23.317014809960952,23.500349352950334,0.1833345429893818
-2.0,4,201,S,1511.144635889555,23.25992304608311,23.440041762133895,0.1801187160507851
-2.0,4,202,S,1510.7638753558228,23.201102889014294,23.377973689980905,0.17687080096661134
-2.0,4,203,S,1510.3833066529185,23.140537515425116,23.31413090450791,0.17359338908279298
-2.0,4,204,S,1510.002929635909,23.078212283500168,23.248501471838136,0.1702891883379678
-2.0,4,205,S,1509.6227441600076,23.014114851833245,23.18107586410408,0.1669610122708356
-2.0,4,206,S,1509.2427500805736,22.94823529414463,23.111847061949398,0.16361176780476683
-2.0,4,207,S,1508.862947253111,22.88056620938661,23.040810651228284,0.16024444184167308
-2.0,4,208,S,1508.48333553327,22.811102826929858,22.96796491363232,0.1568620867024606
-2.0,4,209,S,1508.1039147768456,22.73984310668355,22.893310911137124,0.1534678044535731
-2.0,4,210,S,1507.7246848397783,22.666787834205326,22.81685256436276,0.15006473015743538
-2.0,4,211,S,1507.345645578153,22.591940711110205,22.73859672518755,0.14665601407734385
-2.0,4,212,S,1506.966796848199,22.515308441405722,22.658553244259284,0.14324480285356245
-2.0,4,213,S,1506.5881385062917,22.436900814778067,22.576735034423095,0.13983421964502796
-2.0,4,214,S,1506.2096704089483,22.356730788357595,22.49315813155452,0.1364273431969245
-2.0,4,215,S,1505.8313924128324,22.274814569135025,22.407841754881133,0.1330271857461085
-2.0,4,216,S,1505.4533043747508,22.191171700030303,22.32080836963828,0.12963666960797582
-2.0,4,217,S,1505.0754061516532,22.105825153707773,22.2320837559013,0.12625860219352703
-2.0,4,218,S,1504.6976976006342,22.01880143968799,22.14169708876188,0.1228956490738895
-2.0,4,219,S,1504.3201785789313,21.930130732282596,22.049681036809183,0.11955030452658733
-2.0,4,220,S,1503.942848943925,21.839847029615022,21.956071888355705,0.11622485874068289
-2.0,4,221,S,1503.565708553139,21.74798835784468,21.860909718337552,0.11292136049287294
-2.0,4,222,S,1503.1887572642402,21.65459704025657,21.764238613835584,0.10964157357901527
-2.0,4,223,S,1502.8119949350378,21.5597200590192,21.66610698352997,0.10638692451077247
-2.0,4,224,S,1502.4354214234836,21.46340954963197,21.566567987455496,0.1031584378235273
-2.0,4,225,S,1502.0590365876717,21.36572348686237,21.465680140418307,0.0999566535559353
-2.0,4,226,S,1501.682840285839,21.26672665058759,21.363508169234883,0.09678151864729401
-2.0,4,227,S,1501.3068323763632,21.166492008007868,21.260124247445056,0.09363223943718779
-2.0,4,228,S,1500.9310127177646,21.065102729195353,21.155609804009913,0.09050707481456044
-2.0,4,229,S,1500.5553811687053,20.96265519276651,21.05005822906822,0.08740303630171198
-2.0,4,230,S,1500.1799375879884,20.8592635916855,20.943579029030282,0.08431543734478097
-2.0,4,231,S,1499.8046818345586,20.755067230654703,20.836304419073024,0.08123718841832073
-2.0,4,232,S,1499.429613767501,20.650242576332584,20.728400218874526,0.07815764254194235
-2.0,4,233,S,1499.0547332460424,20.545024216174138,20.620084813161608,0.07506059698746981
-2.0,4,234,S,1498.6800401295502,20.439743813101842,20.51166440164632,0.07192058854447936
-2.0,4,235,S,1498.3055342775322,20.3349091031256,20.40360449076635,0.06869538764075145
-2.0,4,236,S,1497.9312155496366,20.23138440033737,20.296693245291834,0.06530884495446543
-2.0,4,237,S,1497.557083805652,20.130881480631896,20.19248567238467,0.06160419175277454
-2.0,4,238,S,1497.1831389055067,20.037732803493004,20.094907774475598,0.05717497098259372
-2.0,4,239,S,1496.8093807092691,19.97051071778976,20.020762387601142,0.05025166981138085
-2.0,8,0,L,1591.7817377291462,22.53852341759667,23.014561052734134,0.47603763513746244
-2.0,8,1,L,1591.3592626893449,22.19395922751572,22.689007466248647,0.49504823873292736
-2.0,8,2,L,1590.9370118483712,22.04768913864477,22.550747278204554,0.5030581395597835
-2.0,8,3,L,1590.5149850278065,21.96100015165794,22.468930170494627,0.5079300188366851
-2.0,8,4,L,1590.0931820494206,21.90277291482168,22.41411303981647,0.511340124994792
-2.0,8,5,L,1589.6716027351729,21.861057316750177,22.374971852848727,0.5139145360985502
-2.0,8,6,L,1589.2502469072106,21.83002239598068,22.345975134419028,0.5159527384383473
-2.0,8,7,L,1588.8291143878705,21.806393484015935,22.324013792406767,0.517620308390832
-2.0,8,8,L,1588.408204999677,21.788151414833152,22.30716943898424,0.5190180241510873
-2.0,8,9,L,1587.9875185653427,21.773965113870478,22.294176708407505,0.5202115945370274
-2.0,8,10,L,1587.5670549077681,21.762911923524143,22.28415806639275,0.5212461428686055
-2.0,8,11,L,1587.146813850041,21.75432680431112,22.27648074302186,0.5221539387107406
-2.0,8,12,L,1586.7267952154368,21.747715212640376,22.270674037986453,0.5229588253460768
-2.0,8,13,L,1586.3069988274174,21.74269992674471,22.266378827186948,0.5236789004422384
-2.0,8,14,L,1585.8874245096317,21.738987106554028,22.263315321021786,0.5243282144677579
-2.0,8,15,L,1585.4680720859158,21.736343807883685,22.26126169600611,0.5249178881224239
-2.0,8,16,L,1585.0489413802907,21.73458260806909,22.2600394793638,0.5254568712947112
-2.0,8,17,L,1584.6300322169648,21.73355080563209,22.259503278396217,0.5259524727641285
-2.0,8,18,L,1584.211344420331,21.73312265274096,22.25953339143807,0.5264107386971091
-2.0,8,19,L,1583.7928778149692,21.733193652419406,22.26003038112385,0.5268367287044455
-2.0,8,20,L,1583.3746322256436,21.733676294458157,22.260911015305634,0.5272347208474777
-2.0,8,21,L,1582.9566074773036,21.734496814617017,22.26210518094345,0.527608366326433
-2.0,8,22,L,1582.5388033950837,21.735592695113915,22.263553502981157,0.5279608078672418
-2.0,8,23,L,1582.1212198043024,21.736910711024123,22.265205482503447,0.5282947714793238
-2.0,8,24,L,1581.7038565304633,21.738405384728637,22.267018023113554,0.5286126383849172
-2.0,8,25,L,1581.2867133992536,21.74003774951214,22.268954251493895,0.5289165019817545
-2.0,8,26,L,1580.8697902365443,21.741774350287596,22.27098256365633,0.529208213368733
-2.0,8,27,L,1580.45308686839,21.743586428273147,22.27307584630596,0.5294894180328136
-2.0,8,28,L,1580.0366031210292,21.74544924986708,22.275210835501483,0.5297615856344038
-2.0,8,29,L,1579.6203388208826,21.74734154965457,22.27736758400756,0.5300260343529892
-2.0,8,30,L,1579.2042937945544,21.749245064563873,22.279529015471475,0.5302839509076023
-2.0,8,31,L,1578.7884678688315,21.75114414143032,22.281680548541594,0.5305364071112741
-2.0,8,32,L,1578.3728608706829,21.75302540414712,22.283809777774554,0.5307843736274336
-2.0,8,33,L,1577.9574726272597,21.75487746954388,22.2859062009962,0.5310287314523201
-2.0,8,34,L,1577.5423029658953,21.756690703393858,22.2879609849322,0.5312702815383439
-2.0,8,35,L,1577.127351714104,21.758457009690133,22.28996676257909,0.5315097528889581
-2.0,8,36,L,1576.7126186995822,21.76016964768085,22.29191745707172,0.5317478093908683
-2.0,8,37,L,1576.2981037502077,21.761823072209797,22.293808127808195,0.5319850555983976
-2.0,8,38,L,1575.8838066940384,21.763412793740564,22.295634835385908,0.532222041645344
-2.0,8,39,L,1575.469727359314,21.76493525510347,22.297394522531174,0.5324592674277042
-2.0,8,40,L,1575.055865574453,21.766387722531864,22.29908490870789,0.5326971861760263
-2.0,8,41,L,1574.6422211680565,21.76776818897939,22.30070439649498,0.5329362075155899
-2.0,8,42,L,1574.2287939689036,21.769075288053035,22.302251988149713,0.5331767000966785
-2.0,8,43,L,1573.8155838059542,21.770308217177174,22.303727211041128,0.533418993863954
-2.0,8,44,L,1573.4025905083472,21.771466668833103,22.30513005085621,0.5336633820231071
-2.0,8,45,L,1572.9898139054012,21.7725507689085,22.306460891662574,0.5339101227540759
-2.0,8,46,L,1572.5772538266135,21.773561021349046,22.30772046206203,0.5341594407129833
-2.0,8,47,L,1572.1649101016603,21.774498258438165,22.308909786796285,0.5344115283581203
-2.0,8,48,L,1571.7527825603972,21.77536359614466,22.310030143275302,0.5346665471306409
-2.0,8,49,L,1571.340871032857,21.776158394078763,22.311083022594,0.5349246285152383
-2.0,8,50,L,1570.9291753492512,21.776884219688682,22.31207009469084,0.5351858750021563
-2.0,8,51,L,1570.5176953399687,21.77754281641848,22.31299317738594,0.5354503609674595
-2.0,8,52,L,1570.1064308355772,21.77813607564196,22.313854209125992,0.535718133484032
-2.0,8,53,L,1569.6953816668206,21.778666012296316,22.314655225367204,0.5359892130708879
-2.0,8,54,L,1569.2845476646205,21.779134744284207,22.3153983386657,0.5362635943814951
-2.0,8,55,L,1568.8739286600755,21.779544475925046,22.316085722747836,0.5365412468227895
-2.0,8,56,L,1568.4635244844612,21.77989748608354,22.316719601164884,0.5368221150813426
-2.0,8,57,L,1568.0533349692294,21.780196122219873,22.317302241727084,0.5371061195072109
-2.0,8,58,L,1567.6433599460074,21.780442802797552,22.317835959053944,0.5373931562563925
-2.0,8,59,L,1567.2335992465999,21.780640032998775,22.318323129987125,0.5376830969883493
-2.0,8,60,L,1566.8240527029868,21.78079044458263,22.318766232255346,0.537975787672714
-2.0,8,61,L,1566.4147201473234,21.780896886486453,22.3191679318955,0.5382710454090471
-2.0,8,62,L,1566.0056014119407,21.78096264381484,22.31953129387594,0.5385686500611016
-2.0,8,63,L,1565.5966963293447,21.780992086158356,22.31986040446249,0.5388683183041323
-2.0,8,64,L,1565.1880047322159,21.780993852788892,22.320163425968786,0.539169573179894
-2.0,8,65,C,1564.77952645341,21.835673537547414,22.382296160975606,0.5466226234281919
-2.0,8,66,C,1564.3712613259574,21.835906601034125,22.382621760200777,0.5467151591666521
-2.0,8,67,C,1563.9632091830617,21.83612244004291,22.3829320099269,0.5468095698839903
-2.0,8,68,C,1563.5553698581014,21.836316562194988,22.383222435192145,0.5469058729971579
-2.0,8,69,C,1563.147743184628,21.836488501164485,22.38349241500068,0.5470039138361962
-2.0,8,70,C,1562.7403289963675,21.836638846634052,22.383742331220645,0.547103484586593
-2.0,8,71,C,1562.3331271272182,21.8367686070764,22.38397295770726,0.5472043506308601
-2.0,8,72,C,1561.9261374112523,21.836878982163576,22.384185242817782,0.5473062606542065
-2.0,8,73,C,1561.5193596827141,21.836971260343624,22.38438021214894,0.5474089518053162
-2.0,8,74,C,1561.1127937760211,21.83704676621656,22.384558919115307,0.5475121528987472
-2.0,8,75,C,1560.7064395257632,21.837106831260705,22.3847224179621,0.5476155867013937
-2.0,8,76,C,1560.3002967667016,21.837152776847088,22.384871748581663,0.5477189717345752
-2.0,8,77,C,1559.894365333771,21.837185904310452,22.385007928101437,0.5478220237909852
-2.0,8,78,C,1559.4886450620768,21.83720748936434,22.385131946630814,0.5479244572664754
-2.0,8,79,C,1559.0831357868954,21.837218779352263,22.385244765710382,0.5480259863581196
-2.0,8,80,C,1558.677837343676,21.83722099245067,22.385347318606968,0.5481263261562965
-2.0,8,81,C,1558.2727495680374,21.837215318288365,22.385440511932725,0.5482251936443596
-2.0,8,82,C,1557.8678722957702,21.837202919657365,22.385525228269202,0.5483223086118372
-2.0,8,83,C,1557.4632053628354,21.837184935128555,22.385602329610688,0.5484173944821329
-2.0,8,84,C,1557.058748605364,21.8371624824881,22.38567266154009,0.5485101790519913
-2.0,8,85,C,1556.6545018596576,21.83713666299903,22.385737058136197,0.5486003951371679
-2.0,8,86,C,1556.2504649621876,21.83710856658074,22.38579634769673,0.5486877811159907
-2.0,8,87,C,1555.846637749595,21.837079278103953,22.38585135946284,0.5487720813588872
-2.0,8,88,C,1555.4430200586908,21.837049885135027,22.38590293166248,0.5488530465274515
-2.0,8,89,C,1555.0396117264547,21.83702148765917,22.38595192137862,0.5489304337194483
-2.0,8,90,C,1554.636412590036,21.836995210608375,22.385999217033984,0.5490040064256085
-2.0,8,91,C,1554.233422486752,21.836972220491532,22.386045754737456,0.5490735342459239
-2.0,8,92,C,1553.8306412540899,21.836953748211553,22.386092540494996,0.5491387922834434
-2.0,8,93,C,1553.4280687297044,21.83694112153033,22.386140681610534,0.5491995600802042
-2.0,8,94,C,1553.0257047514185,21.83693581318255,22.38619143304402,0.5492556198614693
-2.0,8,95,C,1552.6235491572234,21.836939515629133,22.3862462692894,0.549306753660268
-2.0,8,96,C,1552.2216017852782,21.836954264031455,22.386307002512382,0.5493527384809269
-2.0,8,97,C,1551.819862473909,21.83698265381576,22.38637599150899,0.5493933376932318
-2.0,8,98,C,1551.41833106161,21.837028265323355,22.386456549590367,0.5494282842670124
-2.0,8,99,C,1551.0170073870415,21.83709662053708,22.386553863697376,0.5494572431602975
-2.0,8,100,C,1550.6158912890319,21.83719791543797,22.386677619746745,0.5494797043087765
-2.0,8,101,C,1550.2149826065752,21.837360062250113,22.38685453524483,0.5494944729947164
-2.0,8,102,C,1549.8142811788327,21.839950377496223,22.389026234704804,0.5490758572085817
-2.0,8,103,C,1549.4137868451314,21.84528220599713,22.393437835917666,0.5481556299205366
-2.0,8,104,C,1549.0134994449645,21.850596933756034,22.397822430854344,0.5472254970983101
-2.0,8,105,C,1548.6134188179913,21.855860368998705,22.402146835698446,0.5462864666997405
-2.0,8,106,C,1548.213544804036,21.861058926624306,22.40639766994284,0.5453387433185348
-2.0,8,107,C,1547.8138772430889,21.866184488202002,22.410566802945272,0.5443823147432703
-2.0,8,108,C,1547.4144159753055,21.8712312176484,22.414648292000212,0.5434170743518116
-2.0,8,109,C,1547.0151608410054,21.876194432705333,22.41863729663352,0.5424428639281871
-2.0,8,110,C,1546.6161116806743,21.881070095997543,22.422529588530537,0.5414594925329936
-2.0,8,111,C,1546.2172683349609,21.88585454951601,22.42632129547421,0.5404667459581987
-2.0,8,112,C,1545.8186306446798,21.890544361559737,22.430008753372025,0.5394643918122881
-2.0,8,113,C,1545.4201984508086,21.895136231706765,22.433588414033903,0.5384521823271378
-2.0,8,114,C,1545.0219715944893,21.89962692822608,22.43705678409295,0.5374298558668684
-2.0,8,115,C,1544.623949917027,21.904013244743382,22.440410382385426,0.5363971376420444
-2.0,8,116,C,1544.2261332598914,21.90829196885923,22.443645708766272,0.5353537399070412
-2.0,8,117,C,1543.8285214647144,21.91245985843572,22.44675922023816,0.5342993618024394
-2.0,8,118,C,1543.4311143732916,21.91651362291362,22.449747311855532,0.5332336889419125
-2.0,8,119,C,1543.0339118275813,21.920449907967765,22.45260630077449,0.5321563928067263
-2.0,8,120,C,1542.636913669704,21.92426528237524,22.45533241236485,0.5310671299896086
-2.0,8,121,C,1542.2401197419435,21.927956226324213,22.45792176764072,0.529965541316507
-2.0,8,122,C,1541.843529886745,21.93151912061825,22.460370371484416,0.5288512508661647
-2.0,8,123,C,1541.4471439467163,21.93495023638173,22.462674101283874,0.5277238649021427
-2.0,8,124,C,1541.050961764627,21.938245724974102,22.46482869570218,0.5265829707280787
-2.0,8,125,C,1540.6549831834075,21.941401607892427,22.46682974336716,0.5254281354747334
-2.0,8,126,C,1540.2592080461504,21.944413766492747,22.4686726713184,0.5242589048256541
-2.0,8,127,C,1539.8636361961098,21.947277931398226,22.470352733085583,0.5230748016873576
-2.0,8,128,C,1539.4682674766998,21.949989671490133,22.471864996299303,0.5218753248091694
-2.0,8,129,C,1539.0731017314956,21.9525443823997,22.47320432975726,0.5206599473575579
-2.0,8,130,C,1538.6781388042334,21.954937274435547,22.47436538988531,0.5194281154497631
-2.0,8,131,C,1538.2833785388095,21.957163359895958,22.475342606547258,0.5181792466513002
-2.0,8,132,C,1537.8888207792802,21.9592174397267,22.47613016816893,0.5169127284422288
-2.0,8,133,C,1537.494465369862,21.9610940894953,22.476722006152777,0.5156279166574755
-2.0,8,134,C,1537.1003121549306,21.96278764466235,22.477111778568645,0.514324133906296
-2.0,8,135,C,1536.7063609790223,21.964292185138316,22.47729285311541,0.5130006679770958
-2.0,8,136,C,1536.3126116868318,21.96560151912339,22.477258289356964,0.511656770233575
-2.0,8,137,C,1535.919064123213,21.96670916623582,22.47700082024494,0.5102916540091194
-2.0,8,138,C,1535.5257181331795,21.967608339943332,22.476512832949886,0.508904493006554
-2.0,8,139,C,1535.1325735619027,21.968291929322035,22.475786349033093,0.5074944197110582
-2.0,8,140,C,1534.7396302547133,21.96875248017858,22.47481300400288,0.5060605238242992
-2.0,8,141,C,1534.3468880570995,21.968982175585538,22.47358402631379,0.5046018507282533
-2.0,8,142,C,1533.9543468147083,21.96897281589811,22.472090215885494,0.503117399987385
-2.0,8,143,C,1533.5620063733443,21.968715798345468,22.47032192224296,0.501606123897492
-2.0,8,144,C,1533.1698665789697,21.96820209632709,22.468269022415956,0.5000669260888664
-2.0,8,145,C,1532.777927277705,21.967422238602165,22.465920898791545,0.49849866018938016
-2.0,8,146,C,1532.386188315827,21.96636628865656,22.46326641720571,0.4969001285491501
-2.0,8,147,C,1531.99464953977,21.965023824705444,22.4602939057256,0.4952700810201556
-2.0,8,148,C,1531.6033107961255,21.963383921127594,22.456991134894444,0.49360721376685035
-2.0,8,149,C,1531.2121719316413,21.96143513285277,22.453345300898185,0.49191016804541476
-2.0,8,150,C,1530.8212327932215,21.959165485979838,22.44934301477413,0.4901775287942911
-2.0,8,151,C,1530.4304932279274,21.956562482823294,22.44497030543482,0.48840782261152427
-2.0,8,152,C,1530.0399530829757,21.953613144066676,22.440212657969383,0.48659951390270706
-2.0,8,153,S,1529.6496122057392,21.62556692475231,22.073942515793433,0.448375591041124
-2.0,8,154,S,1529.2594704437463,21.616754076946254,22.063292918013406,0.44653884106715225
-2.0,8,155,S,1528.8695276446808,21.60752308304419,22.052180119845882,0.44465703680169355
-2.0,8,156,S,1528.4797836563826,21.59785719493932,22.040585761051062,0.44272856611174305
-2.0,8,157,S,1528.0902383268458,21.587738772618273,22.028490564432275,0.4407517918140016
-2.0,8,158,S,1527.7008915042197,21.57714936781396,22.015874416164554,0.43872504835059445
-2.0,8,159,S,1527.3117430368086,21.5660697460305,22.002716388641854,0.436646642611354
-2.0,8,160,S,1526.922792773071,21.55447989135844,21.988994747621714,0.4345148562632737
-2.0,8,161,S,1526.5340405616198,21.542359005174458,21.9746869541274,0.4323279489529419
-2.0,8,162,S,1526.1454862512223,21.529685502795488,21.959769664963545,0.43008416216805756
-2.0,8,163,S,1525.7571296907993,21.516437009957414,21.944218733631683,0.4277817236742685
-2.0,8,164,S,1525.3689707294252,21.502590360139358,21.92800921263253,0.42541885249317346
-2.0,8,165,S,1524.9810092163293,21.488121593379297,21.911115357787168,0.4229937644078703
-2.0,8,166,S,1524.5932450008922,21.473005957044137,21.893510635035334,0.42050467799119673
-2.0,8,167,S,1524.2056779326492,21.457217908922523,21.875167730077514,0.41794982115499124
-2.0,8,168,S,1523.818307861288,21.44073112295572,21.856058561174585,0.4153274382188634
-2.0,8,169,S,1523.4311346366494,21.423518497891877,21.836154295387203,0.41263579749532653
-2.0,8,170,S,1523.044158108726,21.40555216913018,21.815425368515204,0.4098731993850251
-2.0,8,171,S,1522.6573781276634,21.38680352400909,21.793841508981266,0.40703798497217747
-2.0,8,172,S,1522.2707945437596,21.367243220783287,21.7713717658888,0.40412854510551455
-2.0,8,173,S,1521.8844072074637,21.34684121152604,21.747984541470874,0.4011433299448335
-2.0,8,174,S,1521.4982159693777,21.325566769185297,21.723647628132575,0.39808085894727796
-2.0,8,175,S,1521.1122206802543,21.303388519012646,21.698328250273743,0.39493973126109694
-2.0,8,176,S,1520.726421190998,21.280274474573694,21.671993111061422,0.3917186364877274
-2.0,8,177,S,1520.3408173526648,21.256192078535765,21.644608444301387,0.38841636576562166
-2.0,8,178,S,1519.9554090164613,21.231108248413754,21.616140071535384,0.3850318231216292
-2.0,8,179,S,1519.5701960337447,21.204989427437127,21.586553464464934,0.3815640370278075
-2.0,8,180,S,1519.1851782560236,21.177801640680904,21.55581381277414,0.3780121720932357
-2.0,8,181,S,1518.8003555349567,21.149510556578765,21.523886097391284,0.3743755408125189
-2.0,8,182,S,1518.4157277223526,21.12008155391029,21.49073516919438,0.37065361528409113
-2.0,8,183,S,1518.0312946701704,21.08947979432309,21.456325833126897,0.36684603880380706
-2.0,8,184,S,1517.6470562305192,21.057670300416692,21.420622937648268,0.3629526372315759
-2.0,8,185,S,1517.2630122556577,21.02461803937779,21.383591469399363,0.35897343002157456
-2.0,8,186,S,1516.8791625979936,20.990288012115123,21.345196652915362,0.35490864080023954
-2.0,8,187,S,1516.4955071100846,20.954645347798568,21.305404055169177,0.3507587073706091
-2.0,8,188,S,1516.1120456446372,20.91765540365937,21.26417969467639,0.346524291017019
-2.0,8,189,S,1515.7287780545066,20.879283869859393,21.221490154840197,0.3422062849808043
-2.0,8,190,S,1515.3457041926977,20.839496879184452,21.17730270116031,0.3378058219758593
-2.0,8,191,S,1514.9628239123624,20.798261121264254,21.131585401876546,0.3333242806122918
-2.0,8,192,S,1514.5801370668028,20.755543960966193,21.084307251564415,0.3287632905982214
-2.0,8,193,S,1514.1976435094678,20.711313560556277,21.035438297148698,0.32412473659242025
-2.0,8,194,S,1513.8153430939549,20.66553900516649,20.98494976575275,0.3194107605862584
-2.0,8,195,S,1513.433235674009,20.618190431056156,20.932814193756354,0.3146237627001973
-2.0,8,196,S,1513.0513211035234,20.569239156106363,20.879005556395732,0.3097664002893694
-2.0,8,197,S,1512.6695992365378,20.518657811941544,20.823499397205723,0.30484158526417815
-2.0,8,198,S,1512.2880699272403,20.466420477034816,20.766272956579364,0.29985247954454763
-2.0,8,199,S,1511.9067330299654,20.412502810121534,20.707305298703073,0.29480248858153857
-2.0,8,200,S,1511.525588399194,20.356882183224005,20.646577436119987,0.2896952528959815
-2.0,8,201,S,1511.144635889555,20.299537813579196,20.584072451180717,0.28453463760152076
-2.0,8,202,S,1510.7638753558228,20.240450893762187,20.5197756136593,0.2793247198971116
-2.0,8,203,S,1510.3833066529185,20.179604719315382,20.453674493848233,0.2740697745328511
-2.0,8,204,S,1510.002929635909,20.11698481322693,20.38575907049748,0.2687742572705467
-2.0,8,205,S,1509.6227441600076,20.052579046655318,20.316021833033307,0.2634427863779898
-2.0,8,206,S,1509.2427500805736,19.98637775537432,20.24445787758482,0.2580801222105009
-2.0,8,207,S,1508.862947253111,19.918373851515184,20.17106499646144,0.25269114494625455
-2.0,8,208,S,1508.48333553327,19.848562930317943,20.095843760868043,0.24728083055009975
-2.0,8,209,S,1508.1039147768456,19.77694337177427,20.018797596818626,0.2418542250443565
-2.0,8,210,S,1507.7246848397783,19.7035164372603,19.939932854422153,0.2364164171618519
-2.0,8,211,S,1507.345645578153,19.628286361526147,19.859258870971004,0.23097250944485737
-2.0,8,212,S,1506.966796848199,19.551260440746226,19.776788028577467,0.22552758783124105
-2.0,8,213,S,1506.5881385062917,19.472449117756057,19.692535807489048,0.22008668973299095
-2.0,8,214,S,1506.2096704089483,19.39186606613488,19.60652083669305,0.21465477055816962
-2.0,8,215,S,1505.8313924128324,19.30952827547563,19.518764944025992,0.20923666855036416
-2.0,8,216,S,1505.4533043747508,19.225456141065095,19.42929320877672,0.2038370677116248
-2.0,8,217,S,1505.0754061516532,19.139673562356464,19.33813402078212,0.1984604584256573
-2.0,8,218,S,1504.6976976006342,19.05220805616395,19.245319151355485,0.19311109519153646
-2.0,8,219,S,1504.3201785789313,18.963090892610385,19.150883843202205,0.18779295059182033
-2.0,8,220,S,1503.942848943925,18.872357264769345,19.054866928986726,0.18250966421738113
-2.0,8,221,S,1503.565708553139,18.780046507045874,18.957310991747875,0.1772644847020004
-2.0,8,222,S,1503.1887572642402,18.686202383243142,18.858262585441643,0.1720602021985016
-2.0,8,223,S,1502.8119949350378,18.59087347393253,18.757772541354846,0.16689906742231742
-2.0,8,224,S,1502.4354214234836,18.494113705760924,18.655896397340822,0.16178269157989789
-2.0,8,225,S,1502.0590365876717,18.395983085338717,18.5526950040619,0.15671191872318246
-2.0,8,226,S,1501.682840285839,18.296548731911166,18.44823538960983,0.15168665769866507
-2.0,8,227,S,1501.3068323763632,18.19588635423173,18.342592008002924,0.1467056537711926
-2.0,8,228,S,1500.9310127177646,18.094082402859243,18.235848570995014,0.1417661681357707
-2.0,8,229,S,1500.5553811687053,17.991237278158216,18.128100791082527,0.13686351292431098
-2.0,8,230,S,1500.1799375879884,17.887470244245353,18.019460596243086,0.13199035199773235
-2.0,8,231,S,1499.8046818345586,17.78292721245647,17.910062819306,0.12713560684952796
-2.0,8,232,S,1499.429613767501,17.677793592009078,17.80007625595506,0.12228266394598108
-2.0,8,233,S,1499.0547332460424,17.572316639228,17.689722910019377,0.11740627079137766
-2.0,8,234,S,1498.6800401295502,17.46684699628484,17.57931377613065,0.11246677984581055
-2.0,8,235,S,1498.3055342775322,17.36192293450785,17.46932141837322,0.10739848386537076
-2.0,8,236,S,1497.9312155496366,17.258462869332934,17.36054582175442,0.1020829524214868
-2.0,8,237,S,1497.557083805652,17.158289002824027,17.254565426332213,0.09627642350818633
-2.0,8,238,S,1497.1831389055067,17.066019399335133,17.15536625160001,0.08934685226487815
-2.0,8,239,S,1496.8093807092691,17.00147212431655,17.08001344464761,0.07854132033105898
-2.0,10,0,L,1591.7817377291462,21.565713728475743,22.10080032239282,0.5350865939170788
-2.0,10,1,L,1591.3592626893449,21.215401604105615,21.771226370842932,0.5558247667373166
-2.0,10,2,L,1590.9370118483712,21.06679044489391,21.631348906384385,0.5645584614904742
-2.0,10,3,L,1590.5149850278065,20.9787259150444,21.548598999939795,0.569873084895395
-2.0,10,4,L,1590.0931820494206,20.91957061265427,21.49316676678044,0.5735961541261716
-2.0,10,5,L,1589.6716027351729,20.877181446268164,21.4535911562568,0.5764097099886349
-2.0,10,6,L,1589.2502469072106,20.84563531744704,21.42427514954371,0.5786398320966697
-2.0,10,7,L,1588.8291143878705,20.821606693086277,21.402073417322413,0.5804667242361354
-2.0,10,8,L,1588.408204999677,20.803045485273465,21.38504551551279,0.5820000302393247
-2.0,10,9,L,1587.9875185653427,20.788600478533677,21.371911697460092,0.5833112189264149
-2.0,10,10,L,1587.5670549077681,20.777335197376118,21.361784554436497,0.5844493570603788
-2.0,10,11,L,1587.146813850041,20.768574730416738,21.354024257388033,0.5854495269712956
-2.0,10,12,L,1586.7267952154368,20.761817248356632,21.348154894030046,0.5863376456734137
-2.0,10,13,L,1586.3069988274174,20.756680007361087,21.34381338942069,0.5871333820596014
-2.0,10,14,L,1585.8874245096317,20.75286488819604,21.340716893029548,0.5878520048335076
-2.0,10,15,L,1585.4680720859158,20.75013556803921,21.338641166141763,0.5885055981025538
-2.0,10,16,L,1585.0489413802907,20.748301913690867,21.33740580056527,0.5891038868744047
-2.0,10,17,L,1584.6300322169648,20.74720901907428,21.336863832184264,0.5896548131099841
-2.0,10,18,L,1584.211344420331,20.7467293218291,21.33689426910493,0.5901649472758308
-2.0,10,19,L,1583.7928778149692,20.74675681599303,21.337396604458046,0.5906397884650154
-2.0,10,20,L,1583.3746322256436,20.747202725104312,21.3382867123417,0.5910839872373863
-2.0,10,21,L,1582.9566074773036,20.747992213961574,21.33949372769768,0.5915015137361053
-2.0,10,22,L,1582.5388033950837,20.749061852747666,21.34095763907499,0.5918957863273242
-2.0,10,23,L,1582.1212198043024,20.750357635181942,21.342627406466306,0.5922697712843643
-2.0,10,24,L,1581.7038565304633,20.75183341076179,21.344459471674448,0.5926260609126572
-2.0,10,25,L,1581.2867133992536,20.753449630709163,21.346416566112087,0.5929669354029237
-2.0,10,26,L,1580.8697902365443,20.755172334522427,21.34846674677342,0.5932944122509909
-2.0,10,27,L,1580.45308686839,20.756972323167275,21.350582609236753,0.5936102860694774
-2.0,10,28,L,1580.0366031210292,20.75882447856262,21.352740639460563,0.593916160897944
-2.0,10,29,L,1579.6203388208826,20.760707198850803,21.354920675451456,0.5942134766006539
-2.0,10,30,L,1579.2042937945544,20.762601926131076,21.357105456695148,0.5945035305640722
-2.0,10,31,L,1578.7884678688315,20.764492748654412,21.359280244282296,0.5947874956278838
-2.0,10,32,L,1578.3728608706829,20.76636606345621,21.361432498432087,0.5950664349758767
-2.0,10,33,L,1577.9574726272597,20.768210288409477,21.3635516029661,0.5953413145566238
-2.0,10,34,L,1577.5423029658953,20.770015614974398,21.365628628459085,0.5956130134846873
-2.0,10,35,L,1577.127351714104,20.771773794685014,21.367656127467175,0.5958823327821605
-2.0,10,36,L,1576.7126186995822,20.7734779537834,21.36962795653263,0.5961500027492299
-2.0,10,37,L,1576.2981037502077,20.775122431483307,21.371539120680968,0.5964166891976603
-2.0,10,38,L,1575.8838066940384,20.7767026381895,21.373385636926997,0.5966829987374958
-2.0,10,39,L,1575.469727359314,20.778214930669137,21.375164413942475,0.5969494832733382
-2.0,10,40,L,1575.055865574453,20.779656501707077,21.376873145546078,0.5972166438390012
-2.0,10,41,L,1574.6422211680565,20.781025282207857,21.378510216085406,0.5974849338775492
-2.0,10,42,L,1574.2287939689036,20.78231985405506,21.380074616111386,0.5977547620563257
-2.0,10,43,L,1573.8155838059542,20.783539372323677,21.381565867015496,0.598026494691819
-2.0,10,44,L,1573.4025905083472,20.78468349567311,21.382983953521094,0.5983004578479836
-2.0,10,45,L,1572.9898139054012,20.785752323941438,21.38432926310303,0.5985769391615925
-2.0,10,46,L,1572.5772538266135,20.786746342121518,21.3856025315619,0.598856189440383
-2.0,10,47,L,1572.1649101016603,20.78766637003497,21.386804794107896,0.5991384240729261
-2.0,10,48,L,1571.7527825603972,20.788513517135794,21.38793734141892,0.5994238242831251
-2.0,10,49,L,1571.340871032857,20.78928914197718,21.389001680234635,0.5997125382574566
-2.0,10,50,L,1570.9291753492512,20.789994815968328,21.38999949813619,0.6000046821678637
-2.0,10,51,L,1570.5176953399687,20.79063229113776,21.390932632246773,0.600300341109012
-2.0,10,52,L,1570.1064308355772,20.79120347171496,21.391803041678603,0.6005995699636415
-2.0,10,53,L,1569.6953816668206,20.791710389452746,21.39261278365688,0.6009023942041338
-2.0,10,54,L,1569.2845476646205,20.792155182759746,21.393363993391272,0.6012088106315261
-2.0,10,55,L,1568.8739286600755,20.792540079927374,21.394058867970212,0.6015187880428385
-2.0,10,56,L,1568.4635244844612,20.792867387087888,21.394699654889454,0.6018322678015657
-2.0,10,57,L,1568.0533349692294,20.793139482164847,21.395288646422806,0.6021491642579591
-2.0,10,58,L,1567.6433599460074,20.793358817285505,21.395828182197604,0.6024693649120998
-2.0,10,59,L,1567.2335992465999,20.793527934672934,21.396320664773064,0.6027927301001306
-2.0,10,60,L,1566.8240527029868,20.79364950700232,21.39676859872442,0.6031190917220997
-2.0,10,61,L,1566.4147201473234,20.793726429187345,21.397174679015176,0.6034482498278315
-2.0,10,62,L,1566.0056014119407,20.79376204030876,21.397542003915817,0.6037799636070567
-2.0,10,63,L,1565.5966963293447,20.793760780765062,21.397874704157246,0.604113923392184
-2.0,10,64,L,1565.1880047322159,20.793731421177277,21.398181031004377,0.6044496098270997
-2.0,10,65,C,1564.77952645341,20.848163572312547,21.460996455250495,0.6128328829379477
-2.0,10,66,C,1564.3712613259574,20.848389327073477,21.461325658099717,0.6129363310262406
-2.0,10,67,C,1563.9632091830617,20.848597498664816,21.4616393418209,0.6130418431560827
-2.0,10,68,C,1563.5553698581014,20.848783549719244,21.461932981879187,0.6131494321599433
-2.0,10,69,C,1563.147743184628,20.848947025374542,21.462205950359625,0.6132589249850824
-2.0,10,70,C,1562.7403289963675,20.84908854241286,21.46245863331533,0.6133700909024675
-2.0,10,71,C,1562.3331271272182,20.849209143199676,21.462691813130572,0.613482669930896
-2.0,10,72,C,1561.9261374112523,20.849310064862337,21.462906448628523,0.6135963837661862
-2.0,10,73,C,1561.5193596827141,20.84939263534899,21.46310357673186,0.6137109413828696
-2.0,10,74,C,1561.1127937760211,20.849458219967666,21.46328426249358,0.6138260425259148
-2.0,10,75,C,1560.7064395257632,20.849508191594587,21.463449571810635,0.6139413802160476
-2.0,10,76,C,1560.3002967667016,20.84954391333884,21.463600556071768,0.6140566427329262
-2.0,10,77,C,1559.894365333771,20.849566728360863,21.463738243651985,0.6141715152911225
-2.0,10,78,C,1559.4886450620768,20.849577954096077,21.46386363561183,0.6142856815157529
-2.0,10,79,C,1559.0831357868954,20.849578879355644,21.46397770412916,0.6143988247735166
-2.0,10,80,C,1558.677837343676,20.84957076340892,21.464081392797066,0.6145106293881462
-2.0,10,81,C,1558.2727495680374,20.849554836505494,21.464175618260587,0.614620781755093
-2.0,10,82,C,1557.8678722957702,20.849532301508226,21.46426127286963,0.614728971361405
-2.0,10,83,C,1557.4632053628354,20.84950433644863,21.464339228160185,0.6148348917115563
-2.0,10,84,C,1557.058748605364,20.84947209792009,21.464410339076245,0.6149382411561568
-2.0,10,85,C,1556.6545018596576,20.849436725313915,21.464475448931267,0.6150387236173529
-2.0,10,86,C,1556.2504649621876,20.849399345992715,21.46453539519447,0.6151360492017552
-2.0,10,87,C,1555.846637749595,20.849361081601756,21.46459101628968,0.6152299346879246
-2.0,10,88,C,1555.4430200586908,20.84932305585714,21.464643159727686,0.6153201038705447
-2.0,10,89,C,1555.0396117264547,20.84928640434778,21.46469269208373,0.6154062877359507
-2.0,10,90,C,1554.636412590036,20.849252287188513,21.464740511620416,0.6154882244319033
-2.0,10,91,C,1554.233422486752,20.849221905839713,21.46478756481521,0.6155656589754983
-2.0,10,92,C,1553.8306412540899,20.849196526206605,21.464834868817366,0.6156383426107617
-2.0,10,93,C,1553.4280687297044,20.84917751152645,21.464883543196677,0.6157060316702285
-2.0,10,94,C,1553.0257047514185,20.849166371126312,21.464934856815145,0.6157684856888324
-2.0,10,95,C,1552.6235491572234,20.849164836192216,21.464990300501352,0.6158254643091361
-2.0,10,96,C,1552.2216017852782,20.84917498442472,21.465051706497157,0.6158767220724357
-2.0,10,97,C,1551.819862473909,20.849199460583016,21.465121459731535,0.6159219991485188
-2.0,10,98,C,1551.41833106161,20.849241906947185,21.465202910224782,0.6159610032775973
-2.0,10,99,C,1551.0170073870415,20.84930793312217,21.465301302387047,0.6159933692648778
-2.0,10,100,C,1550.6158912890319,20.849407885700145,21.465426429453395,0.616018543753249
-2.0,10,101,C,1550.2149826065752,20.849570068452934,21.465605304957815,0.6160352365048816
-2.0,10,102,C,1549.8142811788327,20.852228462434702,21.467801070758195,0.6155726083234931
-2.0,10,103,C,1549.4137868451314,20.857706526103577,21.47226159793695,0.6145550718333723
-2.0,10,104,C,1549.0134994449645,20.863168434232676,21.476694869147785,0.6135264349151086
-2.0,10,105,C,1548.6134188179913,20.868579561093522,21.481067330751284,0.6124877696577613
-2.0,10,106,C,1548.213544804036,20.873926168052343,21.485365451350383,0.61143928329804
-2.0,10,107,C,1547.8138772430889,20.879200057804837,21.489581007341684,0.6103809495368466
-2.0,10,108,C,1547.4144159753055,20.88439534691667,21.49370798714805,0.60931264023138
-2.0,10,109,C,1547.0151608410054,20.889507322083894,21.49774149352613,0.6082341714422377
-2.0,10,110,C,1546.6161116806743,20.894531924378906,21.501677248089152,0.6071453237102453
-2.0,10,111,C,1546.2172683349609,20.899465480223355,21.50551133242381,0.6060458522004559
-2.0,10,112,C,1545.8186306446798,20.90430454634606,21.509240038489263,0.604935492143202
-2.0,10,113,C,1545.4201984508086,20.90904581356009,21.5128597753821,0.6038139618220093
-2.0,10,114,C,1545.0219715944893,20.913686043424807,21.516367007587935,0.6026809641631274
-2.0,10,115,C,1544.623949917027,20.91822202442785,21.519758211895876,0.6015361874680281
-2.0,10,116,C,1544.2261332598914,20.922650540287368,21.523029845874916,0.6003793055875484
-2.0,10,117,C,1543.8285214647144,20.92696834603285,21.526178323744812,0.5992099777119613
-2.0,10,118,C,1543.4311143732916,20.931172149191283,21.529199997074933,0.5980278478836496
-2.0,10,119,C,1543.0339118275813,20.935258594363688,21.53209113866406,0.5968325443003728
-2.0,10,120,C,1542.636913669704,20.939224250051637,21.534847928505563,0.5956236784539257
-2.0,10,121,C,1542.2401197419435,20.943065596951257,21.53746644108618,0.594400844134924
-2.0,10,122,C,1541.843529886745,20.946779017162488,21.539942633487478,0.5931636163249898
-2.0,10,123,C,1541.4471439467163,20.9503607839138,21.542272333906002,0.5919115499922007
-2.0,10,124,C,1541.050961764627,20.95380705150643,21.544451230307814,0.5906441788013836
-2.0,10,125,C,1540.6549831834075,20.957113845254618,21.54647485900295,0.5893610137483307
-2.0,10,126,C,1540.2592080461504,20.960277051250014,21.548338592975618,0.5880615417256045
-2.0,10,127,C,1539.8636361961098,20.963292405816638,21.550037629842716,0.5867452240260782
-2.0,10,128,C,1539.4682674766998,20.966155484550875,21.55156697934077,0.585411494789895
-2.0,10,129,C,1539.0731017314956,20.968861690863328,21.55292145026365,0.5840597594003221
-2.0,10,130,C,1538.6781388042334,20.971406243956455,21.55409563678993,0.5826893928334762
-2.0,10,131,C,1538.2833785388095,20.973784166186164,21.55508390415342,0.5812997379672566
-2.0,10,132,C,1537.8888207792802,20.97599026976755,21.555880373622482,0.5798901038549324
-2.0,10,133,C,1537.494465369862,20.978019142795002,21.556478906763978,0.5784597639689757
-2.0,10,134,C,1537.1003121549306,20.979865134556622,21.55687308897798,0.577007954421358
-2.0,10,135,C,1536.7063609790223,20.98152234013112,21.557056212297926,0.5755338721668046
-2.0,10,136,C,1536.3126116868318,20.982984584264113,21.557021257460164,0.5740366731960513
-2.0,10,137,C,1535.919064123213,20.984245404529013,21.556760875255804,0.5725154707267919
-2.0,10,138,C,1535.5257181331795,20.985298033786847,21.556267367187168,0.5709693334003205
-2.0,10,139,C,1535.1325735619027,20.98613538196904,21.55553266546191,0.5693972834928722
-2.0,10,140,C,1534.7396302547133,20.986750017218988,21.554548312369505,0.5677982951505172
-2.0,10,141,C,1534.3468880570995,20.987134146442266,21.55330543909986,0.566171292657593
-2.0,10,142,C,1533.9543468147083,20.98727959533386,21.551794744082045,0.5645151487481854
-2.0,10,143,C,1533.5620063733443,20.98717778797621,21.550006470946762,0.5628286829705509
-2.0,10,144,C,1533.1698665789697,20.986819726139537,21.547930386252503,0.5611106601129663
-2.0,10,145,C,1532.777927277705,20.986195968474213,21.54555575717216,0.5593597886979467
-2.0,10,146,C,1532.386188315827,20.985296609882987,21.54287132943004,0.557574719547052
-2.0,10,147,C,1531.99464953977,20.984111261537045,21.539865305946684,0.5557540444096389
-2.0,10,148,C,1531.6033107961255,20.982629032342814,21.536525326972907,0.5538962946300927
-2.0,10,149,C,1531.2121719316413,20.980838513403413,21.53283845318939,0.5519999397859792
-2.0,10,150,C,1530.8212327932215,20.978727768801704,21.528791154927763,0.5500633861260589
-2.0,10,151,C,1530.4304932279274,20.976284341029018,21.524369315373907,0.5480849743448886
-2.0,10,152,C,1530.0399530829757,20.973495294089854,21.51955826945638,0.5460629753665245
-2.0,10,153,S,1529.6496122057392,20.64634735472019,21.149349765451795,0.5030024107316038
-2.0,10,154,S,1529.2594704437463,20.637648021467122,21.138590603050638,0.5009425815835158
-2.0,10,155,S,1528.8695276446808,20.628531739264595,21.12736376381608,0.49883202455148634
-2.0,10,156,S,1528.4797836563826,20.61898180837715,21.11565073593499,0.49666892755784176
-2.0,10,157,S,1528.0902383268458,20.608980634588736,21.103432084731555,0.49445145014281877
-2.0,10,158,S,1527.7008915042197,20.598509814226233,21.09068753412732,0.49217771990108616
-2.0,10,159,S,1527.3117430368086,20.58755015656424,21.077395990042454,0.4898458334782134
-2.0,10,160,S,1526.922792773071,20.576081688718446,21.06353554795057,0.48745385923212226
-2.0,10,161,S,1526.5340405616198,20.564083654291238,21.049083495156253,0.48499984086501513
-2.0,10,162,S,1526.1454862512223,20.551534509900243,21.03401631169152,0.48248180179127687
-2.0,10,163,S,1525.7571296907993,20.538411921486038,21.01830967163647,0.4798977501504318
-2.0,10,164,S,1525.3689707294252,20.52469276143313,21.001938445860997,0.4772456844278672
-2.0,10,165,S,1524.9810092163293,20.510353107157307,20.984876706826107,0.47452359966879953
-2.0,10,166,S,1524.5932450008922,20.495368241626863,20.967097735907334,0.4717294942804706
-2.0,10,167,S,1524.2056779326492,20.47971265618901,20.948574033609866,0.4688613774208541
-2.0,10,168,S,1523.818307861288,20.463360056019205,20.92927733299146,0.46591727697225593
-2.0,10,169,S,1523.4311346366494,20.44628336848055,20.90917861657678,0.46289524809623117
-2.0,10,170,S,1523.044158108726,20.428454754661715,20.88824813702444,0.4597933823627258
-2.0,10,171,S,1522.6573781276634,20.40984562434918,20.866455441791384,0.4566098174422031
-2.0,10,172,S,1522.2707945437596,20.390426654680525,20.843769402024506,0.4533427473439815
-2.0,10,173,S,1521.8844072074637,20.370167812717206,20.820158245895378,0.4499904331781721
-2.0,10,174,S,1521.4982159693777,20.349038382167475,20.795589596579337,0.44655121441186196
-2.0,10,175,S,1521.1122206802543,20.32700699448078,20.77003051506377,0.4430235205829902
-2.0,10,176,S,1520.726421190998,20.304041664524817,20.74344754795215,0.4394058834273338
-2.0,10,177,S,1520.3408173526648,20.280109831043887,20.71580678040991,0.4356969493660223
-2.0,10,178,S,1519.9554090164613,20.255178402082255,20.68707389437432,0.4318954922920639
-2.0,10,179,S,1519.5701960337447,20.229213805538926,20.657214232124453,0.42800042658552684
-2.0,10,180,S,1519.1851782560236,20.202182044999823,20.626192865277645,0.42401082027782167
-2.0,10,181,S,1518.8003555349567,20.17404876096939,20.59397466924551,0.4199259082761202
-2.0,10,182,S,1518.4157277223526,20.144779297597253,20.56052440314736,0.41574510555010846
-2.0,10,183,S,1518.0312946701704,20.114338774964722,20.525806795138553,0.41146802017383166
-2.0,10,184,S,1517.6470562305192,20.082692166962133,20.48978663306945,0.40709446610731703
-2.0,10,185,S,1517.2630122556577,20.049804384750868,20.452428860345037,0.4026244755941697
-2.0,10,186,S,1516.8791625979936,20.015640365762486,20.41369867680703,0.3980583110445437
-2.0,10,187,S,1516.4955071100846,19.98016516814398,20.37356164441029,0.3933964762663109
-2.0,10,188,S,1516.1120456446372,19.94334407051022,20.331983797412605,0.38863972690238313
-2.0,10,189,S,1515.7287780545066,19.905142676815704,20.288931756744056,0.3837890799283521
-2.0,10,190,S,1515.3457041926977,19.865527026104733,20.244372848167345,0.37884582206261186
-2.0,10,191,S,1514.9628239123624,19.82446370684623,20.198275223787007,0.3738115169407763
-2.0,10,192,S,1514.5801370668028,19.781919975504252,20.15060798641215,0.36868801090789916
-2.0,10,193,S,1514.1976435094678,19.737863878940416,20.101341316226193,0.36347743728577697
-2.0,10,194,S,1513.8153430939549,19.692264380190714,20.05044659916922,0.3581822189785058
-2.0,10,195,S,1513.433235674009,19.645091487106562,19.997896556394387,0.3528050692878253
-2.0,10,196,S,1513.0513211035234,19.596316383301115,19.9436653741213,0.34734899082018345
-2.0,10,197,S,1512.6695992365378,19.545911560796625,19.887728833176844,0.34181727238021864
-2.0,10,198,S,1512.2880699272403,19.493850953730202,19.83006443749047,0.33621348376026816
-2.0,10,199,S,1511.9067330299654,19.4401100724431,19.770651540795384,0.3305414683522834
-2.0,10,200,S,1511.525588399194,19.38466613725637,19.709471470783164,0.3248053335267933
-2.0,10,201,S,1511.144635889555,19.327498211224373,19.646507649967912,0.3190094387435387
-2.0,10,202,S,1510.7638753558228,19.268587331158095,19.5817457125367,0.3131583813786065
-2.0,10,203,S,1510.3833066529185,19.207916636227353,19.515173616501286,0.3072569802739338
-2.0,10,204,S,1510.002929635909,19.145471493484195,19.446781750519463,0.3013102570352686
-2.0,10,205,S,1509.6227441600076,19.08123961970381,19.3765630348278,0.29532341512399185
-2.0,10,206,S,1509.2427500805736,19.015211199016512,19.304513015821822,0.28930181680530964
-2.0,10,207,S,1508.862947253111,18.94737899590822,19.23062995393761,0.28325095802938804
-2.0,10,208,S,1508.48333553327,18.877738463303043,19.154914904634733,0.27717644133169017
-2.0,10,209,S,1508.1039147768456,18.80628784561386,19.077371792456677,0.27108394684281834
-2.0,10,210,S,1507.7246848397783,18.733028276865603,18.998007478360236,0.26497920149463283
-2.0,10,211,S,1507.345645578153,18.65796387426768,18.916831820764077,0.2588679464963981
-2.0,10,212,S,1506.966796848199,18.581101827954114,18.833857731083835,0.25275590312972085
-2.0,10,213,S,1506.5881385062917,18.502452488038,18.7491012249083,0.2466487368703021
-2.0,10,214,S,1506.2096704089483,18.42202945066892,18.66258147045295,0.24055201978402962
-2.0,10,215,S,1505.8313924128324,18.339849645475443,18.57432083653399,0.23447119105854597
-2.0,10,216,S,1505.4533043747508,18.25593342767124,18.48434494308161,0.22841151541036808
-2.0,10,217,S,1505.0754061516532,18.17030467928297,18.392682718223462,0.2223780389404908
-2.0,10,218,S,1504.6976976006342,18.082990925533423,18.299366467313735,0.21637554178031237
-2.0,10,219,S,1504.3201785789313,17.99402347455295,18.20443196110187,0.2104084865489213
-2.0,10,220,S,1503.942848943925,17.903437591556184,18.10791855275019,0.2044809611940046
-2.0,10,221,S,1503.565708553139,17.811272722800265,18.009869336951564,0.19859661415129892
-2.0,10,222,S,1503.1887572642402,17.717572790653872,17.91033136949316,0.19275857883928893
-2.0,10,223,S,1502.8119949350378,17.622386589939417,17.8093559730967,0.18696938315728318
-2.0,10,224,S,1502.4354214234836,17.52576832897165,17.70699916660417,0.18123083763251913
-2.0,10,225,S,1502.0590365876717,17.427778379102477,17.60332227186047,0.1755438927579931
-2.0,10,226,S,1501.682840285839,17.328484328736348,17.498392779909405,0.16990845117305753
-2.0,10,227,S,1501.3068323763632,17.227962489963023,17.392285602376543,0.16432311241351982
-2.0,10,228,S,1500.9310127177646,17.126300093379445,17.285084908068157,0.15878481468871186
-2.0,10,229,S,1500.5553811687053,17.023598558548617,17.176886873651142,0.15328831510252527
-2.0,10,230,S,1500.1799375879884,16.919978502617504,17.06780391062682,0.14782540800931798
-2.0,10,231,S,1499.8046818345586,16.81558767267443,16.95797137451909,0.1423837018446612
-2.0,10,232,S,1499.429613767501,16.710614041144744,16.8475586560112,0.13694461486645437
-2.0,10,233,S,1499.0547332460424,16.605308579644873,16.736788484311756,0.13147990466688242
-2.0,10,234,S,1498.6800401295502,16.5000275863511,16.625972818389872,0.12594523203877372
-2.0,10,235,S,1498.3055342775322,16.395318529474253,16.515585647081274,0.12026711760702113
-2.0,10,236,S,1497.9312155496366,16.29211622444468,16.406429349842384,0.11431312539770389
-2.0,10,237,S,1497.557083805652,16.192276462683445,16.300087126443337,0.10781066375989212
-2.0,10,238,S,1497.1831389055067,16.100504310496618,16.200557209423827,0.10005289892720981
-2.0,10,239,S,1496.8093807092691,16.03699746537298,16.12495818398309,0.08796071861010901
0.0,1,0,L,1591.7817377291462,27.442498475319073,27.442498475319073,0.0
0.0,1,1,L,1591.3592626893449,27.046032082956884,27.046032082956884,0.0
0.0,1,2,L,1590.9370118483712,26.889955081702617,26.889955081702617,0.0
0.0,1,3,L,1590.5149850278065,26.805147827952677,26.805147827952677,0.0
0.0,1,4,L,1590.0931820494206,26.75405216809946,26.75405216809946,0.0
0.0,1,5,L,1589.6716027351729,26.722315426455392,26.722315426455392,0.0
0.0,1,6,L,1589.2502469072106,26.70295775538421,26.70295775538421,0.0
0.0,1,7,L,1588.8291143878705,26.692070128261122,26.692070128261122,0.0
0.0,1,8,L,1588.408204999677,26.687248511595087,26.687248511595087,0.0
0.0,1,9,L,1587.9875185653427,26.686912355086577,26.686912355086577,0.0
0.0,1,10,L,1587.5670549077681,26.689969243834316,26.689969243834316,0.0
0.0,1,11,L,1587.146813850041,26.695634319863025,26.695634319863025,0.0
0.0,1,12,L,1586.7267952154368,26.703326065591067,26.703326065591067,0.0
0.0,1,13,L,1586.3069988274174,26.712602751223066,26.712602751223066,0.0
0.0,1,14,L,1585.8874245096317,26.72312189893197,26.72312189893197,0.0
0.0,1,15,L,1585.4680720859158,26.734613443221434,26.734613443221434,0.0
0.0,1,16,L,1585.0489413802907,26.746861388979465,26.746861388979465,0.0
0.0,1,17,L,1584.6300322169648,26.759690932207462,26.759690932207462,0.0
0.0,1,18,L,1584.211344420331,26.77295920115079,26.77295920115079,0.0
0.0,1,19,L,1583.7928778149692,26.786548461360677,26.786548461360677,0.0
0.0,1,20,L,1583.3746322256436,26.800361037146093,26.800361037146093,0.0
0.0,1,21,L,1582.9566074773036,26.814315453588947,26.814315453588947,0.0
0.0,1,22,L,1582.5388033950837,26.828343462644373,26.828343462644373,0.0
0.0,1,23,L,1582.1212198043024,26.84238772027204,26.84238772027204,0.0
0.0,1,24,L,1581.7038565304633,26.85639995018649,26.85639995018649,0.0
0.0,1,25,L,1581.2867133992536,26.870339476296337,26.870339476296337,0.0
0.0,1,26,L,1580.8697902365443,26.884172037957427,26.884172037957427,0.0
0.0,1,27,L,1580.45308686839,26.89786882463916,26.89786882463916,0.0
0.0,1,28,L,1580.0366031210292,26.911405682601334,26.911405682601334,0.0
0.0,1,29,L,1579.6203388208826,26.924762457725706,26.924762457725706,0.0
0.0,1,30,L,1579.2042937945544,26.937922447088248,26.937922447088248,0.0
0.0,1,31,L,1578.7884678688315,26.950871938103038,26.950871938103038,0.0
0.0,1,32,L,1578.3728608706829,26.963599818739382,26.963599818739382,0.0
0.0,1,33,L,1577.9574726272597,26.97609724584329,26.97609724584329,0.0
0.0,1,34,L,1577.5423029658953,26.98835736128631,26.98835736128631,0.0
0.0,1,35,L,1577.127351714104,27.000375047736895,27.000375047736895,0.0
0.0,1,36,L,1576.7126186995822,27.01214671745793,27.01214671745793,0.0
0.0,1,37,L,1576.2981037502077,27.023670128791576,27.023670128791576,0.0
0.0,1,38,L,1575.8838066940384,27.034944225984443,27.034944225984443,0.0
0.0,1,39,L,1575.469727359314,27.04596899879306,27.04596899879306,0.0
0.0,1,40,L,1575.055865574453,27.056745358938223,27.056745358938223,0.0
0.0,1,41,L,1574.6422211680565,27.067275030983335,27.067275030983335,0.0
0.0,1,42,L,1574.2287939689036,27.07756045562064,27.07756045562064,0.0
0.0,1,43,L,1573.8155838059542,27.087604703684207,27.087604703684207,0.0
0.0,1,44,L,1573.4025905083472,27.097411399481523,27.097411399481523,0.0
0.0,1,45,L,1572.9898139054012,27.106984652262987,27.106984652262987,0.0
0.0,1,46,L,1572.5772538266135,27.116328994837254,27.116328994837254,0.0
0.0,1,47,L,1572.1649101016603,27.125449328500714,27.125449328500714,0.0
0.0,1,48,L,1571.7527825603972,27.134350873586506,27.134350873586506,0.0
0.0,1,49,L,1571.340871032857,27.143039125059882,27.143039125059882,0.0
0.0,1,50,L,1570.9291753492512,27.15151981269817,27.15151981269817,0.0
0.0,1,51,L,1570.5176953399687,27.159798865501333,27.159798865501333,0.0
0.0,1,52,L,1570.1064308355772,27.167882380093893,27.167882380093893,0.0
0.0,1,53,L,1569.6953816668206,27.175776593012625,27.175776593012625,0.0
0.0,1,54,L,1569.2845476646205,27.183487856951093,27.183487856951093,0.0
0.0,1,55,L,1568.8739286600755,27.191022621291285,27.191022621291285,0.0
0.0,1,56,L,1568.4635244844612,27.198387417675235,27.198387417675235,0.0
0.0,1,57,L,1568.0533349692294,27.20558885211933,27.20558885211933,0.0
0.0,1,58,L,1567.6433599460074,27.212633606623996,27.212633606623996,0.0
0.0,1,59,L,1567.2335992465999,27.219528456292693,27.219528456292693,0.0
0.0,1,60,L,1566.8240527029868,27.22628031515295,27.22628031515295,0.0
0.0,1,61,L,1566.4147201473234,27.23289634313896,27.23289634313896,0.0
0.0,1,62,L,1566.0056014119407,27.239384209217896,27.239384209217896,0.0
0.0,1,63,L,1565.5966963293447,27.245752879824412,27.245752879824412,0.0
0.0,1,64,L,1565.1880047322159,27.252016526052557,27.252016526052557,0.0
0.0,1,65,C,1564.77952645341,27.273052099108668,27.273052099108668,0.0
0.0,1,66,C,1564.3712613259574,27.28038322812244,27.28038322812244,0.0
0.0,1,67,C,1563.9632091830617,27.287618504741538,27.287618504741538,0.0
0.0,1,68,C,1563.5553698581014,27.29475571250734,27.29475571250734,0.0
0.0,1,69,C,1563.147743184628,27.301797573970475,27.301797573970475,0.0
0.0,1,70,C,1562.7403289963675,27.308748072290673,27.308748072290673,0.0
0.0,1,71,C,1562.3331271272182,27.3156116545739,27.3156116545739,0.0
0.0,1,72,C,1561.9261374112523,27.322392943066628,27.322392943066628,0.0
0.0,1,73,C,1561.5193596827141,27.329096602007642,27.329096602007642,0.0
0.0,1,74,C,1561.1127937760211,27.335727266589323,27.335727266589323,0.0
0.0,1,75,C,1560.7064395257632,27.34228950114001,27.34228950114001,0.0
0.0,1,76,C,1560.3002967667016,27.34878777276166,27.34878777276166,0.0
0.0,1,77,C,1559.894365333771,27.355226433916954,27.355226433916954,0.0
0.0,1,78,C,1559.4886450620768,27.3616097106014,27.3616097106014,0.0
0.0,1,79,C,1559.0831357868954,27.36794169423776,27.36794169423776,0.0
0.0,1,80,C,1558.677837343676,27.374226336206466,27.374226336206466,0.0
0.0,1,81,C,1558.2727495680374,27.380467444356192,27.380467444356192,0.0
0.0,1,82,C,1557.8678722957702,27.3866686810941,27.3866686810941,0.0
0.0,1,83,C,1557.4632053628354,27.39283356281748,27.39283356281748,0.0
0.0,1,84,C,1557.058748605364,27.398965460562472,27.398965460562472,0.0
0.0,1,85,C,1556.6545018596576,27.405067601836365,27.405067601836365,0.0
0.0,1,86,C,1556.2504649621876,27.411143073684052,27.411143073684052,0.0
0.0,1,87,C,1555.846637749595,27.417194827132544,27.417194827132544,0.0
0.0,1,88,C,1555.4430200586908,27.423225683275042,27.423225683275042,0.0
0.0,1,89,C,1555.0396117264547,27.429238341421232,27.429238341421232,0.0
0.0,1,90,C,1554.636412590036,27.435235389990844,27.435235389990844,0.0
0.0,1,91,C,1554.233422486752,27.441219321225795,27.441219321225795,0.0
0.0,1,92,C,1553.8306412540899,27.44719255146476,27.44719255146476,0.0
0.0,1,93,C,1553.4280687297044,27.453157449898416,27.453157449898416,0.0
0.0,1,94,C,1553.0257047514185,27.45911638090267,27.45911638090267,0.0
0.0,1,95,C,1552.6235491572234,27.465071769350132,27.465071769350132,0.0
0.0,1,96,C,1552.2216017852782,27.47102620747875,27.47102620747875,0.0
0.0,1,97,C,1551.819862473909,27.47698264348841,27.47698264348841,0.0
0.0,1,98,C,1551.41833106161,27.482944749924613,27.482944749924613,0.0
0.0,1,99,C,1551.0170073870415,27.48891775688773,27.48891775688773,0.0
0.0,1,100,C,1550.6158912890319,27.494910847717627,27.494910847717627,0.0
0.0,1,101,C,1550.2149826065752,27.50094870273173,27.50094870273173,0.0
0.0,1,102,C,1549.8142811788327,27.510682761321036,27.510682761321036,0.0
0.0,1,103,C,1549.4137868451314,27.52462020669554,27.52462020669554,0.0
0.0,1,104,C,1549.0134994449645,27.538511310325422,27.538511310325422,0.0
0.0,1,105,C,1548.6134188179913,27.552325764938793,27.552325764938793,0.0
0.0,1,106,C,1548.213544804036,27.56605218702948,27.56605218702948,0.0
0.0,1,107,C,1547.8138772430889,27.57968427283632,27.57968427283632,0.0
0.0,1,108,C,1547.4144159753055,27.593217863204945,27.593217863204945,0.0
0.0,1,109,C,1547.0151608410054,27.60664989798627,27.60664989798627,0.0
0.0,1,110,C,1546.6161116806743,27.61997794369438,27.61997794369438,0.0
0.0,1,111,C,1546.2172683349609,27.63319994782433,27.63319994782433,0.0
0.0,1,112,C,1545.8186306446798,27.64631409853775,27.64631409853775,0.0
0.0,1,113,C,1545.4201984508086,27.659318739060307,27.659318739060307,0.0
0.0,1,114,C,1545.0219715944893,27.672212312862847,27.672212312862847,0.0
0.0,1,115,C,1544.623949917027,27.684993327237336,27.684993327237336,0.0
0.0,1,116,C,1544.2261332598914,27.697660328377047,27.697660328377047,0.0
0.0,1,117,C,1543.8285214647144,27.710211883900335,27.710211883900335,0.0
0.0,1,118,C,1543.4311143732916,27.72264657030737,27.72264657030737,0.0
0.0,1,119,C,1543.0339118275813,27.734962963752558,27.734962963752558,0.0
0.0,1,120,C,1542.636913669704,27.74715963305357,27.74715963305357,0.0
0.0,1,121,C,1542.2401197419435,27.759235134193787,27.759235134193787,0.0
0.0,1,122,C,1541.843529886745,27.771188005792034,27.771188005792034,0.0
0.0,1,123,C,1541.4471439467163,27.783016765157583,27.783016765157583,0.0
0.0,1,124,C,1541.050961764627,27.794719904646264,27.794719904646264,0.0
0.0,1,125,C,1540.6549831834075,27.806295888102333,27.806295888102333,0.0
0.0,1,126,C,1540.2592080461504,27.81774314721938,27.81774314721938,0.0
0.0,1,127,C,1539.8636361961098,27.82906007768924,27.82906007768924,0.0
0.0,1,128,C,1539.4682674766998,27.840245035034215,27.840245035034215,0.0
0.0,1,129,C,1539.0731017314956,27.851296330038625,27.851296330038625,0.0
0.0,1,130,C,1538.6781388042334,27.86221222371094,27.86221222371094,0.0
0.0,1,131,C,1538.2833785388095,27.87299092172117,27.87299092172117,0.0
0.0,1,132,C,1537.8888207792802,27.883630568268867,27.883630568268867,0.0
0.0,1,133,C,1537.494465369862,27.894129239347002,27.894129239347002,0.0
0.0,1,134,C,1537.1003121549306,27.90448493537649,27.90448493537649,0.0
0.0,1,135,C,1536.7063609790223,27.914695573195996,27.914695573195996,0.0
0.0,1,136,C,1536.3126116868318,27.924758977403187,27.924758977403187,0.0
0.0,1,137,C,1535.919064123213,27.934672871057522,27.934672871057522,0.0
0.0,1,138,C,1535.5257181331795,27.944434865773484,27.944434865773484,0.0
0.0,1,139,C,1535.1325735619027,27.954042451259255,27.954042451259255,0.0
0.0,1,140,C,1534.7396302547133,27.963492984394737,27.963492984394737,0.0
0.0,1,141,C,1534.3468880570995,27.972783678002173,27.972783678002173,0.0
0.0,1,142,C,1533.9543468147083,27.98191158955769,27.98191158955769,0.0
0.0,1,143,C,1533.5620063733443,27.990873610251214,27.990873610251214,0.0
0.0,1,144,C,1533.1698665789697,27.999666455079492,27.999666455079492,0.0
0.0,1,145,C,1532.777927277705,28.00828665516959,28.00828665516959,0.0
0.0,1,146,C,1532.386188315827,28.016730554537972,28.016730554537972,0.0
0.0,1,147,C,1531.99464953977,28.024994315639667,28.024994315639667,0.0
0.0,1,148,C,1531.6033107961255,28.03307394313756,28.03307394313756,0.0
0.0,1,149,C,1531.2121719316413,28.04096534907157,28.04096534907157,0.0
0.0,1,150,C,1530.8212327932215,28.048664527895795,28.048664527895795,0.0
0.0,1,151,C,1530.4304932279274,28.056168113377748,28.056168113377748,0.0
0.0,1,152,C,1530.0399530829757,28.063476308630992,28.063476308630992,0.0
0.0,1,153,S,1529.6496122057392,27.94092417183771,27.94092417183771,0.0
0.0,1,154,S,1529.2594704437463,27.943351506788147,27.943351506788147,0.0
0.0,1,155,S,1528.8695276446808,27.945544081787517,27.945544081787517,0.0
0.0,1,156,S,1528.4797836563826,27.947490664723084,27.947490664723084,0.0
0.0,1,157,S,1528.0902383268458,27.949180480398667,27.949180480398667,0.0
0.0,1,158,S,1527.7008915042197,27.950602469520195,27.950602469520195,0.0
0.0,1,159,S,1527.3117430368086,27.95174507030616,27.95174507030616,0.0
0.0,1,160,S,1526.922792773071,27.952596112616064,27.952596112616064,0.0
0.0,1,161,S,1526.5340405616198,27.95314274861935,27.95314274861935,0.0
0.0,1,162,S,1526.1454862512223,27.953371397724638,27.953371397724638,0.0
0.0,1,163,S,1525.7571296907993,27.953267697564886,27.953267697564886,0.0
0.0,1,164,S,1525.3689707294252,27.952816457553652,27.952816457553652,0.0
0.0,1,165,S,1524.9810092163293,27.95200161338623,27.95200161338623,0.0
0.0,1,166,S,1524.5932450008922,27.95080618168373,27.95080618168373,0.0
0.0,1,167,S,1524.2056779326492,27.949212214381625,27.949212214381625,0.0
0.0,1,168,S,1523.818307861288,27.947200752678746,27.947200752678746,0.0
0.0,1,169,S,1523.4311346366494,27.944751780489163,27.944751780489163,0.0
0.0,1,170,S,1523.044158108726,27.941844177419636,27.941844177419636,0.0
0.0,1,171,S,1522.6573781276634,27.938455671353513,27.938455671353513,0.0
0.0,1,172,S,1522.2707945437596,27.934562790767412,27.934562790767412,0.0
0.0,1,173,S,1521.8844072074637,27.930140816947056,27.930140816947056,0.0
0.0,1,174,S,1521.4982159693777,27.925163736305887,27.925163736305887,0.0
0.0,1,175,S,1521.1122206802543,27.919604193046478,27.919604193046478,0.0
0.0,1,176,S,1520.726421190998,27.913433442442294,27.913433442442294,0.0
0.0,1,177,S,1520.3408173526648,27.90662130505517,27.90662130505517,0.0
0.0,1,178,S,1519.9554090164613,27.899136122244318,27.899136122244318,0.0
0.0,1,179,S,1519.5701960337447,27.890944713363904,27.890944713363904,0.0
0.0,1,180,S,1519.1851782560236,27.88201233509013,27.88201233509013,0.0
0.0,1,181,S,1518.8003555349567,27.872302643363717,27.872302643363717,0.0
0.0,1,182,S,1518.4157277223526,27.86177765848042,27.86177765848042,0.0
0.0,1,183,S,1518.0312946701704,27.8503977339104,27.8503977339104,0.0
0.0,1,184,S,1517.6470562305192,27.83812152947561,27.83812152947561,0.0
0.0,1,185,S,1517.2630122556577,27.824905989563682,27.824905989563682,0.0
0.0,1,186,S,1516.8791625979936,27.810706327105027,27.810706327105027,0.0
0.0,1,187,S,1516.4955071100846,27.795476014087587,27.795476014087587,0.0
0.0,1,188,S,1516.1120456446372,27.779166779428593,27.779166779428593,0.0
0.0,1,189,S,1515.7287780545066,27.761728615065255,27.761728615065255,0.0
0.0,1,190,S,1515.3457041926977,27.743109791164024,27.743109791164024,0.0
0.0,1,191,S,1514.9628239123624,27.723256881380387,27.723256881380387,0.0
0.0,1,192,S,1514.5801370668028,27.702114799127074,27.702114799127074,0.0
0.0,1,193,S,1514.1976435094678,27.679626845825084,27.679626845825084,0.0
0.0,1,194,S,1513.8153430939549,27.655734772119583,27.655734772119583,0.0
0.0,1,195,S,1513.433235674009,27.630378853038216,27.630378853038216,0.0
0.0,1,196,S,1513.0513211035234,27.60349797805201,27.60349797805201,0.0
0.0,1,197,S,1512.6695992365378,27.57502975696706,27.57502975696706,0.0
0.0,1,198,S,1512.2880699272403,27.544910642527558,27.544910642527558,0.0
0.0,1,199,S,1511.9067330299654,27.513076070545655,27.513076070545655,0.0
0.0,1,200,S,1511.525588399194,27.479460618290837,27.479460618290837,0.0
0.0,1,201,S,1511.144635889555,27.443998181770898,27.443998181770898,0.0
0.0,1,202,S,1510.7638753558228,27.406622172416885,27.406622172416885,0.0
0.0,1,203,S,1510.3833066529185,27.36726573354879,27.36726573354879,0.0
0.0,1,204,S,1510.002929635909,27.325861976846568,27.325861976846568,0.0
0.0,1,205,S,1509.6227441600076,27.28234423888727,27.28234423888727,0.0
0.0,1,206,S,1509.2427500805736,27.236646357636367,27.236646357636367,0.0
0.0,1,207,S,1508.862947253111,27.188702968606684,27.188702968606684,0.0
0.0,1,208,S,1508.48333553327,27.138449820228704,27.138449820228704,0.0
0.0,1,209,S,1508.1039147768456,27.085824107822184,27.085824107822184,0.0
0.0,1,210,S,1507.7246848397783,27.03076482543404,27.03076482543404,0.0
0.0,1,211,S,1507.345645578153,26.97321313472858,26.97321313472858,0.0
0.0,1,212,S,1506.966796848199,26.91311275010473,26.91311275010473,0.0
0.0,1,213,S,1506.5881385062917,26.85041033930058,26.85041033930058,0.0
0.0,1,214,S,1506.2096704089483,26.78505593896474,26.78505593896474,0.0
0.0,1,215,S,1505.8313924128324,26.7170033850773,26.7170033850773,0.0
0.0,1,216,S,1505.4533043747508,26.64621075875821,26.64621075875821,0.0
0.0,1,217,S,1505.0754061516532,26.572640849002415,26.572640849002415,0.0
0.0,1,218,S,1504.6976976006342,26.496261635362615,26.496261635362615,0.0
0.0,1,219,S,1504.3201785789313,26.41704679575647,26.41704679575647,0.0
0.0,1,220,S,1503.942848943925,26.334976247695394,26.334976247695394,0.0
0.0,1,221,S,1503.565708553139,26.250036735753977,26.250036735753977,0.0
0.0,1,222,S,1503.1887572642402,26.162222484707716,26.162222484707716,0.0
0.0,1,223,S,1502.8119949350378,26.07153594754681,26.07153594754681,0.0
0.0,1,224,S,1502.4354214234836,25.97798869230052,25.97798869230052,0.0
0.0,1,225,S,1502.0590365876717,25.881602494249755,25.881602494249755,0.0
0.0,1,226,S,1501.682840285839,25.782410735786993,25.782410735786993,0.0
0.0,1,227,S,1501.3068323763632,25.68046027401879,25.68046027401879,0.0
0.0,1,228,S,1500.9310127177646,25.575814033013092,25.575814033013092,0.0
0.0,1,229,S,1500.5553811687053,25.468554745683324,25.468554745683324,0.0
0.0,1,230,S,1500.1799375879884,25.35879057473695,25.35879057473695,0.0
0.0,1,231,S,1499.8046818345586,25.246663921233583,25.246663921233583,0.0
0.0,1,232,S,1499.429613767501,25.132365896779167,25.132365896779167,0.0
0.0,1,233,S,1499.0547332460424,25.01616145959953,25.01616145959953,0.0
0.0,1,234,S,1498.6800401295502,24.898436165038156,24.898436165038156,0.0
0.0,1,235,S,1498.3055342775322,24.779791139781796,24.779791139781796,0.0
0.0,1,236,S,1497.9312155496366,24.661260585093686,24.661260585093686,0.0
0.0,1,237,S,1497.557083805652,24.54490477016195,24.54490477016195,0.0
0.0,1,238,S,1497.1831389055067,24.435958077147674,24.435958077147674,0.0
0.0,1,239,S,1496.8093807092691,24.35695449357528,24.35695449357528,0.0
0.0,4,0,L,1591.7817377291462,21.603295663176077,22.03478410491847,0.43148844174239187
0.0,4,1,L,1591.3592626893449,21.1447988082963,21.58126480900951,0.4364660007132102
0.0,4,2,L,1590.9370118483712,20.966048092459562,21.404306308572107,0.4382582161125441
0.0,4,3,L,1590.5149850278065,20.869314319801724,21.308503894931185,0.4391895751294612
0.0,4,4,L,1590.0931820494206,20.8111673854636,21.25089977995499,0.43973239449139
0.0,4,5,L,1589.6716027351729,20.77510503289627,21.21516370393262,0.44005867103635055
0.0,4,6,L,1589.2502469072106,20.75313353392914,21.193382761566603,0.4402492276374623
0.0,4,7,L,1588.8291143878705,20.740789370205718,21.18113750696694,0.440348136761223
0.0,4,8,L,1588.408204999677,20.73533395786249,21.17571588287447,0.44038192501198026
0.0,4,9,L,1587.9875185653427,20.73497019451112,21.17533792259406,0.4403677280829399
0.0,4,10,L,1587.5670549077681,20.738457872904,21.178775094023376,0.44031722111937555
0.0,4,11,L,1587.146813850041,20.74490701514054,21.185145712370886,0.44023869723034537
0.0,4,12,L,1586.7267952154368,20.753658817158826,21.19379706501304,0.4401382478542146
0.0,4,13,L,1586.3069988274174,20.764213165639443,21.20423363772443,0.44002047208498496
0.0,4,14,L,1585.8874245096317,20.776182474831096,21.2160713978607,0.4398889230296028
0.0,4,15,L,1585.4680720859158,20.78926116283194,21.229007562481122,0.43974639964918083
0.0,4,16,L,1585.0489413802907,20.80320481856696,21.242799962413915,0.43959514384695453
0.0,4,17,L,1584.6300322169648,20.817815590788186,21.25725256809451,0.43943697730632536
0.0,4,18,L,1584.211344420331,20.83293169604161,21.272205094848257,0.4392733988066482
0.0,4,19,L,1583.7928778149692,20.84841972685993,21.28752538176165,0.43910565490172004
0.0,4,20,L,1583.3746322256436,20.864168908616115,21.303103700829805,0.4389347922136899
0.0,4,21,L,1582.9566074773036,20.880086740758017,21.31884843752673,0.4387616967687116
0.0,4,22,L,1582.5388033950837,20.89609563984199,21.334682763868067,0.4385871240260748
0.0,4,23,L,1582.1212198043024,20.912130319609645,21.35054204172004,0.4384117221103949
0.0,4,24,L,1581.7038565304633,20.928135721487408,21.366371771491014,0.43823605000360644
0.0,4,25,L,1581.2867133992536,20.944065361757318,21.38212595370495,0.43806059194763236
0.0,4,26,L,1580.8697902365443,20.959879998079,21.39776576704145,0.4378857689624489
0.0,4,27,L,1580.45308686839,20.97554654356745,21.413258491709925,0.43771194814247494
0.0,4,28,L,1580.0366031210292,20.991037174787106,21.4285766250112,0.4375394502240937
0.0,4,29,L,1579.6203388208826,21.00632859311903,21.443697148913362,0.43736855579433254
0.0,4,30,L,1579.2042937945544,21.021401408525616,21.45860091894763,0.43719951042201544
0.0,4,31,L,1578.7884678688315,21.036239621810683,21.473272150737944,0.4370325289272614
0.0,4,32,L,1578.3728608706829,21.050830186760237,21.4876979857167,0.4368677989564631
0.0,4,33,L,1577.9574726272597,21.065162637541444,21.501868121535036,0.43670548399359177
0.0,4,34,L,1577.5423029658953,21.079228769781245,21.51577449569199,0.4365457259107437
0.0,4,35,L,1577.127351714104,21.09302236608724,21.529411013226934,0.43638864713969383
0.0,4,36,L,1576.7126186995822,21.106538958589613,21.542773311119717,0.43623435253010356
0.0,4,37,L,1576.2981037502077,21.11977562250228,21.555858553449205,0.43608293094692385
0.0,4,38,L,1575.8838066940384,21.132730795820134,21.568665252470062,0.43593445664992814
0.0,4,39,L,1575.469727359314,21.14540412115599,21.58119311164629,0.4357889904902983
0.0,4,40,L,1575.055865574453,21.157796306429518,21.593442887382473,0.4356465809529553
0.0,4,41,L,1574.6422211680565,21.169909001690034,21.60541626675849,0.4355072650684555
0.0,4,42,L,1574.2287939689036,21.18174468981563,21.61711575902975,0.4353710692141206
0.0,4,43,L,1573.8155838059542,21.193306589207225,21.628544599028174,0.4352380098209494
0.0,4,44,L,1573.4025905083472,21.204598566903293,21.63970666090352,0.43510809400022765
0.0,4,45,L,1572.9898139054012,21.215625060796157,21.650606380897635,0.4349813201014783
0.0,4,46,L,1572.5772538266135,21.22639100984299,21.661248688054595,0.43485767821160337
0.0,4,47,L,1572.1649101016603,21.23690179134423,21.67163894194791,0.4347371506036808
0.0,4,48,L,1571.7527825603972,21.247163164516483,21.681782876658815,0.4346197121423323
0.0,4,49,L,1571.340871032857,21.257181219723126,21.69168655037464,0.43450533065151475
0.0,4,50,L,1570.9291753492512,21.2669623328518,21.701356300101203,0.4343939672494024
0.0,4,51,L,1570.5176953399687,21.276513124449167,21.710798701103094,0.4342855766539273
0.0,4,52,L,1570.1064308355772,21.28584042335415,21.720020530815354,0.4341801074612057
0.0,4,53,L,1569.6953816668206,21.294951234723033,21.729028737120473,0.4340775023974395
0.0,4,54,L,1569.2845476646205,21.303852712542568,21.737830411085554,0.43397769854298573
0.0,4,55,L,1568.8739286600755,21.312552137025747,21.74643276454928,0.43388062752353207
0.0,4,56,L,1568.4635244844612,21.32105689777269,21.75484311343114,0.43378621565845066
0.0,4,57,L,1568.0533349692294,21.329374484446273,21.76306886849244,0.43369438404616645
0.0,4,58,L,1567.6433599460074,21.33751248838977,21.771117536937872,0.43360504854810245
0.0,4,59,L,1567.2335992465999,21.34547862215715,21.778996741749875,0.43351811959272624
0.0,4,60,L,1566.8240527029868,21.35328077223666,21.786714273865478,0.43343350162881933
0.0,4,61,L,1566.4147201473234,21.36092712255143,21.79427821435935,0.43335109180791775
0.0,4,62,L,1566.0056014119407,21.36842645869159,21.8016972353607,0.43327077666910796
0.0,4,63,L,1565.5966963293447,21.37578908017886,21.80898150224209,0.4331924220632324
0.0,4,64,L,1565.1880047322159,21.383031322272682,21.81614714516194,0.4331158228892562
0.0,4,65,C,1564.77952645341,21.405662974383787,21.84022286476322,0.43455989037943255
0.0,4,66,C,1564.3712613259574,21.414177085931392,21.848617485673465,0.4344403997420727
0.0,4,67,C,1563.9632091830617,21.422582099646977,21.856904367035618,0.4343222673886409
0.0,4,68,C,1563.5553698581014,21.43087539900129,21.865080893892774,0.43420549489148286
0.0,4,69,C,1563.147743184628,21.4390600904387,21.87315010985759,0.43409001941888903
0.0,4,70,C,1562.7403289963675,21.44714074771423,21.881116507273273,0.43397575955904344
0.0,4,71,C,1562.3331271272182,21.455122490033173,21.888985115388788,0.4338626253556157
0.0,4,72,C,1561.9261374112523,21.46301064759548,21.896761169651825,0.43375052205634645
0.0,4,73,C,1561.5193596827141,21.470810607147573,21.904449959090407,0.43363935194283343
0.0,4,74,C,1561.1127937760211,21.478527729350454,21.912056744749158,0.4335290153987046
0.0,4,75,C,1560.7064395257632,21.48616729993426,21.919586711555972,0.4334194116217134
0.0,4,76,C,1560.3002967667016,21.493734498725225,21.927044937873266,0.4333104391480411
0.0,4,77,C,1559.894365333771,21.501234379025412,21.934436375293167,0.4332019962677549
0.0,4,78,C,1559.4886450620768,21.508671853458324,21.941765834829535,0.43309398137121136
0.0,4,79,C,1559.0831357868954,21.51605168412918,21.94903797737706,0.43298629324787896
0.0,4,80,C,1558.677837343676,21.52337847584628,21.9562573071957,0.43287883134942007
0.0,4,81,C,1558.2727495680374,21.530656671647442,21.963428167671086,0.4327714960236442
0.0,4,82,C,1557.8678722957702,21.537890550170683,21.97055473889355,0.4326641887228675
0.0,4,83,C,1557.4632053628354,21.545084224595715,21.97764103678383,0.43255681218811404
0.0,4,84,C,1557.058748605364,21.552241643014966,21.984690913624455,0.4324492706094887
0.0,4,85,C,1556.6545018596576,21.559366590197868,21.991708059959592,0.43234146976172383
0.0,4,86,C,1556.2504649621876,21.56646269080997,21.998696007922995,0.43223331711302393
0.0,4,87,C,1555.846637749595,21.57353341425694,22.00565813616111,0.4321247219041702
0.0,4,88,C,1555.4430200586908,21.58058208146071,22.012597676654,0.43201559519328825
0.0,4,89,C,1555.0396117264547,21.587611874067903,22.019517723927507,0.43190584985960356
0.0,4,90,C,1554.636412590036,21.594625846882877,22.026421247438968,0.43179540055609067
0.0,4,91,C,1554.233422486752,21.601626944783444,22.033311108378957,0.43168416359551287
0.0,4,92,C,1553.8306412540899,21.608618026158233,22.04019008290355,0.43157205674531696
0.0,4,93,C,1553.4280687297044,21.615601896277326,22.04706089516796,0.43145899889063344
0.0,4,94,C,1553.0257047514185,21.62258135655428,22.05392626604886,0.43134490949458026
0.0,4,95,C,1552.6235491572234,21.62955928068587,22.060788988411836,0.43122970772596503
0.0,4,96,C,1552.2216017852782,21.636538739381397,22.06765205037923,0.43111331099783357
0.0,4,97,C,1551.819862473909,21.643523220621507,22.074518852984486,0.4309956323629791
0.0,4,98,C,1551.41833106161,21.65051706001936,22.081393635435283,0.4308765754159225
0.0,4,99,C,1551.0170073870415,21.657526414291013,22.088282437070998,0.4307560227799847
0.0,4,100,C,1550.6158912890319,21.66456206006866,22.09519586316535,0.43063380309668986
0.0,4,101,C,1550.2149826065752,21.671652878128775,22.102162410560716,0.430509532431941
0.0,4,102,C,1549.8142811788327,21.68313452518859,22.113396821493644,0.43026229630505597
0.0,4,103,C,1549.4137868451314,21.699617844893382,22.129489275031823,0.42987143013844076
0.0,4,104,C,1549.0134994449645,21.716060079254223,22.145536183585747,0.42947610433152406
0.0,4,105,C,1548.6134188179913,21.732425850088994,22.16150246399578,0.429076613906787
0.0,4,106,C,1548.213544804036,21.748701856259572,22.17737485114457,0.4286729948849981
0.0,4,107,C,1547.8138772430889,21.764880720494745,22.19314593199808,0.4282652115033372
0.0,4,108,C,1547.4144159753055,21.78095756654828,22.208810762020384,0.4278531954721032
0.0,4,109,C,1547.0151608410054,21.796928800484004,22.224365660215465,0.4274368597314613
0.0,4,110,C,1546.6161116806743,21.812791560430927,22.239807664926595,0.4270161044956673
0.0,4,111,C,1546.2172683349609,21.82854343057029,22.25513425081814,0.4265908202478528
0.0,4,112,C,1545.8186306446798,21.84418227793543,22.270343167244988,0.426160889309557
0.0,4,113,C,1545.4201984508086,21.859706152980433,22.285432339640515,0.4257261866600821
0.0,4,114,C,1545.0219715944893,21.875113226035545,22.300399806357824,0.42528658032227895
0.0,4,115,C,1544.623949917027,21.89040174521748,22.31524367669521,0.4248419314777294
0.0,4,116,C,1544.2261332598914,21.90557000777009,22.329962102170704,0.42439209440061276
0.0,4,117,C,1543.8285214647144,21.920616340107614,22.344553256370023,0.42393691626240937
0.0,4,118,C,1543.4311143732916,21.935539083638027,22.35901532047683,0.42347623683880187
0.0,4,119,C,1543.0339118275813,21.950336584484337,22.373346472622693,0.42300988813835616
0.0,4,120,C,1542.636913669704,21.9650071858479,22.38754487981357,0.42253769396567264
0.0,4,121,C,1542.2401197419435,21.97954922214891,22.40160869157599,0.4220594694270794
0.0,4,122,C,1541.843529886745,21.993961014331678,22.415536034715856,0.4215750203841786
0.0,4,123,C,1541.4471439467163,22.00824086588962,22.429325008748364,0.42108414285874574
0.0,4,124,C,1541.050961764627,22.02238705927918,22.44297368167031,0.42058662239113076
0.0,4,125,C,1540.6549831834075,22.036397852471282,22.45648008582474,0.4200822333534582
0.0,4,126,C,1540.2592080461504,22.050271475445808,22.46984221366414,0.4195707382183329
0.0,4,127,C,1539.8636361961098,22.064006126475817,22.48305801325921,0.419051886783393
0.0,4,128,C,1539.4682674766998,22.077599968079042,22.496125383430634,0.41852541535159204
0.0,4,129,C,1539.0731017314956,22.09105112253789,22.50904216840487,0.4179910458669802
0.0,4,130,C,1538.6781388042334,22.104357666907397,22.521806151913026,0.4174484850056288
0.0,4,131,C,1538.2833785388095,22.117517627445693,22.534415050666766,0.4168974232210729
0.0,4,132,C,1537.8888207792802,22.130528973414442,22.54686650715824,0.41633753374379623
0.0,4,133,C,1537.494465369862,22.143389610208057,22.55915808174197,0.4157684715339123
0.0,4,134,C,1537.1003121549306,22.156097371781822,22.571287243968182,0.4151898721863603
0.0,4,135,C,1536.7063609790223,22.16865001236084,22.583251363148623,0.41460135078778393
0.0,4,136,C,1536.3126116868318,22.18104519742518,22.59504769814918,0.41400250072399913
0.0,4,137,C,1535.919064123213,22.193280493983643,22.606673386420688,0.41339289243704513
0.0,4,138,C,1535.5257181331795,22.20535336017082,22.618125432301035,0.4127720721302133
0.0,4,139,C,1535.1325735619027,22.2172611342338,22.629400694653107,0.41213956041930544
0.0,4,140,C,1534.7396302547133,22.22900102302144,22.640495873948794,0.4114948509273546
0.0,4,141,C,1534.3468880570995,22.240570090160663,22.65140749897977,0.4108374088191056
0.0,4,142,C,1533.9543468147083,22.251965244218983,22.662131913488327,0.4101666692693442
0.0,4,143,C,1533.5620063733443,22.26318322734337,22.672665263199306,0.40948203585593745
0.0,4,144,C,1533.1698665789697,22.27422060520004,22.683003484062098,0.4087828788620591
0.0,4,145,C,1532.777927277705,22.28507375965599,22.693142293117077,0.40806853346108696
0.0,4,146,C,1532.386188315827,22.295738886855638,22.703077184590303,0.4073382977346647
0.0,4,147,C,1531.99464953977,22.306212005930774,22.712803436357525,0.40659143042675083
0.0,4,148,C,1531.6033107961255,22.316488989685134,22.722316137907967,0.4058271482228335
0.0,4,149,C,1531.2121719316413,22.326565645124102,22.7316102671613,0.4050446220371988
0.0,4,150,C,1530.8212327932215,22.3364379261336,22.740680896920292,0.4042429707866937
0.0,4,151,C,1530.4304932279274,22.346102605187873,22.749523851821767,0.40342124663389356
0.0,4,152,C,1530.0399530829757,22.35556079657934,22.758139164478393,0.40257836789905355
0.0,4,153,S,1529.6496122057392,22.225234792570767,22.614006434146262,0.38877164157549515
0.0,4,154,S,1529.2594704437463,22.229042935608383,22.61685429621382,0.3878113606054363
0.0,4,155,S,1528.8695276446808,22.232602805156198,22.619426964133144,0.3868241589769461
0.0,4,156,S,1528.4797836563826,22.235902311894144,22.621711184880972,0.38580887298682853
0.0,4,157,S,1528.0902383268458,22.238929985053105,22.623694245723712,0.3847642606706074
0.0,4,158,S,1527.7008915042197,22.241674087904716,22.62536310602823,0.3836890181235155
0.0,4,159,S,1527.3117430368086,22.244122359304804,22.626704142207743,0.382581782902939
0.0,4,160,S,1526.922792773071,22.24626189006946,22.627703024793927,0.3814411347244686
0.0,4,161,S,1526.5340405616198,22.24807904319799,22.628344638545794,0.38026559534780446
0.0,4,162,S,1526.1454862512223,22.24955939126804,22.62861301948798,0.37905362821993904
0.0,4,163,S,1525.7571296907993,22.250687661184156,22.62849129928219,0.3778036380980332
0.0,4,164,S,1525.3689707294252,22.25144768211255,22.627961652872763,0.37651397076021453
0.0,4,165,S,1524.9810092163293,22.251822334660332,22.627005247529404,0.37518291286907157
0.0,4,166,S,1524.5932450008922,22.251793500344913,22.625602192379873,0.3738086920349595
0.0,4,167,S,1524.2056779326492,22.251342010881988,22.62373148800084,0.3723894771188512
0.0,4,168,S,1523.818307861288,22.2504475970783,22.621370975889995,0.3709233788116961
0.0,4,169,S,1523.4311346366494,22.24908883726627,22.61849728779364,0.36940845052737004
0.0,4,170,S,1523.044158108726,22.247243105314496,22.615085794961058,0.36784268964656164
0.0,4,171,S,1522.6573781276634,22.24488651831752,22.611110557468482,0.3662240391509606
0.0,4,172,S,1522.2707945437596,22.24199388412326,22.606544273811796,0.36455038968853515
0.0,4,173,S,1521.8844072074637,22.238538648904097,22.601358231016953,0.3628195821128557
0.0,4,174,S,1521.4982159693777,22.234492845022533,22.595522255563594,0.36102941054106097
0.0,4,175,S,1521.1122206802543,22.229827039485617,22.589004665462717,0.35917762597710023
0.0,4,176,S,1520.726421190998,22.224510283326822,22.581772223875134,0.3572619405483124
0.0,4,177,S,1520.3408173526648,22.21851006229923,22.573790094703856,0.35528003240462525
0.0,4,178,S,1519.9554090164613,22.21179224931109,22.565021800641585,0.35322955133049305
0.0,4,179,S,1519.5701960337447,22.20432105908356,22.5554291842036,0.35110812512003875
0.0,4,180,S,1519.1851782560236,22.196059005561295,22.544972372326523,0.34891336676522755
0.0,4,181,S,1518.8003555349567,22.186966862658718,22.53360974516472,0.3466428825060035
0.0,4,182,S,1518.4157277223526,22.177003628978525,22.521297909767377,0.3442942807888514
0.0,4,183,S,1518.0312946701704,22.16612649719358,22.50799167937071,0.3418651821771306
0.0,4,184,S,1517.6470562305192,22.15429082883788,22.49364405908991,0.3393532302520299
0.0,4,185,S,1517.2630122556577,22.14145013530681,22.478206238843622,0.33675610353681407
0.0,4,186,S,1516.8791625979936,22.1275560659197,22.461627594389405,0.3340715284697069
0.0,4,187,S,1516.4955071100846,22.112558403948334,22.44385569738951,0.33129729344117465
0.0,4,188,S,1516.1120456446372,22.096405071561822,22.424836335462096,0.3284312639002742
0.0,4,189,S,1515.7287780545066,22.079042144680628,22.404513543201897,0.3254713985212696
0.0,4,190,S,1515.3457041926977,22.060413878767882,22.38282964517417,0.3224157664062872
0.0,4,191,S,1514.9628239123624,22.04046274661371,22.359725311895716,0.31926256528200625
0.0,4,192,S,1514.5801370668028,22.019129489186675,22.33513962981491,0.3160101406282365
0.0,4,193,S,1514.1976435094678,21.996353180631992,22.309010186285903,0.31265700565391086
0.0,4,194,S,1513.8153430939549,21.972071308489824,22.28127317050141,0.3092018620115873
0.0,4,195,S,1513.433235674009,21.946219870184187,22.251863491298856,0.3056436211146689
0.0,4,196,S,1513.0513211035234,21.91873348679379,22.220714912687292,0.3019814258935014
0.0,4,197,S,1512.6695992365378,21.889545535058026,22.1877602078543,0.29821467279627356
0.0,4,198,S,1512.2880699272403,21.858588298493448,22.15293133230334,0.29434303380989135
0.0,4,199,S,1511.9067330299654,21.825793138396374,22.116159616641102,0.29036647824472794
0.0,4,200,S,1511.525588399194,21.79109068538689,22.077375979382513,0.28628529399562197
0.0,4,201,S,1511.144635889555,21.754411052006795,22.036511159968054,0.2821001079612593
0.0,4,202,S,1510.7638753558228,21.715684066720314,21.993495971995998,0.27781190527568356
0.0,4,203,S,1510.3833066529185,21.674839529484828,21.948261576464056,0.2734220469792277
0.0,4,204,S,1510.002929635909,21.63180748885958,21.90073977459368,0.26893228573410255
0.0,4,205,S,1509.6227441600076,21.58651854041085,21.85086331958245,0.2643447791716014
0.0,4,206,S,1509.2427500805736,21.538904145955687,21.798566246400796,0.25966210044510873
0.0,4,207,S,1508.862947253111,21.48889697297307,21.743784218529445,0.2548872455563753
0.0,4,208,S,1508.48333553327,21.43643125330994,21.68645489033195,0.2500236370220108
0.0,4,209,S,1508.1039147768456,21.38144316013434,21.626518283587686,0.24507512345334703
0.0,4,210,S,1507.7246848397783,21.323871201954447,21.563917176589804,0.2400459746353576
0.0,4,211,S,1507.345645578153,21.26365663245247,21.498597504160543,0.23494087170807276
0.0,4,212,S,1506.966796848199,21.200743874901473,21.43050876697728,0.22976489207580642
0.0,4,213,S,1506.5881385062917,21.135080960076156,21.35960444876826,0.22452348869210326
0.0,4,214,S,1506.2096704089483,21.06661997687869,21.285842440267295,0.21922246338860418
0.0,4,215,S,1505.8313924128324,20.9953175354363,21.20918546936387,0.21386793392757042
0.0,4,216,S,1505.4533043747508,20.921135243266463,21.12960153771983,0.20846629445336617
0.0,4,217,S,1505.0754061516532,20.844040196359117,21.047064365345143,0.20302416898602615
0.0,4,218,S,1504.6976976006342,20.764005488844965,20.96155384637026,0.19754835752529587
0.0,4,219,S,1504.3201785789313,20.681010747532525,20.87305652172526,0.19204577419273505
0.0,4,220,S,1503.942848943925,20.5950427013372,20.781566077938706,0.18652337660150664
0.0,4,221,S,1503.565708553139,20.506095801002722,20.68708388626069,0.18098808525796883
0.0,4,222,S,1503.1887572642402,20.414172912324076,20.589619603517818,0.17544669119374134
0.0,4,223,S,1502.8119949350378,20.31928611758534,20.489191866668367,0.16990574908302847
0.0,4,224,S,1502.4354214234836,20.22145767719518,20.385829128825115,0.16437145162993616
0.0,4,225,S,1502.0590365876717,20.12072123000182,20.279570708701126,0.158849478699306
0.0,4,226,S,1501.682840285839,20.01712335248,20.17046816345146,0.15334481097146124
0.0,4,227,S,1501.3068323763632,19.910725664553738,20.058587156420042,0.14786149186630482
0.0,4,228,S,1500.9310127177646,19.801607782905226,19.944010094238955,0.14240231133372916
0.0,4,229,S,1500.5553811687053,19.689871618998215,19.826839986441186,0.13696836744297158
0.0,4,230,S,1500.1799375879884,19.575647874804854,19.70720630447262,0.13155842966776632
0.0,4,231,S,1499.8046818345586,19.4591062662045,19.58527423297516,0.12616796677065878
0.0,4,232,S,1499.429613767501,19.340472369311104,19.461259948447523,0.1207875791364188
0.0,4,233,S,1499.0547332460424,19.220056938106254,19.33545724722429,0.11540030911803711
0.0,4,234,S,1498.6800401295502,19.09831050622938,19.208287180781234,0.10997667455185223
0.0,4,235,S,1498.3055342775322,18.975934422505482,19.080399037001932,0.10446461449645028
0.0,4,236,S,1497.9312155496366,18.8541353543537,18.952901836460974,0.09876648210727268
0.0,4,237,S,1497.557083805652,18.73531976355564,18.82799600099525,0.0926762374396084
0.0,4,238,S,1497.1831389055067,18.625612256215934,18.711263393916063,0.085651137700129
0.0,4,239,S,1496.8093807092691,18.551445270146708,18.62674317429123,0.07529790414452364
0.0,8,0,L,1591.7817377291462,18.470957089592403,19.135600169394536,0.6646430798021328
0.0,8,1,L,1591.3592626893449,18.000421934022317,18.670934856124003,0.6705129221016861
0.0,8,2,L,1590.9370118483712,17.817325468804032,18.489940410865653,0.672614942061621
0.0,8,3,L,1590.5149850278065,17.718319232530913,18.39202215451062,0.6737029219797073
0.0,8,4,L,1590.0931820494206,17.658834459115504,18.33316859716756,0.6743341380520569
0.0,8,5,L,1589.6716027351729,17.621954764398332,18.296665866429787,0.6747111020314556
0.0,8,6,L,1589.2502469072106,17.599491965792275,18.27442080281269,0.6749288370204134
0.0,8,7,L,1588.8291143878705,17.586876561184674,18.26191566107516,0.6750390998904869
0.0,8,8,L,1588.408204999677,17.581306196506503,18.2563792099415,0.6750730134349965
0.0,8,9,L,1587.9875185653427,17.580942583248483,18.2559932501253,0.6750506668768175
0.0,8,10,L,1587.5670549077681,17.584517456526875,18.25950319551781,0.6749857389909337
0.0,8,11,L,1587.146813850041,17.59112091105974,18.266008852248458,0.6748879411887181
0.0,8,12,L,1586.7267952154368,17.600079508290744,18.274843912322,0.6747644040312579
0.0,8,13,L,1586.3069988274174,17.610882088768868,18.285502598726474,0.6746205099576059
0.0,8,14,L,1585.8874245096317,17.623132536669235,18.29759295368718,0.6744604170179436
0.0,8,15,L,1585.4680720859158,17.636518555131463,18.31080595626714,0.6742874011356754
0.0,8,16,L,1585.0489413802907,17.650790359953636,18.324894447089193,0.6741040871355573
0.0,8,17,L,1584.6300322169648,17.66574574002381,18.339658349094908,0.673912609071099
0.0,8,18,L,1584.211344420331,17.6812193316179,18.354934055808606,0.673714724190706
0.0,8,19,L,1583.7928778149692,17.697074756862257,18.370586652529756,0.6735118956674988
0.0,8,20,L,1583.3746322256436,17.713198754970666,18.386504108747317,0.6733053537766516
0.0,8,21,L,1582.9566074773036,17.72949672894338,18.402592870828745,0.6730961418853632
0.0,8,22,L,1582.5388033950837,17.745889316376953,18.418774467915096,0.6728851515381429
0.0,8,23,L,1582.1212198043024,17.762309713604793,18.434982863184047,0.6726731495792535
0.0,8,24,L,1581.7038565304633,17.778701562331648,18.451162361703155,0.6724607993715068
0.0,8,25,L,1581.2867133992536,17.795017262008766,18.467265939586095,0.6722486775773291
0.0,8,26,L,1580.8697902365443,17.81121660846051,18.483253896022273,0.6720372875617642
0.0,8,27,L,1580.45308686839,17.827265685376567,18.49909275557092,0.6718270701943538
0.0,8,28,L,1580.0366031210292,17.843135953850144,18.51475436647691,0.671618412626767
0.0,8,29,L,1579.6203388208826,17.858803498532005,18.530215154011792,0.6714116554797869
0.0,8,30,L,1579.2042937945544,17.874248398751806,18.54545549752078,0.6712070987689742
0.0,8,31,L,1578.7884678688315,17.88945420018821,18.560459207010048,0.6710050068218365
0.0,8,32,L,1578.3728608706829,17.904407468073515,18.575213080455896,0.6708056123823809
0.0,8,33,L,1577.9574726272597,17.91909740699853,18.5897065270546,0.6706091200560671
0.0,8,34,L,1577.5423029658953,17.933515535493566,18.603931244709596,0.6704157092160301
0.0,8,35,L,1577.127351714104,17.947655405953654,18.617880942419895,0.6702255364662406
0.0,8,36,L,1576.7126186995822,17.961512362331497,18.631551100070087,0.6700387377385901
0.0,8,37,L,1576.2981037502077,17.975083329471428,18.644938759557093,0.669855430085665
0.0,8,38,L,1575.8838066940384,17.988366629100433,18.658042342319956,0.6696757132195224
0.0,8,39,L,1575.469727359314,18.00136181839784,18.67086148923549,0.6694996708376522
0.0,8,40,L,1575.055865574453,18.01406954778883,18.68339691955863,0.6693273717697998
0.0,8,41,L,1574.6422211680565,18.026491435188706,18.695650306162566,0.6691588709738596
0.0,8,42,L,1574.2287939689036,18.038629954394914,18.707624164798947,0.6689942104040334
0.0,8,43,L,1573.8155838059542,18.050488335707765,18.71932175547873,0.6688334197709658
0.0,8,44,L,1573.4025905083472,18.062070477174455,18.73074699438473,0.668676517210276
0.0,8,45,L,1572.9898139054012,18.07338086511127,18.74190437498477,0.6685235098734985
0.0,8,46,L,1572.5772538266135,18.084424502775406,18.752798897228665,0.6683743944532594
0.0,8,47,L,1572.1649101016603,18.09520684624124,18.763436003894054,0.6682291576528137
0.0,8,48,L,1571.7527825603972,18.10573374669341,18.77382152330172,0.66808777660831
0.0,8,49,L,1571.340871032857,18.11601139848786,18.783961617758905,0.6679502192710451
0.0,8,50,L,1570.9291753492512,18.126046292460895,18.793862737216212,0.6678164447553172
0.0,8,51,L,1570.5176953399687,18.13584517409001,18.803531577746362,0.6676864036563508
0.0,8,52,L,1570.1064308355772,18.145415006244054,18.812975044585173,0.6675600383411187
0.0,8,53,L,1569.6953816668206,18.154762936416155,18.822200219629245,0.6674372832130899
0.0,8,54,L,1569.2845476646205,18.163896268540686,18.831214333489847,0.6673180649491606
0.0,8,55,L,1568.8739286600755,18.172822439801507,18.84002474250492,0.6672023027034122
0.0,8,56,L,1568.4635244844612,18.181549003339484,18.84863891160503,0.6670899082655453
0.0,8,57,L,1568.0533349692294,18.19008361865707,18.85706440480759,0.6669807861505213
0.0,8,58,L,1567.6433599460074,18.198434053239904,18.865308886813494,0.6668748335735906
0.0,8,59,L,1567.2335992465999,18.20660820255268,18.873380142770465,0.6667719402177852
0.0,8,60,L,1566.8240527029868,18.214614144096924,18.88128613168769,0.6666719875907674
0.0,8,61,L,1566.4147201473234,18.222460264112865,18.88903511158541,0.6665748474725461
0.0,8,62,L,1566.0056014119407,18.230155569796963,18.896635947794373,0.6664803779974093
0.0,8,63,L,1565.5966963293447,18.237710625660288,18.904099037376323,0.666388411716035
0.0,8,64,L,1565.1880047322159,18.245142195011557,18.911440890968464,0.6662986959569075
0.0,8,65,C,1564.77952645341,18.26756364042173,18.9361108444633,0.6685472040415696
0.0,8,66,C,1564.3712613259574,18.27631563016519,18.944713455333506,0.6683978251683165
0.0,8,67,C,1563.9632091830617,18.284955918912036,18.953206061739284,0.6682501428272474
0.0,8,68,C,1563.5553698581014,18.293481820236522,18.961585968732347,0.668104148495825
0.0,8,69,C,1563.147743184628,18.301896523531664,18.969856280735073,0.667959757203409
0.0,8,70,C,1562.7403289963675,18.31020472646979,18.978021587832412,0.6678168613626205
0.0,8,71,C,1562.3331271272182,18.318411688846016,18.98608703143842,0.6676753425924034
0.0,8,72,C,1561.9261374112523,18.326522889230645,18.994057965396053,0.6675350761654073
0.0,8,73,C,1561.5193596827141,18.334543866341658,19.001939799547948,0.66739593320629
0.0,8,74,C,1561.1127937760211,18.342480134110552,19.00973791610931,0.6672577819987566
0.0,8,75,C,1560.7064395257632,18.35033713141691,19.01745762029335,0.6671204888764386
0.0,8,76,C,1560.3002967667016,18.35812019016204,19.025104109056894,0.6669839188948536
0.0,8,77,C,1559.894365333771,18.36583451396646,19.0326824503428,0.6668479363763424
0.0,8,78,C,1559.4886450620768,18.373485163503677,19.040197568877943,0.6667124053742661
0.0,8,79,C,1559.0831357868954,18.38107704626368,19.047654236344844,0.6665771900811635
0.0,8,80,C,1558.677837343676,18.38861490946066,19.05505706465493,0.6664421551942716
0.0,8,81,C,1558.2727495680374,18.396103335310144,19.062410501555775,0.6663071662456304
0.0,8,82,C,1557.8678722957702,18.403546738203293,19.069718828103852,0.6661720899005594
0.0,8,83,C,1557.4632053628354,18.410949363498773,19.076986157724455,0.6660367942256826
0.0,8,84,C,1557.058748605364,18.418315287787912,19.084216436714392,0.6659011489264799
0.0,8,85,C,1556.6545018596576,18.425648420596865,19.09141344614969,0.665765025552826
0.0,8,86,C,1556.2504649621876,18.432952507589782,19.098580805259665,0.6656282976698833
0.0,8,87,C,1555.846637749595,18.440231135448673,19.105721976439177,0.665490840990504
0.0,8,88,C,1555.4430200586908,18.447487738746386,19.112840272209674,0.6653525334632882
0.0,8,89,C,1555.0396117264547,18.45472560932761,19.119938864635873,0.665213255308263
0.0,8,90,C,1554.636412590036,18.461947909013226,19.127020798001038,0.6650728889878117
0.0,8,91,C,1554.233422486752,18.469157686922102,19.13408900601651,0.6649313190944071
0.0,8,92,C,1553.8306412540899,18.47635790350761,19.14114633563338,0.6647884321257713
0.0,8,93,C,1553.4280687297044,18.483551464817726,19.148195580916664,0.6646441160989376
0.0,8,94,C,1553.0257047514185,18.490741273106323,19.15523953302536,0.6644982599190357
0.0,8,95,C,1552.6235491572234,18.497930305094133,19.16228105744263,0.664350752348497
0.0,8,96,C,1552.2216017852782,18.505121740207727,19.16932322047953,0.664201480271803
0.0,8,97,C,1551.819862473909,18.512319187068144,19.176369512666348,0.664050325598204
0.0,8,98,C,1551.41833106161,18.5195271260501,19.183424285248908,0.6638971591988074
0.0,8,99,C,1551.0170073870415,18.526751910352502,19.190493737575153,0.6637418272226512
0.0,8,100,C,1550.6158912890319,18.534004644108016,19.19758875599698,0.6635841118889623
0.0,8,101,C,1550.2149826065752,18.541315048152008,19.204738591382924,0.6634235432309161
0.0,8,102,C,1549.8142811788327,18.55317485714273,19.21626921306649,0.6630943559237608
0.0,8,103,C,1549.4137868451314,18.570219544999393,19.232787338855438,0.662567793856045
0.0,8,104,C,1549.0134994449645,18.587225857194124,19.249260330214252,0.6620344730201282
0.0,8,105,C,1548.6134188179913,18.60415745938379,19.26565215967029,0.6614947002865001
0.0,8,106,C,1548.213544804036,18.621000713748707,19.281949188438,0.6609484746892917
0.0,8,107,C,1547.8138772430889,18.637748072832437,19.298143781900848,0.6603957090684105
0.0,8,108,C,1547.4144159753055,18.654394561175543,19.314230837612072,0.6598362764365291
0.0,8,109,C,1547.0151608410054,18.670936522768336,19.33020654892974,0.6592700261614048
0.0,8,110,C,1546.6161116806743,18.68737105563571,19.34606784665727,0.6586967910215584
0.0,8,111,C,1546.2172683349609,18.703695718017915,19.36181210866929,0.6581163906513758
0.0,8,112,C,1545.8186306446798,18.719908360785432,19.37743699408102,0.6575286332955876
0.0,8,113,C,1545.4201984508086,18.736007025402145,19.392940342072208,0.656933316670063
0.0,8,114,C,1545.0219715944893,18.751989878781494,19.40832010708402,0.6563302283025259
0.0,8,115,C,1544.623949917027,18.767855170204687,19.42357431574937,0.6557191455446834
0.0,8,116,C,1544.2261332598914,18.78360120205516,19.438701037416,0.6550998353608399
0.0,8,117,C,1543.8285214647144,18.79922630951181,19.45369836346551,0.6544720539537003
0.0,8,118,C,1543.4311143732916,18.81472884619846,19.46856439246224,0.6538355462637817
0.0,8,119,C,1543.0339118275813,18.830107173856234,19.483297219221328,0.6531900453650934
0.0,8,120,C,1542.636913669704,18.8453596547489,19.49789492652009,0.652535271771189
0.0,8,121,C,1542.2401197419435,18.860484645913214,19.512355578573857,0.6518709326606427
0.0,8,122,C,1541.843529886745,18.875480494625297,19.526677215652924,0.6511967210276275
0.0,8,123,C,1541.4471439467163,18.890345534626555,19.540857849387535,0.6505123147609808
0.0,8,124,C,1541.050961764627,18.9050780827694,19.55489545842321,0.6498173756538108
0.0,8,125,C,1540.6549831834075,18.91967643582506,19.568787984169557,0.6491115483444965
0.0,8,126,C,1540.2592080461504,18.93413886725392,19.582533326443375,0.6483944591894542
0.0,8,127,C,1539.8636361961098,18.94846362378136,19.596129338848613,0.6476657150672516
0.0,8,128,C,1539.4682674766998,18.962648921653464,19.609573823767047,0.6469249021135823
0.0,8,129,C,1539.0731017314956,18.9766929424715,19.622864526857768,0.6461715843862663
0.0,8,130,C,1538.6781388042334,18.990593828522698,19.63599913098183,0.6454053024591317
0.0,8,131,C,1538.2833785388095,19.00434967754034,19.64897524948412,0.6446255719437808
0.0,8,132,C,1537.8888207792802,19.017958536839462,19.66179041877739,0.6438318819379276
0.0,8,133,C,1537.494465369862,19.031418396786115,19.674442090185146,0.6430236933990301
0.0,8,134,C,1537.1003121549306,19.04472718356978,19.68692762101169,0.642200437441911
0.0,8,135,C,1536.7063609790223,19.05788275126062,19.69924426481942,0.6413615135587989
0.0,8,136,C,1536.3126116868318,19.07088287314728,19.71138916090765,0.6405062877603704
0.0,8,137,C,1535.919064123213,19.083725232368323,19.72335932300417,0.6396340906358482
0.0,8,138,C,1535.5257181331795,19.096407411873617,19.735151627203827,0.6387442153302096
0.0,8,139,C,1535.1325735619027,19.108926883784576,19.746762799220264,0.6378359154356872
0.0,8,140,C,1534.7396302547133,19.121280998270514,19.758189401064612,0.6369084027940985
0.0,8,141,C,1534.3468880570995,19.13346697213236,19.76942781733722,0.6359608452048597
0.0,8,142,C,1533.9543468147083,19.145481877403764,19.780474241434874,0.6349923640311097
0.0,8,143,C,1533.5620063733443,19.15732263047761,19.791324662169473,0.634002031691864
0.0,8,144,C,1533.1698665789697,19.168985982612142,19.801974851632437,0.6329888690202949
0.0,8,145,C,1532.777927277705,19.180468513309552,19.81242035576307,0.6319518424535175
0.0,8,146,C,1532.386188315827,19.191766629315726,19.822656490305835,0.6308898609901092
0.0,8,147,C,1531.99464953977,19.20287657466783,19.832678347457062,0.6298017727892322
0.0,8,148,C,1531.6033107961255,19.2137944635378,19.842480824676286,0.6286863611384881
0.0,8,149,C,1531.2121719316413,19.224516364740964,19.852058703862287,0.6275423391213231
0.0,8,150,C,1530.8212327932215,19.23503852315696,19.86140686417216,0.6263683410152012
0.0,8,151,C,1530.4304932279274,19.24535805660749,19.87052095925129,0.625162902643801
0.0,8,152,C,1530.0399530829757,19.25547660586776,19.879400979995886,0.6239243741281264
0.0,8,153,S,1529.6496122057392,19.12843755640028,19.73091014072229,0.6024725843220118
0.0,8,154,S,1529.2594704437463,19.13281187641612,19.733842678061716,0.6010308016455959
0.0,8,155,S,1528.8695276446808,19.136944866100446,19.736491888097312,0.5995470219968659
0.0,8,156,S,1528.4797836563826,19.140824685569015,19.73884410821321,0.5980194226441959
0.0,8,157,S,1528.0902383268458,19.144440168868847,19.740886233015765,0.5964460641469174
0.0,8,158,S,1527.7008915042197,19.147779908894133,19.742604820581434,0.5948249116873008
0.0,8,159,S,1527.3117430368086,19.15083199082564,19.743985830063334,0.5931538392376936
0.0,8,160,S,1526.922792773071,19.153583865224924,19.74501449537643,0.5914306301515069
0.0,8,161,S,1526.5340405616198,19.15602226653109,19.745675243233215,0.5896529767021264
0.0,8,162,S,1526.1454862512223,19.158133149324932,19.74595162865343,0.5878184793284973
0.0,8,163,S,1525.7571296907993,19.159901632184514,19.745826278071927,0.5859246458874132
0.0,8,164,S,1525.3689707294252,19.16131194480922,19.745280835871142,0.5839688910619216
0.0,8,165,S,1524.9810092163293,19.16234737639369,19.744295912411726,0.5819485360180359
0.0,8,166,S,1524.5932450008922,19.16299022425491,19.74285103263379,0.5798608083788821
0.0,8,167,S,1524.2056779326492,19.163221742215026,19.740924584791518,0.5777028425764925
0.0,8,168,S,1523.818307861288,19.163022088508306,19.73849376914677,0.575471680638465
0.0,8,169,S,1523.4311346366494,19.162370273136233,19.735534546603258,0.5731642734670253
0.0,8,170,S,1523.044158108726,19.161244104693953,19.73202158736389,0.5707774826699357
0.0,8,171,S,1522.6573781276634,19.15962013676244,19.727928219767577,0.5683080830051352
0.0,8,172,S,1522.2707945437596,19.157473614016286,19.723226379520632,0.565752765504346
0.0,8,173,S,1521.8844072074637,19.1547784182457,19.71788655958952,0.5631081413438181
0.0,8,174,S,1521.4982159693777,19.151507014536506,19.71187776107029,0.5603707465337848
0.0,8,175,S,1521.1122206802543,19.14763039789577,19.705167445396786,0.5575370475010146
0.0,8,176,S,1520.726421190998,19.14311804065597,19.697721488297496,0.5546034476415258
0.0,8,177,S,1520.3408173526648,19.137937841036145,19.689504135958753,0.5515662949226083
0.0,8,178,S,1519.9554090164613,19.132056073286734,19.680477963901424,0.5484218906146907
0.0,8,179,S,1519.5701960337447,19.12543733989447,19.670603839128617,0.5451664992341456
0.0,8,180,S,1519.1851782560236,19.11804452637567,19.65984088615318,0.5417963597775106
0.0,8,181,S,1518.8003555349567,19.109838759239935,19.6481464575659,0.5383076983259656
0.0,8,182,S,1518.4157277223526,19.100779367761685,19.635476109856977,0.5346967420952922
0.0,8,183,S,1518.0312946701704,19.09082385025335,19.62178358525502,0.5309597350016695
0.0,8,184,S,1517.6470562305192,19.07992784559113,19.607020800397525,0.5270929548063954
0.0,8,185,S,1517.2630122556577,19.068045110801126,19.59113784269422,0.5230927318930938
0.0,8,186,S,1516.8791625979936,19.055127505569523,19.57408297528872,0.5189554697191987
0.0,8,187,S,1516.4955071100846,19.04112498459447,19.5558026515628,0.5146776669683284
0.0,8,188,S,1516.1120456446372,19.025985598747774,19.53624154016024,0.510255941412467
0.0,8,189,S,1515.7287780545066,19.00965550606095,19.515342561532375,0.5056870554714266
0.0,8,190,S,1515.3457041926977,18.99207899358998,19.4930469370224,0.5009679434324177
0.0,8,191,S,1514.9628239123624,18.97319851124561,19.469294251509716,0.4960957402641064
0.0,8,192,S,1514.5801370668028,18.952954718699264,19.4440225306267,0.49106781192743654
0.0,8,193,S,1514.1976435094678,18.93128654648593,19.41716833353564,0.48588178704970986
0.0,8,194,S,1513.8153430939549,18.90813127242428,19.388666862213483,0.4805355897892021
0.0,8,195,S,1513.433235674009,18.883424614457397,19.3584520881323,0.4750274736749027
0.0,8,196,S,1513.0513211035234,18.857100840984018,19.326456897144528,0.46935605616051035
0.0,8,197,S,1512.6695992365378,18.829092899697667,19.292613253281637,0.46352035358397004
0.0,8,198,S,1512.2880699272403,18.799332565878572,19.256852382052955,0.45751981617438275
0.0,8,199,S,1511.9067330299654,18.767750610988937,19.21910497368679,0.45135436269785245
0.0,8,200,S,1511.525588399194,18.73427699230593,19.17930140658989,0.4450244142839601
0.0,8,201,S,1511.144635889555,18.698841064188343,19.13737199111427,0.4385309269259281
0.0,8,202,S,1510.7638753558228,18.661371811412153,19.093247233514383,0.4318754221022303
0.0,8,203,S,1510.3833066529185,18.621798104830745,19.046858119756596,0.425060014925851
0.0,8,204,S,1510.002929635909,18.58004897941782,18.998136418609647,0.4180874391918259
0.0,8,205,S,1509.6227441600076,18.536053934541258,18.94701500320692,0.41096106866566373
0.0,8,206,S,1509.2427500805736,18.48974325609927,18.89342819003438,0.40368493393511073
0.0,8,207,S,1508.862947253111,18.441048359934907,18.837312094072963,0.3962637341380564
0.0,8,208,S,1508.48333553327,18.389902155741225,18.778604998620846,0.38870284287962065
0.0,8,209,S,1508.1039147768456,18.33623943049125,18.717247738154196,0.38100830766294536
0.0,8,210,S,1507.7246848397783,18.279997250291245,18.65318409247091,0.37318684217966336
0.0,8,211,S,1507.345645578153,18.22111537948466,18.58636119032143,0.3652458108367682
0.0,8,212,S,1506.966796848199,18.159536715854856,18.51672992078856,0.3571932049337043
0.0,8,213,S,1506.5881385062917,18.095207740923332,18.44424535086612,0.349037609942787
0.0,8,214,S,1506.2096704089483,18.02807898466287,18.36886714804477,0.34078816338190165
0.0,8,215,S,1505.8313924128324,17.95810550450335,18.29056000729468,0.3324545027913288
0.0,8,216,S,1505.4533043747508,17.885247379384705,18.209294082709462,0.3240467033247576
0.0,8,217,S,1505.0754061516532,17.80947022092355,18.125045425344105,0.3155752044205542
0.0,8,218,S,1504.6976976006342,17.73074570566946,18.03779643057808,0.3070507249086205
0.0,8,219,S,1504.3201785789313,17.649052135173374,17.947536300869913,0.29848416569653935
0.0,8,220,S,1503.942848943925,17.56437503452873,17.85426153334389,0.2898864988151608
0.0,8,221,S,1503.565708553139,17.476707805714412,17.757976446727987,0.2812686410135754
0.0,8,222,S,1503.1887572642402,17.38605246030965,17.65869376947142,0.2726413091617701
0.0,8,223,S,1502.8119949350378,17.292420468303597,17.556435321569154,0.2640148532655573
0.0,8,224,S,1502.4354214234836,17.195833777975864,17.451232838607705,0.2553990606318415
0.0,8,225,S,1502.0590365876717,17.09632608984882,17.343129011005676,0.24680292115685631
0.0,8,226,S,1501.682840285839,16.99394451183795,17.232178849850573,0.2382343380126244
0.0,8,227,S,1501.3068323763632,16.888751794228288,17.118451552923695,0.22969975869540704
0.0,8,228,S,1500.9310127177646,16.78082946278807,17.00203314853057,0.22120368574249838
0.0,8,229,S,1500.5553811687053,16.670282376190126,16.883030375360917,0.2127479991707908
0.0,8,230,S,1500.1799375879884,16.55724561050703,16.761576583771824,0.204330973264792
0.0,8,231,S,1499.8046818345586,16.44189529023359,16.637841066471918,0.19594577623832876
0.0,8,232,S,1499.429613767501,16.324466430781,16.512044482212936,0.1875780514319345
0.0,8,233,S,1499.0547332460424,16.2052839842704,16.38448575209029,0.17920176781988673
0.0,8,234,S,1498.6800401295502,16.084820655482563,16.255592213340964,0.17077155785840148
0.0,8,235,S,1498.3055342775322,15.963814474861435,16.126021679604463,0.1622072047430283
0.0,8,236,S,1497.9312155496366,15.843538310442884,15.996896450018788,0.1533581395759036
0.0,8,237,S,1497.557083805652,15.726535421952157,15.870441924128562,0.14390650217640477
0.0,8,238,S,1497.1831389055067,15.619287511121417,15.752302160356317,0.1330146492348998
0.0,8,239,S,1496.8093807092691,15.549800228501528,15.66678671427307,0.11698648577154103
0.0,10,0,L,1591.7817377291462,17.449064100141054,18.189068516665145,0.7400044165240907
0.0,10,1,L,1591.3592626893449,16.9759858551743,17.722107867717053,0.7461220125427523
0.0,10,2,L,1590.9370118483712,16.791974040184,17.540284037263792,0.7483099970797902
0.0,10,3,L,1590.5149850278065,16.692490022789745,17.441931347067996,0.7494413242782514
0.0,10,4,L,1590.0931820494206,16.632724477470447,17.38282136866798,0.7500968911975328
0.0,10,5,L,1589.6716027351729,16.595673642226348,17.34616134261884,0.7504877003924904
0.0,10,6,L,1589.2502469072106,16.573108342689736,17.32382107104251,0.7507127283527737
0.0,10,7,L,1588.8291143878705,16.56043675030492,17.311262622462117,0.750825872157197
0.0,10,8,L,1588.408204999677,16.55484308469013,17.305702619763455,0.7508595350733245
0.0,10,9,L,1587.9875185653427,16.55448038988823,17.305315019232886,0.7508346293446557
0.0,10,10,L,1587.5670549077681,16.55807449861807,17.30883989078653,0.7507653921684607
0.0,10,11,L,1587.146813850041,16.56471131479465,17.31537324509876,0.7506619303041084
0.0,10,12,L,1586.7267952154368,16.57371432286884,17.324245986877884,0.750531664009042
0.0,10,13,L,1586.3069988274174,16.58457004122049,17.33495023536983,0.75038019414934
0.0,10,14,L,1585.8874245096317,16.596880560916226,17.34709240841238,0.7502118474961534
0.0,10,15,L,1585.4680720859158,16.610332173515715,17.36036220655766,0.7500300330419449
0.0,10,16,L,1585.0489413802907,16.62467396517897,17.374511447669683,0.7498374824907117
0.0,10,17,L,1584.6300322169648,16.639702807980786,17.38933922511549,0.7496364171347025
0.0,10,18,L,1584.211344420331,16.655252585067885,17.404681251531468,0.749428666463583
0.0,10,19,L,1583.7928778149692,16.671186293437177,17.420402047692015,0.7492157542548377
0.0,10,20,L,1583.3746322256436,16.687390148770568,17.43638911099888,0.7489989622283133
0.0,10,21,L,1582.9566074773036,16.703769112270553,17.45254849016208,0.7487793778915268
0.0,10,22,L,1582.5388033950837,16.72024344629975,17.468801377334085,0.748557931034334
0.0,10,23,L,1582.1212198043024,16.736746026776657,17.485081448712023,0.7483354219353657
0.0,10,24,L,1581.7038565304633,16.75322022060361,17.501332764027335,0.7481125434237264
0.0,10,25,L,1581.2867133992536,16.769618190742378,17.517508089064208,0.7478898983218301
0.0,10,26,L,1580.8697902365443,16.785899528991767,17.533567542364146,0.7476680133723796
0.0,10,27,L,1580.45308686839,16.802030142747043,17.54947749320508,0.7474473504580388
0.0,10,28,L,1580.0366031210292,16.817981340673224,17.565209656387584,0.7472283157143593
0.0,10,29,L,1579.6203388208826,16.833729075675766,17.580740342662917,0.7470112669871511
0.0,10,30,L,1579.2042937945544,16.849253313378473,17.596049833355572,0.7467965199770994
0.0,10,31,L,1578.7884678688315,16.8645375015816,17.61112185491641,0.7465843533348071
0.0,10,32,L,1578.3728608706829,16.879568121601945,17.625943134512006,0.746375012910061
0.0,10,33,L,1577.9574726272597,16.894334306494983,17.640503021809685,0.7461687153147025
0.0,10,34,L,1577.5423029658953,16.9088275142834,17.654793165208233,0.745965650924834
0.0,10,35,L,1577.127351714104,16.92304124671917,17.668807233141266,0.7457659864220965
0.0,10,36,L,1576.7126186995822,16.936970805970063,17.682540672924045,0.7455698669539821
0.0,10,37,L,1576.2981037502077,16.950613083077613,17.695990501055356,0.7453774179777426
0.0,10,38,L,1575.8838066940384,16.963966373181314,17.709155120021467,0.745188746840153
0.0,10,39,L,1575.469727359314,16.977030213413485,17.72203415754956,0.7450039441360765
0.0,10,40,L,1575.055865574453,16.989805240095748,17.734628324976796,0.7448230848810482
0.0,10,41,L,1574.6422211680565,17.002293062452587,17.74693929197969,0.7446462295271026
0.0,10,42,L,1574.2287939689036,17.0144961505292,17.758969575375506,0.744473424846305
0.0,10,43,L,1573.8155838059542,17.02641773538692,17.770722440089276,0.7443047047023548
0.0,10,44,L,1573.4025905083472,17.038061719963963,17.78220181069157,0.7441400907276083
0.0,10,45,L,1572.9898139054012,17.04943259925106,17.79341219217109,0.7439795929200308
0.0,10,46,L,1572.5772538266135,17.060535388648695,17.804358598821338,0.7438232101726427
0.0,10,47,L,1572.1649101016603,17.071375559557143,17.815046490303036,0.7436709307458926
0.0,10,48,L,1571.7527825603972,17.081958981408278,17.825481714100214,0.743522732691936
0.0,10,49,L,1571.340871032857,17.092291869488037,17.835670453726372,0.7433785842383358
0.0,10,50,L,1570.9291753492512,17.102380738027374,17.845619182164537,0.7432384441371624
0.0,10,51,L,1570.5176953399687,17.112232358164214,17.855334620148426,0.7431022619842125
0.0,10,52,L,1570.1064308355772,17.12185372051309,17.864823699024434,0.7429699785113435
0.0,10,53,L,1569.6953816668206,17.1312520022359,17.874093528088977,0.742841525853077
0.0,10,54,L,1569.2845476646205,17.14043453871611,17.883151366501828,0.742716827785717
0.0,10,55,L,1568.8739286600755,17.1494088002463,17.892004600179703,0.7425957999334045
0.0,10,56,L,1568.4635244844612,17.158182374642497,17.90066072457094,0.7424783499284437
0.0,10,57,L,1568.0533349692294,17.166762957593146,17.90912733509468,0.7423643775015343
0.0,10,58,L,1567.6433599460074,17.17515835428244,17.91741212873637,0.7422537744539284
0.0,10,59,L,1567.2335992465999,17.183376499484684,17.92552292389933,0.7421464244146456
0.0,10,60,L,1566.8240527029868,17.191425511903535,17.933467714074148,0.7420422021706123
0.0,10,61,L,1566.4147201473234,17.199313821549868,17.94125479359904,0.7419409720491714
0.0,10,62,L,1566.0056014119407,17.207050483647425,17.94889306747967,0.7418425838322449
0.0,10,63,L,1565.5966963293447,17.214646120089782,17.956392980388156,0.7417468602983739
0.0,10,64,L,1565.1880047322159,17.2221175862622,17.96377112122432,0.7416535349621185
0.0,10,65,C,1564.77952645341,17.244408954375704,17.988563459003434,0.7441545046277298
0.0,10,66,C,1564.3712613259574,17.253212531834293,17.997208910812187,0.7439963789778936
0.0,10,67,C,1563.9632091830617,17.26190384455283,18.005743894072246,0.7438400495194166
0.0,10,68,C,1563.5553698581014,17.270480192929252,18.01416569727689,0.7436855043476385
0.0,10,69,C,1563.147743184628,17.278944785552632,18.02247743729463,0.7435326517419973
0.0,10,70,C,1562.7403289963675,17.287302348060326,18.030683724269284,0.7433813762089585
0.0,10,71,C,1562.3331271272182,17.29555817185026,18.03878972265086,0.7432315508006013
0.0,10,72,C,1561.9261374112523,17.303717768850472,18.0468008106078,0.7430830417573269
0.0,10,73,C,1561.5193596827141,17.311786712002167,18.05472242281271,0.7429357108105421
0.0,10,74,C,1561.1127937760211,17.319770549831613,18.062559966390054,0.7427894165584412
0.0,10,75,C,1560.7064395257632,17.327674755876544,18.070318771285706,0.7426440154091623
0.0,10,76,C,1560.3002967667016,17.335504696549833,18.078004058846332,0.742499362296499
0.0,10,77,C,1559.894365333771,17.343265609684085,18.085620920947704,0.7423553112636192
0.0,10,78,C,1559.4886450620768,17.350962589748406,18.093174305711234,0.7422117159628279
0.0,10,79,C,1559.0831357868954,17.35860057751914,18.10066900761616,0.7420684300970173
0.0,10,80,C,1558.677837343676,17.366184352912608,18.108109660728978,0.7419253078163699
0.0,10,81,C,1558.2727495680374,17.373718530200854,18.115500734278964,0.7417822040781097
0.0,10,82,C,1557.8678722957702,17.381207555136115,18.12284653010871,0.7416389749725951
0.0,10,83,C,1557.4632053628354,17.388655703702973,18.130151181720297,0.741495478017324
0.0,10,84,C,1557.058748605364,17.396067082353444,18.137418654771846,0.7413515724184023
0.0,10,85,C,1556.6545018596576,17.40344562968875,18.144652748986598,0.7412071192978473
0.0,10,86,C,1556.2504649621876,17.410795119652363,18.151857101536336,0.7410619818839734
0.0,10,87,C,1555.846637749595,17.418119166411227,18.15903519207176,0.7409160256605318
0.0,10,88,C,1555.4430200586908,17.425421231243583,18.166190349712302,0.7407691184687195
0.0,10,89,C,1555.0396117264547,17.432704631951495,18.173325762504746,0.7406211305532509
0.0,10,90,C,1554.636412590036,17.4399725556183,18.180444490158088,0.7404719345397872
0.0,10,91,C,1554.233422486752,17.447228076012667,18.187549481337044,0.7403214053243765
0.0,10,92,C,1553.8306412540899,17.454474177749123,18.19464359759307,0.7401694198439479
0.0,10,93,C,1553.4280687297044,17.46171379073434,18.201729647411852,0.7400158566775126
0.0,10,94,C,1553.0257047514185,17.468949841062834,18.208810436452776,0.739860595389942
0.0,10,95,C,1552.6235491572234,17.47618532972677,18.21588884518399,0.7397035154572187
0.0,10,96,C,1552.2216017852782,17.483423461598896,18.22296795605387,0.7395444944549752
0.0,10,97,C,1551.819862473909,17.49066787324249,18.230051278066234,0.7393834048237444
0.0,10,98,C,1551.41833106161,17.49792307805799,18.237143185594903,0.7392201075369123
0.0,10,99,C,1551.0170073870415,17.505195473206506,18.244249911018326,0.73905443781182
0.0,10,100,C,1550.6158912890319,17.512496234531014,18.251382398707378,0.738886164176364
0.0,10,101,C,1550.2149826065752,17.519855263196963,18.25857005515566,0.7387147919586958
0.0,10,102,C,1549.8142811788327,17.531800923500313,18.270161803328374,0.7383608798280612
0.0,10,103,C,1549.4137868451314,17.54897458633308,18.286767780281025,0.7377931939479438
0.0,10,104,C,1549.0134994449645,17.566110685166798,18.30332871793814,0.7372180327713416
0.0,10,105,C,1548.6134188179913,17.58317268986558,18.319808393911583,0.7366357040460016
0.0,10,106,C,1548.213544804036,17.600146898169907,18.336193092227795,0.736046194057888
0.0,10,107,C,1547.8138772430889,17.617025733624303,18.352475132450405,0.7354493988261019
0.0,10,108,C,1547.4144159753055,17.633804207003163,18.368649379440637,0.734845172437474
0.0,10,109,C,1547.0151608410054,17.650478656617093,18.38471200051352,0.7342333438964275
0.0,10,110,C,1546.6161116806743,17.667046179701856,18.400659904157656,0.7336137244558003
0.0,10,111,C,1546.2172683349609,17.68350433696242,18.4164904481437,0.7329861111812797
0.0,10,112,C,1545.8186306446798,17.69985098407607,18.432201272827346,0.7323502887512774
0.0,10,113,C,1545.4201984508086,17.71608416912133,18.447790199444306,0.7317060303229752
0.0,10,114,C,1545.0219715944893,17.732202067114116,18.463255164967947,0.731053097853831
0.0,10,115,C,1544.623949917027,17.74820293673567,18.47859417881363,0.7303912420779604
0.0,10,116,C,1544.2261332598914,17.764085090959977,18.493805293206705,0.7297202022467282
0.0,10,117,C,1543.8285214647144,17.779846876695704,18.508886582392332,0.7290397056966285
0.0,10,118,C,1543.4311143732916,17.79548666042337,18.523836127705625,0.7283494672822535
0.0,10,119,C,1543.0339118275813,17.811002817883708,18.538652006581444,0.7276491886977361
0.0,10,120,C,1542.636913669704,17.82639372652014,18.553332284221355,0.7269385577012137
0.0,10,121,C,1542.2401197419435,17.84165775978263,18.5678750070342,0.7262172472515687
0.0,10,122,C,1541.843529886745,17.856793282660586,18.582278197223737,0.7254849145631503
0.0,10,123,C,1541.4471439467163,17.87179864798588,18.596539848067717,0.7247412000818372
0.0,10,124,C,1541.050961764627,17.886672193164625,18.61065791954903,0.7239857263844058
0.0,10,125,C,1540.6549831834075,17.901412237078574,18.6246303340805,0.7232180970019257
0.0,10,126,C,1540.2592080461504,17.91601707695577,18.638454972123093,0.7224378951673209
0.0,10,127,C,1539.8636361961098,17.930484985052615,18.65212966753919,0.7216446824865734
0.0,10,128,C,1539.4682674766998,17.94481420502116,18.66565220255404,0.7208379975328789
0.0,10,129,C,1539.0731017314956,17.95900294786022,18.679020302222803,0.7200173543625823
0.0,10,130,C,1538.6781388042334,17.973049387367357,18.692231628319107,0.7191822409517492
0.0,10,131,C,1538.2833785388095,17.986951655024676,18.705283772576664,0.7183321175519879
0.0,10,132,C,1537.8888207792802,18.000707834264443,18.71817424922854,0.7174664149640968
0.0,10,133,C,1537.494465369862,18.014315954072455,18.73090048680049,0.7165845327280351
0.0,10,134,C,1537.1003121549306,18.02777398189869,18.74345981912634,0.7156858372276496
0.0,10,135,C,1536.7063609790223,18.04107981585696,18.755849475565483,0.7147696597085229
0.0,10,136,C,1536.3126116868318,18.054231276209446,18.768066570416558,0.7138352942071116
0.0,10,137,C,1535.919064123213,18.067226096149362,18.780108091538615,0.7128819953892531
0.0,10,138,C,1535.5257181331795,18.080061911918555,18.791970888214248,0.7119089762956925
0.0,10,139,C,1535.1325735619027,18.092736252329612,18.80365165832118,0.7109154059915674
0.0,10,140,C,1534.7396302547133,18.105246527810554,18.8151469349268,0.7099004071162476
0.0,10,141,C,1534.3468880570995,18.117590019165156,18.826453072492896,0.7088630533277396
0.0,10,142,C,1533.9543468147083,18.1297638663612,18.83756623299489,0.7078023666336932
0.0,10,143,C,1533.5620063733443,18.141765057858724,18.8484823724547,0.7067173145959771
0.0,10,144,C,1533.1698665789697,18.1535904213391,18.859197228726696,0.7056068073875963
0.0,10,145,C,1532.777927277705,18.165236617339207,18.86970631200412,0.7044696946649118
0.0,10,146,C,1532.386188315827,18.1767001385607,18.88000490074771,0.7033047621870097
0.0,10,147,C,1531.99464953977,18.187977320322574,18.890088048370192,0.702110728047618
0.0,10,148,C,1531.6033107961255,18.19906437399522,18.899950612223368,0.7008862382281471
0.0,10,149,C,1531.2121719316413,18.209957472506055,18.909587333263435,0.6996298607573799
0.0,10,150,C,1530.8212327932215,18.220652973814413,18.91899305019078,0.6983400763763683
0.0,10,151,C,1530.4304932279274,18.231148123477297,18.928163380886957,0.6970152574096602
0.0,10,152,C,1530.0399530829757,18.241444732789848,18.937098307295685,0.6956535745058368
0.0,10,153,S,1529.6496122057392,18.115912404407588,18.78770402464044,0.6717916202328524
0.0,10,154,S,1529.2594704437463,18.120455206814057,18.790654104883348,0.670198898069291
0.0,10,155,S,1528.8695276446808,18.124759774529956,18.79331917316204,0.6685593986320839
0.0,10,156,S,1528.4797836563826,18.128814392894515,18.79568548188986,0.6668710889953431
0.0,10,157,S,1528.0902383268458,18.132608036901207,18.797739844216483,0.6651318073152765
0.0,10,158,S,1527.7008915042197,18.136129449334845,18.799468734981573,0.6633392856467282
0.0,10,159,S,1527.3117430368086,18.139366872490243,18.800858026802597,0.6614911543123547
0.0,10,160,S,1526.922792773071,18.14230792062773,18.801892863060324,0.6595849424325948
0.0,10,161,S,1526.5340405616198,18.144939498177145,18.80255757550723,0.6576180773300848
0.0,10,162,S,1526.1454862512223,18.14724773583808,18.802835619463043,0.655587883624964
0.0,10,163,S,1525.7571296907993,18.14921793431884,18.80270951666372,0.6534915823448806
0.0,10,164,S,1525.3689707294252,18.150834511355193,18.802160801566515,0.6513262902113226
0.0,10,165,S,1524.9810092163293,18.152080949971435,18.801169969174584,0.6490890192031493
0.0,10,166,S,1524.5932450008922,18.152939746976188,18.799716423449354,0.6467766764731664
0.0,10,167,S,1524.2056779326492,18.15339236118801,18.797778425872348,0.6443860646843369
0.0,10,168,S,1523.818307861288,18.15341916115338,18.79533304398259,0.6419138828292112
0.0,10,169,S,1523.4311346366494,18.152999372276252,18.792356099872894,0.6393567275966419
0.0,10,170,S,1523.044158108726,18.15211102337779,18.78882211872983,0.636711095352041
0.0,10,171,S,1522.6573781276634,18.150730892776217,18.78470427757667,0.6339733848004521
0.0,10,172,S,1522.2707945437596,18.148834454032446,18.779974354437666,0.6311399004052198
0.0,10,173,S,1521.8844072074637,18.146395821555533,18.774602678194295,0.6282068566387622
0.0,10,174,S,1521.4982159693777,18.14338769630735,18.768558079452788,0.6251703831454378
0.0,10,175,S,1521.1122206802543,18.139781311889593,18.76180784278962,0.6220265309000261
0.0,10,176,S,1520.726421190998,18.13554638134138,18.754317660789603,0.6187712794482216
0.0,10,177,S,1520.3408173526648,18.13065104502135,18.746051590339388,0.6154005453180389
0.0,10,178,S,1519.9554090164613,18.125061819996347,18.736972011688923,0.6119101916925764
0.0,10,179,S,1519.5701960337447,18.118743551408627,18.727039590844083,0.6082960394354551
0.0,10,180,S,1519.1851782560236,18.111659366345574,18.716213245905053,0.6045538795594787
0.0,10,181,S,1518.8003555349567,18.103770630789942,18.7044501180174,0.6006794872274597
0.0,10,182,S,1518.4157277223526,18.095036910284325,18.691705547654514,0.5966686373701897
0.0,10,183,S,1518.0312946701704,18.08541593500054,18.677933057001727,0.5925171220011869
0.0,10,184,S,1517.6470562305192,18.074863569962186,18.663084339262042,0.5882207692998556
0.0,10,185,S,1517.2630122556577,18.06333379122649,18.647109255750756,0.5837754645242654
0.0,10,186,S,1516.8791625979936,18.050778668888267,18.62995584168971,0.5791771728014439
0.0,10,187,S,1516.4955071100846,18.037148357823924,18.611570321650493,0.5744219638265697
0.0,10,188,S,1516.1120456446372,18.02239109714539,18.591897135627924,0.5695060384825332
0.0,10,189,S,1515.7287780545066,18.006453219381676,18.570878976749217,0.5644257573675411
0.0,10,190,S,1515.3457041926977,17.98927917044746,18.548456841638465,0.559177671191005
0.0,10,191,S,1514.9628239123624,17.970811541492665,18.524570094458756,0.5537585529660909
0.0,10,192,S,1514.5801370668028,17.950991113752366,18.499156545644,0.5481654318916327
0.0,10,193,S,1514.1976435094678,17.92975691753024,18.47215254630614,0.5423956287758998
0.0,10,194,S,1513.8153430939549,17.907046306450354,18.443493099261467,0.5364467928111125
0.0,10,195,S,1513.433235674009,17.88279504809819,18.413111987557606,0.5303169394594178
0.0,10,196,S,1513.0513211035234,17.856937432141304,18.380941921301797,0.5240044891604931
0.0,10,197,S,1512.6695992365378,17.829406396970885,18.346914703487947,0.5175083065170618
0.0,10,198,S,1512.2880699272403,17.800133675836207,18.310961415395237,0.5108277395590299
0.0,10,199,S,1511.9067330299654,17.769049963353037,18.273012621983767,0.50396265863073
0.0,10,200,S,1511.525588399194,17.73608510315433,18.23299859754355,0.4969134943892186
0.0,10,201,S,1511.144635889555,17.70116829731605,18.190849571663424,0.48968127434737596
0.0,10,202,S,1510.7638753558228,17.66422833803363,18.14649599537742,0.4822676573437903
0.0,10,203,S,1510.3833066529185,17.625193861847727,18.099868827122656,0.4746749652749287
0.0,10,204,S,1510.002929635909,17.5839936265224,18.050899837906954,0.4669062113845541
0.0,10,205,S,1509.6227441600076,17.540556810471575,17.99952193484492,0.45896512437334636
0.0,10,206,S,1509.2427500805736,17.49481333441363,17.94566950198233,0.4508561675686984
0.0,10,207,S,1508.862947253111,17.446694204720067,17.889278757103206,0.44258455238313843
0.0,10,208,S,1508.48333553327,17.396131877720638,17.830288123010185,0.43415624528954666
0.0,10,209,S,1508.1039147768456,17.34306064404916,17.76863861160278,0.4255779675536182
0.0,10,210,S,1507.7246848397783,17.287417031978233,17.70427421896567,0.41685718698743557
0.0,10,211,S,1507.345645578153,17.229140228619222,17.637142329641435,0.40800210102221257
0.0,10,212,S,1506.966796848199,17.168172517884404,17.56719412832361,0.39902161043920614
0.0,10,213,S,1506.5881385062917,17.104459734256906,17.49438501739892,0.3899252831420128
0.0,10,214,S,1506.2096704089483,17.037951731738666,17.41867503913181,0.38072330739314353
0.0,10,215,S,1505.8313924128324,16.968602867909105,17.340029301873244,0.3714264339641389
0.0,10,216,S,1505.4533043747508,16.896372503911948,17.25841841055874,0.3620459066467916
0.0,10,217,S,1505.0754061516532,16.821225522513977,17.173818903038654,0.35259338052467726
0.0,10,218,S,1504.6976976006342,16.743132868311793,17.086213695593482,0.343080827281689
0.0,10,219,S,1504.3201785789313,16.662072116945332,16.995592543534368,0.33352042658903613
0.0,10,220,S,1503.942848943925,16.578028084170867,16.901952526378608,0.3239244422077405
0.0,10,221,S,1503.565708553139,16.490993491399085,16.805298572185354,0.3143050807862693
0.0,10,222,S,1503.1887572642402,16.400969712673355,16.705644042967858,0.3046743302945032
0.0,10,223,S,1502.8119949350378,16.307967640410787,16.603011413825193,0.295043773414406
0.0,10,224,S,1502.4354214234836,16.21200872578198,16.497433094461346,0.28542436867936516
0.0,10,225,S,1502.0590365876717,16.113126278096782,16.38895246627311,0.2758261881763282
0.0,10,226,S,1501.682840285839,16.011367152432005,16.277625246699372,0.2662580942673678
0.0,10,227,S,1501.3068323763632,15.90679402745052,16.163521354846413,0.2567273273958932
0.0,10,228,S,1500.9310127177646,15.799488597081009,16.04672755664961,0.24723895956860176
0.0,10,229,S,1500.5553811687053,15.68955621113355,15.92735134882126,0.23779513768771032
0.0,10,230,S,1500.1799375879884,15.577132882957532,15.80552686870147,0.22839398574393854
0.0,10,231,S,1499.8046818345586,15.462396311200486,15.681424241049477,0.21902792984899122
0.0,10,232,S,1499.429613767501,15.345584032982478,15.555265031154565,0.20968099817208774
0.0,10,233,S,1499.0547332460424,15.227025006326292,15.427349195549539,0.20032418922324702
0.0,10,234,S,1498.6800401295502,15.10719842142283,15.298105340922438,0.19090691949960892
0.0,10,235,S,1498.3055342775322,14.986853294621511,15.168193003076006,0.18133970845449454
0.0,10,236,S,1497.9312155496366,14.867282615279478,15.038737165291046,0.17145455001156762
0.0,10,237,S,1497.557083805652,14.751071577580879,14.911968281051157,0.16089670347027862
0.0,10,238,S,1497.1831389055067,14.64481181429328,14.793543004821899,0.14873119052861838
0.0,10,239,S,1496.8093807092691,14.576994104685852,14.707825694203905,0.13083158951805274
2.0,1,0,L,1591.7817377291462,22.06034196702106,22.06034196702106,0.0
2.0,1,1,L,1591.3592626893449,21.588436305798222,21.588436305798222,0.0
2.0,1,2,L,1590.9370118483712,21.431690401974276,21.431690401974276,0.0
2.0,1,3,L,1590.5149850278065,21.365953130844623,21.365953130844623,0.0
2.0,1,4,L,1590.0931820494206,21.3424354151149,21.3424354151149,0.0
2.0,1,5,L,1589.6716027351729,21.342681223000902,21.342681223000902,0.0
2.0,1,6,L,1589.2502469072106,21.357779738816593,21.357779738816593,0.0
2.0,1,7,L,1588.8291143878705,21.382770192752623,21.382770192752623,0.0
2.0,1,8,L,1588.408204999677,21.41461833849398,21.41461833849398,0.0
2.0,1,9,L,1587.9875185653427,21.451339988888876,21.451339988888876,0.0
2.0,1,10,L,1587.5670549077681,21.491571409812774,21.491571409812774,0.0
2.0,1,11,L,1587.146813850041,21.534338731591433,21.534338731591433,0.0
2.0,1,12,L,1586.7267952154368,21.57892523578721,21.57892523578721,0.0
2.0,1,13,L,1586.3069988274174,21.624790616956965,21.624790616956965,0.0
2.0,1,14,L,1585.8874245096317,21.67151959180634,21.67151959180634,0.0
2.0,1,15,L,1585.4680720859158,21.71878793378934,21.71878793378934,0.0
2.0,1,16,L,1585.0489413802907,21.766339298235287,21.766339298235287,0.0
2.0,1,17,L,1584.6300322169648,21.813968971944412,21.813968971944412,0.0
2.0,1,18,L,1584.211344420331,21.86151220470689,21.86151220470689,0.0
2.0,1,19,L,1583.7928778149692,21.90883565463352,21.90883565463352,0.0
2.0,1,20,L,1583.3746322256436,21.95583099973909,21.95583099973909,0.0
2.0,1,21,L,1582.9566074773036,22.002410088161316,22.002410088161316,0.0
2.0,1,22,L,1582.5388033950837,22.04850120165417,22.04850120165417,0.0
2.0,1,23,L,1582.1212198043024,22.09404613809575,22.09404613809575,0.0
2.0,1,24,L,1581.7038565304633,22.13899790565514,22.13899790565514,0.0
2.0,1,25,L,1581.2867133992536,22.183318880043213,22.183318880043213,0.0
2.0,1,26,L,1580.8697902365443,22.226979316764268,22.226979316764268,0.0
2.0,1,27,L,1580.45308686839,22.269956138645696,22.269956138645696,0.0
2.0,1,28,L,1580.0366031210292,22.31223193909019,22.31223193909019,0.0
2.0,1,29,L,1579.6203388208826,22.353794156038266,22.353794156038266,0.0
2.0,1,30,L,1579.2042937945544,22.39463438225078,22.39463438225078,0.0
2.0,1,31,L,1578.7884678688315,22.43474778537271,22.43474778537271,0.0
2.0,1,32,L,1578.3728608706829,22.47413261710654,22.47413261710654,0.0
2.0,1,33,L,1577.9574726272597,22.51278979525368,22.51278979525368,0.0
2.0,1,34,L,1577.5423029658953,22.550722545758717,22.550722545758717,0.0
2.0,1,35,L,1577.127351714104,22.587936094488327,22.587936094488327,0.0
2.0,1,36,L,1576.7126186995822,22.624437400490844,22.624437400490844,0.0
2.0,1,37,L,1576.2981037502077,22.660234924056894,22.660234924056894,0.0
2.0,1,38,L,1575.8838066940384,22.695338424141724,22.695338424141724,0.0
2.0,1,39,L,1575.469727359314,22.729758780693714,22.729758780693714,0.0
2.0,1,40,L,1575.055865574453,22.76350783821918,22.76350783821918,0.0
2.0,1,41,L,1574.6422211680565,22.796598267545676,22.796598267545676,0.0
2.0,1,42,L,1574.2287939689036,22.829043443257024,22.829043443257028,3.552713678800501e-15
2.0,1,43,L,1573.8155838059542,22.86085733469061,22.86085733469061,0.0
2.0,1,44,L,1573.4025905083472,22.892054408728576,22.892054408728583,7.105427357601002e-15
2.0,1,45,L,1572.9898139054012,22.922649542898448,22.922649542898448,0.0
2.0,1,46,L,1572.5772538266135,22.952657947533805,22.952657947533805,0.0
2.0,1,47,L,1572.1649101016603,22.982095095946438,22.982095095946438,0.0
2.0,1,48,L,1571.7527825603972,23.010976661732585,23.010976661732585,0.0
2.0,1,49,L,1571.340871032857,23.039318462488133,23.039318462488133,0.0
2.0,1,50,L,1570.9291753492512,23.067136409347796,23.067136409347796,0.0
2.0,1,51,L,1570.5176953399687,23.09444646189934,23.09444646189934,0.0
2.0,1,52,L,1570.1064308355772,23.121264588169392,23.121264588169392,0.0
2.0,1,53,L,1569.6953816668206,23.147606729548166,23.147606729548166,0.0
2.0,1,54,L,1569.2845476646205,23.173488770747245,23.173488770747245,0.0
2.0,1,55,L,1568.8739286600755,23.198926515218886,23.198926515218886,0.0
2.0,1,56,L,1568.4635244844612,23.22393566701279,23.22393566701279,0.0
2.0,1,57,L,1568.0533349692294,23.248531821021157,23.248531821021157,0.0
2.0,1,58,L,1567.6433599460074,23.272730465453392,23.272730465453392,0.0
2.0,1,59,L,1567.2335992465999,23.296547004384358,23.296547004384358,0.0
2.0,1,60,L,1566.8240527029868,23.319996817633285,23.319996817633285,0.0
2.0,1,61,L,1566.4147201473234,23.343095400564234,23.343095400564234,0.0
2.0,1,62,L,1566.0056014119407,23.365858708846844,23.365858708846844,0.0
2.0,1,63,L,1565.5966963293447,23.38830419585499,23.38830419585499,0.0
2.0,1,64,L,1565.1880047322159,23.41045598170809,23.41045598170809,0.0
2.0,1,65,C,1564.77952645341,23.436825131595086,23.436825131595086,0.0
2.0,1,66,C,1564.3712613259574,23.4601930978002,23.4601930978002,0.0
2.0,1,67,C,1563.9632091830617,23.483290102130844,23.483290102130844,0.0
2.0,1,68,C,1563.5553698581014,23.50611756772199,23.50611756772199,0.0
2.0,1,69,C,1563.147743184628,23.52868340191744,23.52868340191744,0.0
2.0,1,70,C,1562.7403289963675,23.550997046118457,23.550997046118457,0.0
2.0,1,71,C,1562.3331271272182,23.573068398874955,23.573068398874955,0.0
2.0,1,72,C,1561.9261374112523,23.594907424713007,23.594907424713007,0.0
2.0,1,73,C,1561.5193596827141,23.616523974027817,23.616523974027817,0.0
2.0,1,74,C,1561.1127937760211,23.637927687547258,23.637927687547258,0.0
2.0,1,75,C,1560.7064395257632,23.659127940757582,23.659127940757582,0.0
2.0,1,76,C,1560.3002967667016,23.68013380956409,23.68013380956409,0.0
2.0,1,77,C,1559.894365333771,23.700954048308564,23.700954048308564,0.0
2.0,1,78,C,1559.4886450620768,23.721597075535033,23.721597075535033,0.0
2.0,1,79,C,1559.0831357868954,23.742070964938154,23.742070964938154,0.0
2.0,1,80,C,1558.677837343676,23.762383439983804,23.762383439983804,0.0
2.0,1,81,C,1558.2727495680374,23.782541871272727,23.782541871272727,0.0
2.0,1,82,C,1557.8678722957702,23.80255327605837,23.80255327605837,0.0
2.0,1,83,C,1557.4632053628354,23.822424319538737,23.822424319538737,0.0
2.0,1,84,C,1557.058748605364,23.842161317680798,23.842161317680798,0.0
2.0,1,85,C,1556.6545018596576,23.861770241434478,23.861770241434478,0.0
2.0,1,86,C,1556.2504649621876,23.88125672227373,23.88125672227373,0.0
2.0,1,87,C,1555.846637749595,23.900626059078473,23.900626059078473,0.0
2.0,1,88,C,1555.4430200586908,23.91988322645711,23.91988322645711,0.0
2.0,1,89,C,1555.0396117264547,23.93903288472259,23.93903288472259,0.0
2.0,1,90,C,1554.636412590036,23.95807939190113,23.95807939190113,0.0
2.0,1,91,C,1554.233422486752,23.97702681841656,23.97702681841656,0.0
2.0,1,92,C,1553.8306412540899,23.99587896553767,23.99587896553767,0.0
2.0,1,93,C,1553.4280687297044,24.0146393894667,24.0146393894667,0.0
2.0,1,94,C,1553.0257047514185,24.03331143443328,24.03331143443328,0.0
2.0,1,95,C,1552.6235491572234,24.05189828113469,24.05189828113469,0.0
2.0,1,96,C,1552.2216017852782,24.07040302330372,24.07040302330372,0.0
2.0,1,97,C,1551.819862473909,24.088828800551273,24.088828800551273,0.0
2.0,1,98,C,1551.41833106161,24.107179057417728,24.107179057417728,0.0
2.0,1,99,C,1551.0170073870415,24.125458135484003,24.125458135484003,0.0
2.0,1,100,C,1550.6158912890319,24.14367300928803,24.14367300928803,0.0
2.0,1,101,C,1550.2149826065752,24.16184187580859,24.16184187580859,0.0
2.0,1,102,C,1549.8142811788327,24.18463296415228,24.18463296415228,0.0
2.0,1,103,C,1549.4137868451314,24.21270064753425,24.21270064753425,0.0
2.0,1,104,C,1549.0134994449645,24.2406088310371,24.2406088310371,0.0
2.0,1,105,C,1548.6134188179913,24.268333427457204,24.268333427457204,0.0
2.0,1,106,C,1548.213544804036,24.295865846587628,24.295865846587628,0.0
2.0,1,107,C,1547.8138772430889,24.323201766759578,24.323201766759578,0.0
2.0,1,108,C,1547.4144159753055,24.350338702795934,24.350338702795934,0.0
2.0,1,109,C,1547.0151608410054,24.377275125953034,24.377275125953034,0.0
2.0,1,110,C,1546.6161116806743,24.404010062339346,24.404010062339346,0.0
2.0,1,111,C,1546.2172683349609,24.430542883285383,24.430542883285383,0.0
2.0,1,112,C,1545.8186306446798,24.456873186127666,24.456873186127666,0.0
2.0,1,113,C,1545.4201984508086,24.483000722493475,24.483000722493475,0.0
2.0,1,114,C,1545.0219715944893,24.508925353582946,24.508925353582946,0.0
2.0,1,115,C,1544.623949917027,24.53464702171566,24.53464702171566,0.0
2.0,1,116,C,1544.2261332598914,24.56016573210845,24.56016573210845,0.0
2.0,1,117,C,1543.8285214647144,24.585481541292538,24.585481541292538,0.0
2.0,1,118,C,1543.4311143732916,24.610594549927164,24.610594549927164,0.0
2.0,1,119,C,1543.0339118275813,24.635504898551467,24.635504898551467,0.0
2.0,1,120,C,1542.636913669704,24.66021276529268,24.66021276529268,0.0
2.0,1,121,C,1542.2401197419435,24.68471836484906,24.68471836484906,0.0
2.0,1,122,C,1541.843529886745,24.709021948260794,24.709021948260794,0.0
2.0,1,123,C,1541.4471439467163,24.73312380311304,24.73312380311304,0.0
2.0,1,124,C,1541.050961764627,24.757024253904675,24.757024253904675,0.0
2.0,1,125,C,1540.6549831834075,24.780723662379312,24.780723662379312,0.0
2.0,1,126,C,1540.2592080461504,24.80422242766022,24.80422242766022,0.0
2.0,1,127,C,1539.8636361961098,24.827520986064087,24.827520986064087,0.0
2.0,1,128,C,1539.4682674766998,24.850619810493455,24.850619810493455,0.0
2.0,1,129,C,1539.0731017314956,24.87351940932719,24.87351940932719,0.0
2.0,1,130,C,1538.6781388042334,24.896220324743894,24.896220324743894,0.0
2.0,1,131,C,1538.2833785388095,24.9187231304267,24.9187231304267,0.0
2.0,1,132,C,1537.8888207792802,24.941028428610394,24.941028428610394,0.0
2.0,1,133,C,1537.494465369862,24.96313684644406,24.96313684644406,0.0
2.0,1,134,C,1537.1003121549306,24.98504903165639,24.98504903165639,0.0
2.0,1,135,C,1536.7063609790223,25.006765647527747,25.006765647527747,0.0
2.0,1,136,C,1536.3126116868318,25.028287367194437,25.028287367194437,0.0
2.0,1,137,C,1535.919064123213,25.04961486734122,25.04961486734122,0.0
2.0,1,138,C,1535.5257181331795,25.07074882138083,25.07074882138083,0.0
2.0,1,139,C,1535.1325735619027,25.091689892283377,25.091689892283377,0.0
2.0,1,140,C,1534.7396302547133,25.11243872531707,25.11243872531707,0.0
2.0,1,141,C,1534.3468880570995,25.13299594111617,25.13299594111617,0.0
2.0,1,142,C,1533.9543468147083,25.153362129745908,25.153362129745908,0.0
2.0,1,143,C,1533.5620063733443,25.173537846862324,25.173537846862324,0.0
2.0,1,144,C,1533.1698665789697,25.193523613824553,25.193523613824553,0.0
2.0,1,145,C,1532.777927277705,25.213319925031612,25.213319925031612,0.0
2.0,1,146,C,1532.386188315827,25.232927268567245,25.232927268567245,0.0
2.0,1,147,C,1531.99464953977,25.25234617228461,25.25234617228461,0.0
2.0,1,148,C,1531.6033107961255,25.271577301876032,25.271577301876032,0.0
2.0,1,149,C,1531.2121719316413,25.290621676872107,25.290621676872107,0.0
2.0,1,150,C,1530.8212327932215,25.30948120149448,25.30948120149448,0.0
2.0,1,151,C,1530.4304932279274,25.328160301616865,25.328160301616865,0.0
2.0,1,152,C,1530.0399530829757,25.346674531701066,25.346674531701066,0.0
2.0,1,153,S,1529.6496122057392,25.301056466293957,25.301056466293957,0.0
2.0,1,154,S,1529.2594704437463,25.314656298412622,25.314656298412622,0.0
2.0,1,155,S,1528.8695276446808,25.328064129059904,25.328064129059904,0.0
2.0,1,156,S,1528.4797836563826,25.341268267769106,25.341268267769106,0.0
2.0,1,157,S,1528.0902383268458,25.35425990381791,25.35425990381791,0.0
2.0,1,158,S,1527.7008915042197,25.367030715285654,25.367030715285654,0.0
2.0,1,159,S,1527.3117430368086,25.379572182188966,25.379572182188966,0.0
2.0,1,160,S,1526.922792773071,25.39187527674583,25.39187527674583,0.0
2.0,1,161,S,1526.5340405616198,25.403930279114554,25.403930279114554,0.0
2.0,1,162,S,1526.1454862512223,25.415726643192023,25.415726643192023,0.0
2.0,1,163,S,1525.7571296907993,25.42725288398077,25.42725288398077,0.0
2.0,1,164,S,1525.3689707294252,25.43849647398527,25.43849647398527,0.0
2.0,1,165,S,1524.9810092163293,25.449443742449382,25.449443742449382,0.0
2.0,1,166,S,1524.5932450008922,25.46007977408125,25.46007977408125,0.0
2.0,1,167,S,1524.2056779326492,25.47038830529264,25.47038830529264,0.0
2.0,1,168,S,1523.818307861288,25.48035161670188,25.48035161670188,0.0
2.0,1,169,S,1523.4311346366494,25.489950421052292,25.489950421052292,0.0
2.0,1,170,S,1523.044158108726,25.499163745936745,25.499163745936745,0.0
2.0,1,171,S,1522.6573781276634,25.507968810870466,25.507968810870466,0.0
2.0,1,172,S,1522.2707945437596,25.516340898358933,25.516340898358933,0.0
2.0,1,173,S,1521.8844072074637,25.52425321868753,25.52425321868753,0.0
2.0,1,174,S,1521.4982159693777,25.531676768228056,25.531676768228056,0.0
2.0,1,175,S,1521.1122206802543,25.538580181121354,25.538580181121354,0.0
2.0,1,176,S,1520.726421190998,25.544929574262273,25.544929574262273,0.0
2.0,1,177,S,1520.3408173526648,25.550688385585097,25.550688385585097,0.0
2.0,1,178,S,1519.9554090164613,25.55581720572913,25.55581720572913,0.0
2.0,1,179,S,1519.5701960337447,25.560273603257244,25.560273603257244,0.0
2.0,1,180,S,1519.1851782560236,25.564011943707413,25.564011943707413,0.0
2.0,1,181,S,1518.8003555349567,25.56698320288134,25.56698320288134,0.0
2.0,1,182,S,1518.4157277223526,25.5691347749168,25.5691347749168,0.0
2.0,1,183,S,1518.0312946701704,25.570410275854677,25.570410275854677,0.0
2.0,1,184,S,1517.6470562305192,25.570749343598173,25.570749343598173,0.0
2.0,1,185,S,1517.2630122556577,25.5700874353748,25.5700874353748,0.0
2.0,1,186,S,1516.8791625979936,25.568355624050703,25.568355624050703,0.0
2.0,1,187,S,1516.4955071100846,25.56548039491579,25.565480394915795,3.552713678800501e-15
2.0,1,188,S,1516.1120456446372,25.561383444855814,25.561383444855814,0.0
2.0,1,189,S,1515.7287780545066,25.555981486156497,25.555981486156497,0.0
2.0,1,190,S,1515.3457041926977,25.549186057543814,25.549186057543814,0.0
2.0,1,191,S,1514.9628239123624,25.54090334545215,25.54090334545215,0.0
2.0,1,192,S,1514.5801370668028,25.531034018927585,25.531034018927585,0.0
2.0,1,193,S,1514.1976435094678,25.519473082010563,25.519473082010563,0.0
2.0,1,194,S,1513.8153430939549,25.50610974789774,25.50610974789774,0.0
2.0,1,195,S,1513.433235674009,25.490827339646643,25.490827339646643,0.0
2.0,1,196,S,1513.0513211035234,25.473503222650656,25.473503222650656,0.0
2.0,1,197,S,1512.6695992365378,25.45400877456143,25.45400877456143,0.0
2.0,1,198,S,1512.2880699272403,25.43220939875637,25.43220939875637,0.0
2.0,1,199,S,1511.9067330299654,25.407964587820203,25.407964587820203,0.0
2.0,1,200,S,1511.525588399194,25.381128043811483,25.381128043811483,0.0
2.0,1,201,S,1511.144635889555,25.351547862290275,25.351547862290275,0.0
2.0,1,202,S,1510.7638753558228,25.319066787165937,25.319066787165937,0.0
2.0,1,203,S,1510.3833066529185,25.28352254335428,25.28352254335428,0.0
2.0,1,204,S,1510.002929635909,25.24474825397984,25.24474825397984,0.0
2.0,1,205,S,1509.6227441600076,25.202572948392724,25.202572948392724,0.0
2.0,1,206,S,1509.2427500805736,25.156822166561646,25.156822166561646,0.0
2.0,1,207,S,1508.862947253111,25.107318664431784,25.107318664431784,0.0
2.0,1,208,S,1508.48333553327,25.053883223581668,25.053883223581668,0.0
2.0,1,209,S,1508.1039147768456,24.99633556696985,24.99633556696985,0.0
2.0,1,210,S,1507.7246848397783,24.934495380736482,24.934495380736482,0.0
2.0,1,211,S,1507.345645578153,24.868183439939827,24.868183439939827,0.0
2.0,1,212,S,1506.966796848199,24.797222833805574,24.797222833805574,0.0
2.0,1,213,S,1506.5881385062917,24.721440283614346,24.721440283614346,0.0
2.0,1,214,S,1506.2096704089483,24.64066754384096,24.64066754384096,0.0
2.0,1,215,S,1505.8313924128324,24.554742874712147,24.554742874712147,0.0
2.0,1,216,S,1505.4533043747508,24.463512572117196,24.463512572117196,0.0
2.0,1,217,S,1505.0754061516532,24.366832538982734,24.366832538982734,0.0
2.0,1,218,S,1504.6976976006342,24.264569881035865,24.264569881035865,0.0
2.0,1,219,S,1504.3201785789313,24.156604509614482,24.156604509614482,0.0
2.0,1,220,S,1503.942848943925,24.042830735193398,24.042830735193398,0.0
2.0,1,221,S,1503.565708553139,23.92315883803914,23.92315883803914,0.0
2.0,1,222,S,1503.1887572642402,23.797516607517704,23.797516607517704,0.0
2.0,1,223,S,1502.8119949350378,23.665850849979467,23.665850849979467,0.0
2.0,1,224,S,1502.4354214234836,23.528128878262443,23.528128878262443,0.0
2.0,1,225,S,1502.0590365876717,23.384340016028126,23.384340016028126,0.0
2.0,1,226,S,1501.682840285839,23.234497181377563,23.234497181377563,0.0
2.0,1,227,S,1501.3068323763632,23.07863866363413,23.07863866363413,0.0
2.0,1,228,S,1500.9310127177646,22.916830288080767,22.916830288080767,0.0
2.0,1,229,S,1500.5553811687053,22.749168301420283,22.749168301420283,0.0
2.0,1,230,S,1500.1799375879884,22.575783557630057,22.575783557630057,0.0
2.0,1,231,S,1499.8046818345586,22.39684805036167,22.39684805036167,0.0
2.0,1,232,S,1499.429613767501,22.21258577575222,22.21258577575222,0.0
2.0,1,233,S,1499.0547332460424,22.02329193644893,22.02329193644893,0.0
2.0,1,234,S,1498.6800401295502,21.829369281736874,21.829369281736874,0.0
2.0,1,235,S,1498.3055342775322,21.63140299398805,21.63140299398805,0.0
2.0,1,236,S,1497.9312155496366,21.43033404835226,21.43033404835226,0.0
2.0,1,237,S,1497.557083805652,21.227935602668953,21.227935602668953,0.0
2.0,1,238,S,1497.1831389055067,21.028548948581047,21.028548948581047,0.0
2.0,1,239,S,1496.8093807092691,20.850553502383814,20.850553502383814,0.0
2.0,4,0,L,1591.7817377291462,15.73627652826875,16.20851034753104,0.47223381926228924
2.0,4,1,L,1591.3592626893449,15.245702684985032,15.718921465594855,0.47321878060982314
2.0,4,2,L,1590.9370118483712,15.083219651318426,15.55672898636033,0.4735093350419035
2.0,4,3,L,1590.5149850278065,15.015149737748263,15.4887673203696,0.4736175826213369
2.0,4,4,L,1590.0931820494206,14.990817736716211,15.46446223548184,0.4736444987656281
2.0,4,5,L,1589.6716027351729,14.991089971808993,15.4647162502083,0.4736262783993066
2.0,4,6,L,1589.2502469072106,15.006740033905174,15.48031978480953,0.47357975090435644
2.0,4,7,L,1588.8291143878705,15.032636095444406,15.50615012310445,0.4735140276600429
2.0,4,8,L,1588.408204999677,15.065641324877301,15.539075893899053,0.47343456902175163
2.0,4,9,L,1587.9875185653427,15.103705359180283,15.577050255741351,0.47334489656106804
2.0,4,10,L,1587.5670549077681,15.145419341810005,15.618666754016706,0.4732474122067014
2.0,4,11,L,1587.146813850041,15.18977725916734,15.6629210877286,0.4731438285612608
2.0,4,12,L,1586.7267952154368,15.23603866551045,15.709074077285422,0.47303541177497266
2.0,4,13,L,1586.3069988274174,15.283645216708717,15.756568343359751,0.4729231266510343
2.0,4,14,L,1585.8874245096317,15.332167570772546,15.804975298218455,0.47280772744590926
2.0,4,15,L,1585.4680720859158,15.381270310356152,15.853960127269161,0.47268981691300915
2.0,4,16,L,1585.0489413802907,15.430688020162975,15.903257906124367,0.4725698859613914
2.0,4,17,L,1584.6300322169648,15.480208519624178,15.952656860667233,0.4724483410430551
2.0,4,18,L,1584.211344420331,15.52966082832686,16.00198635185271,0.47232552352585166
2.0,4,19,L,1583.7928778149692,15.578906346516385,16.051108070205057,0.47220172368867175
2.0,4,20,L,1583.3746322256436,15.627832271464467,16.099909462486195,0.47207719102172874
2.0,4,21,L,1582.9566074773036,15.6763466013368,16.148298743271393,0.4719521419345938
2.0,4,22,L,1582.5388033950837,15.724374287274905,16.19620105288655,0.47182676561164527
2.0,4,23,L,1582.1212198043024,15.77185422989209,16.243555458413557,0.4717012285214661
2.0,4,24,L,1581.7038565304633,15.818736906168066,16.29031258410176,0.4715756779336928
2.0,4,25,L,1581.2867133992536,15.864982473439511,16.336432718133583,0.47145024469407204
2.0,4,26,L,1580.8697902365443,15.910559238995898,16.38188428443436,0.4713250454384621
2.0,4,27,L,1580.45308686839,15.955442413067535,16.42664259744536,0.47120018437782285
2.0,4,28,L,1580.0366031210292,15.999613083807763,16.47068883855955,0.4710757547517872
2.0,4,29,L,1579.6203388208826,16.043057367877697,16.51400920790159,0.47095184002389345
2.0,4,30,L,1579.2042937945544,16.085765701200103,16.556594216073844,0.470828514873741
2.0,4,31,L,1578.7884678688315,16.12773224254696,16.59843808857515,0.4707058460281921
2.0,4,32,L,1578.3728608706829,16.16895436867559,16.639538261639693,0.47058389296410397
2.0,4,33,L,1577.9574726272597,16.20943224429525,16.67989495280306,0.47046270850781013
2.0,4,34,L,1577.5423029658953,16.249168453626485,16.71951079297742,0.4703423393509354
2.0,4,35,L,1577.127351714104,16.288167682991677,16.75839050948989,0.4702228264982118
2.0,4,36,L,1576.7126186995822,16.326436445950584,16.79654065161,0.4701042056594176
2.0,4,37,L,1576.2981037502077,16.36398284411609,16.833969351711396,0.4699865075953049
2.0,4,38,L,1575.8838066940384,16.400816358063047,16.870686116488336,0.4698697584252898
2.0,4,39,L,1575.469727359314,16.436947663755493,16.906701643658696,0.4697539799032029
2.0,4,40,L,1575.055865574453,16.47238847072658,16.942027660392863,0.4696391896662817
2.0,4,41,L,1574.6422211680565,16.507151378895777,16.976676780357135,0.46952540146135746
2.0,4,42,L,1574.2287939689036,16.541249751433554,17.01066237678535,0.4694126253517972
2.0,4,43,L,1573.8155838059542,16.574697601513112,17.043998469420913,0.46930086790780123
2.0,4,44,L,1573.4025905083472,16.60750949113931,17.076699623521733,0.4691901323824226
2.0,4,45,L,1572.9898139054012,16.63970044053667,17.108780859411766,0.46908041887509455
2.0,4,46,L,1572.5772538266135,16.67128584682027,17.14025757130451,0.4689717244842413
2.0,4,47,L,1572.1649101016603,16.702281410879387,17.171145454329512,0.4688640434501252
2.0,4,48,L,1571.7527825603972,16.732703071580215,17.20146043886921,0.468757367288994
2.0,4,49,L,1571.340871032857,16.7625669465504,17.231218631469613,0.4686516849192124
2.0,4,50,L,1570.9291753492512,16.791889278952933,17.260436261732867,0.4685469827799338
2.0,4,51,L,1570.5176953399687,16.820686389797768,17.28912963474023,0.46844324494246337
2.0,4,52,L,1570.1064308355772,16.84897463549072,17.317315088705076,0.46834045321435624
2.0,4,53,L,1569.6953816668206,16.876770370497688,17.345008957733263,0.4682385872355752
2.0,4,54,L,1569.2845476646205,16.904089915240476,17.37222753980602,0.46813762456554286
2.0,4,55,L,1568.8739286600755,16.93094952969281,17.398987070451614,0.46803754075880377
2.0,4,56,L,1568.4635244844612,16.95736539372364,17.425303703148668,0.46793830942502623
2.0,4,57,L,1568.0533349692294,16.983353596266284,17.451193498532046,0.4678399022657622
2.0,4,58,L,1567.6433599460074,17.008930137393506,17.476672426467147,0.4677422890736409
2.0,4,59,L,1567.2335992465999,17.034110951618107,17.501756389283237,0.46764543766513
2.0,4,60,L,1566.8240527029868,17.058911970708156,17.52646128439277,0.4675493136846143
2.0,4,61,L,1566.4147201473234,17.08334927113855,17.550803151265054,0.46745388012650224
2.0,4,62,L,1566.0056014119407,17.107439438616694,17.57479853474443,0.46735909612773696
2.0,4,63,L,1565.5966963293447,17.1312006661327,17.598465579423443,0.4672649132907445
2.0,4,64,L,1565.1880047322159,17.154658226862963,17.621829484172544,0.4671712573095803
2.0,4,65,C,1564.77952645341,17.18219630729563,17.64965005045743,0.4674537431618013
2.0,4,66,C,1564.3712613259574,17.206961212232873,17.674312036091987,0.467350823859114
2.0,4,67,C,1563.9632091830617,17.23144713767725,17.69869529752966,0.4672481598524101
2.0,4,68,C,1563.5553698581014,17.25565537448507,17.72280112635293,0.4671457518678608
2.0,4,69,C,1563.147743184628,17.279594089760078,17.746637666529626,0.467043576769548
2.0,4,70,C,1562.7403289963675,17.303273088754725,17.770214693218428,0.4669416044637025
2.0,4,71,C,1562.3331271272182,17.326702675055763,17.793542476650288,0.4668398015945243
2.0,4,72,C,1561.9261374112523,17.349893236179206,17.816631369095774,0.46673813291656785
2.0,4,73,C,1561.5193596827141,17.372855052399814,17.839491614356703,0.4666365619568893
2.0,4,74,C,1561.1127937760211,17.39559819501555,17.862133246410384,0.4665350513948354
2.0,4,75,C,1560.7064395257632,17.418132466871583,17.884566030181148,0.46643356330956465
2.0,4,76,C,1560.3002967667016,17.440467365342812,17.906799424700754,0.4663320593579421
2.0,4,77,C,1559.894365333771,17.462612058390054,17.928842559302044,0.4662305009119905
2.0,4,78,C,1559.4886450620768,17.484575368819492,17.950704217990616,0.46612884917112396
2.0,4,79,C,1559.0831357868954,17.506365764034946,17.972392829292122,0.4660270652571761
2.0,4,80,C,1558.677837343676,17.52799134968786,17.993916459984767,0.465925110296908
2.0,4,81,C,1558.2727495680374,17.549459866244423,18.01528281173914,0.46582294549471825
2.0,4,82,C,1557.8678722957702,17.570778687848897,18.036499220045936,0.46572053219703946
2.0,4,83,C,1557.4632053628354,17.59195482308277,18.057572655032143,0.46561783194937334
2.0,4,84,C,1557.058748605364,17.612994917366056,18.078509723912283,0.4655148065462278
2.0,4,85,C,1556.6545018596576,17.633905256851513,18.09931667492565,0.46541141807413666
2.0,4,86,C,1556.2504649621876,17.65469177374775,18.11999940269518,0.4653076289474285
2.0,4,87,C,1555.846637749595,17.675360053088397,18.14056345502461,0.46520340193621124
2.0,4,88,C,1555.4430200586908,17.695915341056317,18.161014041242066,0.4650987001857487
2.0,4,89,C,1555.0396117264547,17.716362555092765,18.181356042318527,0.4649934872257617
2.0,4,90,C,1554.636412590036,17.73670629619927,18.201594023166933,0.4648877269676639
2.0,4,91,C,1554.233422486752,17.75695086412261,18.221732247808998,0.4647813836863861
2.0,4,92,C,1553.8306412540899,17.777100276589337,18.241774698570865,0.46467442198152753
2.0,4,93,C,1553.4280687297044,17.797158294603463,18.26172510131253,0.46456680670906536
2.0,4,94,C,1553.0257047514185,17.817128457413162,18.281586960281167,0.4644585028680055
2.0,4,95,C,1552.6235491572234,17.83701413394127,18.301363609354347,0.46434947541307636
2.0,4,96,C,1552.2216017852782,17.856818604373583,18.32105829330907,0.4642396889354856
2.0,4,97,C,1551.819862473909,17.87654520205909,18.340674309143676,0.46412910708458455
2.0,4,98,C,1551.41833106161,17.896197590634042,18.36021528204974,0.46401769141569815
2.0,4,99,C,1551.0170073870415,17.915780397920873,18.379685796656585,0.46390539873571157
2.0,4,100,C,1550.6158912890319,17.935301074860718,18.399093248178218,0.46379217331750056
2.0,4,101,C,1550.2149826065752,17.954779093411155,18.418457001920917,0.4636779085097622
2.0,4,102,C,1549.8142811788327,17.979233946116867,18.442754514837432,0.4635205687205648
2.0,4,103,C,1549.4137868451314,18.00937673821567,18.472689010943277,0.463312272727606
2.0,4,104,C,1549.0134994449645,18.039365069546022,18.50246620317308,0.46310113362705607
2.0,4,105,C,1548.6134188179913,18.06917306305711,18.53206024825992,0.4628871852028098
2.0,4,106,C,1548.213544804036,18.098791419044232,18.561461810068348,0.46267039102411545
2.0,4,107,C,1547.8138772430889,18.1282154034183,18.59066609669481,0.4624506932765122
2.0,4,108,C,1547.4144159753055,18.15744224723597,18.619670270344887,0.4622280231089171
2.0,4,109,C,1547.0151608410054,18.186470206119495,18.648472510359206,0.4620023042397108
2.0,4,110,C,1546.6161116806743,18.215298131274338,18.677071585764836,0.46177345449049767
2.0,4,111,C,1546.2172683349609,18.24392524570333,18.705466632188035,0.4615413864847042
2.0,4,112,C,1545.8186306446798,18.272351017066267,18.733657025011855,0.46130600794558774
2.0,4,113,C,1545.4201984508086,18.300575081319153,18.761642303094757,0.461067221775604
2.0,4,114,C,1545.0219715944893,18.32859719522479,18.789422121227414,0.4608249260026227
2.0,4,115,C,1544.623949917027,18.35641720626938,18.816996219906258,0.4605790136368775
2.0,4,116,C,1544.2261332598914,18.384035033541583,18.844364406003965,0.4603293724623825
2.0,4,117,C,1543.8285214647144,18.41145065573892,18.871526540515198,0.4600758847762769
2.0,4,118,C,1543.4311143732916,18.438664103906973,18.898482530990655,0.4598184270836825
2.0,4,119,C,1543.0339118275813,18.465675457355086,18.925232327107537,0.4595568697524506
2.0,4,120,C,1542.636913669704,18.492484841700445,18.95177591833044,0.45929107662999513
2.0,4,121,C,1542.2401197419435,18.51909242831317,18.978113332936267,0.45902090462309886
2.0,4,122,C,1541.843529886745,18.54549843464293,19.004244637883694,0.4587462032407643
2.0,4,123,C,1541.4471439467163,18.571703125047346,19.030169939146802,0.4584668140994559
2.0,4,124,C,1541.050961764627,18.597706811837707,19.05588938222737,0.45818257038966337
2.0,4,125,C,1540.6549831834075,18.623509856324784,19.081403152627217,0.4578932963024336
2.0,4,126,C,1540.2592080461504,18.649112669695832,19.10671147610984,0.4575988064140084
2.0,4,127,C,1539.8636361961098,18.674515713589113,19.131814618615874,0.45729890502676085
2.0,4,128,C,1539.4682674766998,18.69971950025914,19.156712885723316,0.4569933854641768
2.0,4,129,C,1539.0731017314956,18.724724592246652,19.181406621564076,0.45668202931742385
2.0,4,130,C,1538.6781388042334,18.749531601484083,19.205896207125143,0.45636460564105974
2.0,4,131,C,1538.2833785388095,18.774141187781904,19.230182057876853,0.45604087009494876
2.0,4,132,C,1537.8888207792802,18.798554056654716,19.254264620684094,0.4557105640293777
2.0,4,133,C,1537.494465369862,18.822770956459426,19.27814436996953,0.45537341351010596
2.0,4,134,C,1537.1003121549306,18.846792674833146,19.301821803112965,0.45502912827981845
2.0,4,135,C,1536.7063609790223,18.87062003443689,19.32529743508892,0.4546774006520309
2.0,4,136,C,1536.3126116868318,18.894253888035077,19.348571792368276,0.4543179043331982
2.0,4,137,C,1535.919064123213,18.917695112974076,19.37164540614234,0.45395029316826196
2.0,4,138,C,1535.5257181331795,18.940944605170618,19.394518804974823,0.4535741998042049
2.0,4,139,C,1535.1325735619027,18.96400327279131,19.41719250705664,0.45318923426533075
2.0,4,140,C,1534.7396302547133,18.986872029912988,19.43966701234587,0.45279498243288074
2.0,4,141,C,1534.3468880570995,19.00955179062413,19.461942795043726,0.4523910044195958
2.0,4,142,C,1533.9543468147083,19.03204346430629,19.48402029713381,0.4519768328275191
2.0,4,143,C,1533.5620063733443,19.054347953306383,19.505899924178948,0.4515519708725648
2.0,4,144,C,1533.1698665789697,19.076466155045225,19.527582045397462,0.45111589035223787
2.0,4,145,C,1532.777927277705,19.098398972163466,19.549067001582735,0.4506680294192691
2.0,4,146,C,1532.386188315827,19.12014733739605,19.570355127493574,0.4502077900975223
2.0,4,147,C,1531.99464953977,19.141712266512805,19.591446801933593,0.449734535420788
2.0,4,148,C,1531.6033107961255,19.163094968498218,19.612342554441348,0.4492475859431302
2.0,4,149,C,1531.2121719316413,19.18429708542115,19.63304330043369,0.44874621501254097
2.0,4,150,C,1530.8212327932215,19.205321278291404,19.653550919312792,0.4482296410213884
2.0,4,151,C,1530.4304932279274,19.226173027782544,19.673870037322008,0.4476970095394641
2.0,4,152,C,1530.0399530829757,19.246870087354527,19.69401740061309,0.44714731325856505
2.0,4,153,S,1529.6496122057392,19.204217459712424,19.64438900235777,0.44017154264534497
2.0,4,154,S,1529.2594704437463,19.21968818371954,19.659179619624222,0.43949143590468154
2.0,4,155,S,1528.8695276446808,19.234977171531703,19.673765401183374,0.43878822965167075
2.0,4,156,S,1528.4797836563826,19.250072706940806,19.688133468766857,0.43806076182605125
2.0,4,157,S,1528.0902383268458,19.264966303433848,19.70227406674271,0.437307763308862
2.0,4,158,S,1527.7008915042197,19.2796500858677,19.71617796324885,0.43652787738114895
2.0,4,159,S,1527.3117430368086,19.2941160413579,19.729835703162006,0.43571966180410726
2.0,4,160,S,1526.922792773071,19.30835568385119,19.743237270776305,0.43488158692511547
2.0,4,161,S,1526.5340405616198,19.32235985641723,19.756371888744393,0.4340120323271641
2.0,4,162,S,1526.1454862512223,19.33611858857758,19.769227871348736,0.4331092827711558
2.0,4,163,S,1525.7571296907993,19.349620977444175,19.781792501158712,0.43217152371453693
2.0,4,164,S,1525.3689707294252,19.362855078927158,19.79405191546094,0.4311968365337826
2.0,4,165,S,1524.9810092163293,19.37580780223359,19.805990995752303,0.4301831935187117
2.0,4,166,S,1524.5932450008922,19.38846480398483,19.81759325666708,0.4291284526822494
2.0,4,167,S,1524.2056779326492,19.400810379792233,19.82884073221225,0.4280303524200164
2.0,4,168,S,1523.818307861288,19.412827351921237,19.839713857973372,0.42688650605213496
2.0,4,169,S,1523.4311346366494,19.424496952113945,19.850191348395548,0.4256943962816031
2.0,4,170,S,1523.044158108726,19.435798698900022,19.860250068508,0.42445136960797925
2.0,4,171,S,1522.6573781276634,19.446710268890378,19.869864899631978,0.42315463074159965
2.0,4,172,S,1522.2707945437596,19.45720736166025,19.87900859873184,0.4218012370715911
2.0,4,173,S,1521.8844072074637,19.46726355791407,19.887651651164376,0.4203880932503061
2.0,4,174,S,1521.4982159693777,19.476850170696306,19.89576211666431,0.41891194596800574
2.0,4,175,S,1521.1122206802543,19.48593608948028,19.903305468484398,0.41736937900411775
2.0,4,176,S,1520.726421190998,19.494487617036945,19.91024442569256,0.4157568086556154
2.0,4,177,S,1520.3408173526648,19.50246829906084,19.916538778719698,0.41407047965885724
2.0,4,178,S,1519.9554090164613,19.509838746616172,19.92214520835502,0.4123064617388472
2.0,4,179,S,1519.5701960337447,19.51655645156348,19.927017098502535,0.41046064693905393
2.0,4,180,S,1519.1851782560236,19.522575595240752,19.931104343146842,0.4085287479060895
2.0,4,181,S,1518.8003555349567,19.527846850803545,19.93435314812948,0.406506297325933
2.0,4,182,S,1518.4157277223526,19.532317179780435,19.936705828513148,0.40438864873271285
2.0,4,183,S,1518.0312946701704,19.535929623574177,19.93810060251066,0.402170978936482
2.0,4,184,S,1517.6470562305192,19.538623090838676,19.93847138318133,0.3998482923426536
2.0,4,185,S,1517.2630122556577,19.54033214188922,19.937747569351934,0.39741542746271463
2.0,4,186,S,1516.8791625979936,19.540986771560277,19.935853837502936,0.39486706594265897
2.0,4,187,S,1516.4955071100846,19.540512192213964,19.932709936675128,0.3921977444611642
2.0,4,188,S,1516.1120456446372,19.538828618923553,19.92823048879709,0.389401869873538
2.0,4,189,S,1515.7287780545066,19.53585105921182,19.922324797209786,0.38647373799796725
2.0,4,190,S,1515.3457041926977,19.531489110112847,19.914896666569387,0.38340755645653957
2.0,4,191,S,1514.9628239123624,19.52564676574707,19.905844237739757,0.3801974719926875
2.0,4,192,S,1514.5801370668028,19.51822223905119,19.895059841738615,0.3768376026874236
2.0,4,193,S,1514.1976435094678,19.509107801781326,19.882429877267537,0.373322075486211
2.0,4,194,S,1513.8153430939549,19.498189647405216,19.86783471682935,0.3696450694241342
2.0,4,195,S,1513.433235674009,19.485347782007366,19.851148646903354,0.36580086489598784
2.0,4,196,S,1513.0513211035234,19.470455948839223,19.832239848096723,0.36178389925749954
2.0,4,197,S,1512.6695992365378,19.453381592640586,19.81097042160065,0.35758882896006483
2.0,4,198,S,1512.2880699272403,19.433985870320708,19.787196468633002,0.3532105983122946
2.0,4,199,S,1511.9067330299654,19.412123714996838,19.76076822982019,0.3486445148233521
2.0,4,200,S,1511.525588399194,19.38764396072009,19.731530291634567,0.34388633091447574
2.0,4,201,S,1511.144635889555,19.360389535445353,19.69932186702953,0.338932331584175
2.0,4,202,S,1510.7638753558228,19.33019772989226,19.663977157271777,0.33377942737951827
2.0,4,203,S,1510.3833066529185,19.29690054986611,19.625325801628325,0.3284252517622157
2.0,4,204,S,1510.002929635909,19.260325159325433,19.58319342099251,0.3228682616670788
2.0,4,205,S,1509.6227441600076,19.220294420964116,19.53740226070185,0.3171078397377336
2.0,4,206,S,1509.2427500805736,19.17662754028899,19.487771936687665,0.3111443963986744
2.0,4,207,S,1508.862947253111,19.129140818092335,19.434120287686994,0.3049794695946595
2.0,4,208,S,1508.48333553327,19.077648514825015,19.37626433453751,0.29861581971249507
2.0,4,209,S,1508.1039147768456,19.021963828662898,19.31402134557577,0.2920575169128732
2.0,4,210,S,1507.7246848397783,18.96189998703514,19.24721000489508,0.2853100178599419
2.0,4,211,S,1507.345645578153,18.897271449075713,19.175651677739573,0.2783802286638597
2.0,4,212,S,1506.966796848199,18.827895213918794,19.099171764685718,0.2712765507669239
2.0,4,213,S,1506.5881385062917,18.753592227061155,19.017601133587036,0.2640089065258806
2.0,4,214,S,1506.2096704089483,18.674188874266974,18.930777615653778,0.2565887413868033
2.0,4,215,S,1505.8313924128324,18.58951854983286,18.838547549657513,0.24902899982465243
2.0,4,216,S,1505.4533043747508,18.499423283636357,18.740767356265057,0.24134407262869928
2.0,4,217,S,1505.0754061516532,18.403755409478332,18.63730512312725,0.23354971364891597
2.0,4,218,S,1504.6976976006342,18.30237925605632,18.528042180811614,0.22566292475529437
2.0,4,219,S,1504.3201785789313,18.19517284179232,18.412874650256658,0.21770180846433718
2.0,4,220,S,1503.942848943925,18.08202955608027,18.291714944479367,0.20968538839909812
2.0,4,221,S,1503.565708553139,17.962859812829823,18.16449321122271,0.20163339839288597
2.0,4,222,S,1503.1887572642402,17.83759266817033,18.03115870968677,0.19356604151644063
2.0,4,223,S,1502.8119949350378,17.70617740387459,17.891681124334117,0.18550372045952557
2.0,4,224,S,1502.4354214234836,17.568585093069856,17.74605183339806,0.1774667403282031
2.0,4,225,S,1502.0590365876717,17.424810187756457,17.5942851714855,0.16947498372904235
2.0,4,226,S,1501.682840285839,17.274872203070252,17.43641975859944,0.16154755552918587
2.0,4,227,S,1501.3068323763632,17.118817629176604,17.272520019287402,0.1537023901107979
2.0,4,228,S,1500.9310127177646,16.95672229316319,17.102678099014938,0.14595580585174872
2.0,4,229,S,1500.5553811687053,16.788694549294355,16.92701652653794,0.13832197724358508
2.0,4,230,S,1500.1799375879884,16.614879955181614,16.74569222422079,0.13081226903917553
2.0,4,231,S,1499.8046818345586,16.43546861909178,16.55890294655231,0.1234343274605294
2.0,4,232,S,1499.429613767501,16.25070746472381,16.36689818902355,0.11619072429974153
2.0,4,233,S,1499.0547332460424,16.060921954232544,16.169998689840273,0.10907673560772935
2.0,4,234,S,1498.6800401295502,15.866557227457001,15.968633559162566,0.10207633170556463
2.0,4,235,S,1498.3055342775322,15.668262904365358,15.763417028254423,0.09515412388906519
2.0,4,236,S,1497.9312155496366,15.467089438566804,15.555326384312346,0.08823694574554253
2.0,4,237,S,1497.557083805652,15.26502784299215,15.346191295058754,0.08116345206660291
2.0,4,238,S,1497.1831389055067,15.066977380244413,15.14047777119085,0.07350039094643712
2.0,4,239,S,1496.8093807092691,14.89375923609396,14.957081768776135,0.06332253268217514
2.0,8,0,L,1591.7817377291462,12.51392090587486,13.226987250555258,0.7130663446803975
2.0,8,1,L,1591.3592626893449,12.020274231500306,12.734321372753767,0.7140471412534612
2.0,8,2,L,1590.9370118483712,11.856853579517301,12.571184112359798,0.7143305328424976
2.0,8,3,L,1590.5149850278065,11.788405996773472,12.502836995079473,0.7144309983060015
2.0,8,4,L,1590.0931820494206,11.763945700729728,12.478395527475675,0.7144498267459465
2.0,8,5,L,1589.6716027351729,11.764227670444754,12.47865096358547,0.7144232931407153
2.0,8,6,L,1589.2502469072106,11.779973717633137,12.494341970954508,0.7143682533213713
2.0,8,7,L,1588.8291143878705,11.806023980591496,12.52031780949396,0.7142938289024645
2.0,8,8,L,1588.408204999677,11.839224829754011,12.553430314717087,0.7142054849630757
2.0,8,9,L,1587.9875185653427,11.877515072928865,12.591621818879798,0.7141067459509323
2.0,8,10,L,1587.5670549077681,11.919478472849402,12.633478489065045,0.7140000162156426
2.0,8,11,L,1587.146813850041,11.96410375929207,12.677990770173118,0.7138870108810469
2.0,8,12,L,1586.7267952154368,12.010646606324629,12.724415605262307,0.7137689989376774
2.0,8,13,L,1586.3069988274174,12.05854571923667,12.772192667659843,0.7136469484231718
2.0,8,14,L,1585.8874245096317,12.107369455377361,12.820891072611623,0.713521617234262
2.0,8,15,L,1585.4680720859158,12.15678056471878,12.870174176873103,0.7133936121543236
2.0,8,16,L,1585.0489413802907,12.206512145003876,12.919775573487955,0.7132634284840798
2.0,8,17,L,1584.6300322169648,12.256350789955107,12.969482267351642,0.7131314773965354
2.0,8,18,L,1584.211344420331,12.306124494916268,13.019122600192999,0.7129981052767302
2.0,8,19,L,1583.7928778149692,12.355693794134286,13.068557401818605,0.7128636076843193
2.0,8,20,L,1583.3746322256436,12.404945145290746,13.117673384913314,0.7127282396225674
2.0,8,21,L,1582.9566074773036,12.45378590952097,13.166378132737496,0.7125922232165252
2.0,8,22,L,1582.5388033950837,12.502140485357025,13.21459623889706,0.712455753540036
2.0,8,23,L,1582.1212198043024,12.549947291233961,13.262266294331983,0.7123190030980222
2.0,8,24,L,1581.7038565304633,12.597156381454761,13.309338506772093,0.7121821253173319
2.0,8,25,L,1581.2867133992536,12.643727541538306,13.355772798835169,0.7120452572968627
2.0,8,26,L,1580.8697902365443,12.689628750902616,13.401537272900155,0.7119085219975396
2.0,8,27,L,1580.45308686839,12.734834930263418,13.446606960267427,0.7117720300040098
2.0,8,28,L,1580.0366031210292,12.779326912048848,13.490962793004478,0.7116358809556296
2.0,8,29,L,1579.6203388208826,12.823090587213354,13.534590751933065,0.7115001647197108
2.0,8,30,L,1579.2042937945544,12.866116192846977,13.577481155209147,0.7113649623621701
2.0,8,31,L,1578.7884678688315,12.908397713114505,13.619628060072227,0.7112303469577217
2.0,8,32,L,1578.3728608706829,12.94993237213914,13.661028756411092,0.7110963842719524
2.0,8,33,L,1577.9574726272597,12.990720202034876,13.701683335375368,0.710963133340492
2.0,8,34,L,1577.5423029658953,13.030763672789005,13.741594319753897,0.710830646964892
2.0,8,35,L,1577.127351714104,13.070067373385402,13.78076634552611,0.7106989721407082
2.0,8,36,L,1576.7126186995822,13.108637735644455,13.819205886074425,0.7105681504299692
2.0,8,37,L,1576.2981037502077,13.146482793884747,13.856921012172645,0.7104382182878979
2.0,8,38,L,1575.8838066940384,13.183611974795209,13.893921182146798,0.7103092073515889
2.0,8,39,L,1575.469727359314,13.220035912923723,13.93021705762072,0.7101811446969961
2.0,8,40,L,1575.055865574453,13.255766288000885,13.96582034107017,0.7100540530692854
2.0,8,41,L,1574.6422211680565,13.290815680970834,14.000743632061587,0.7099279510907532
2.0,8,42,L,1574.2287939689036,13.325197446129229,14.035000299578858,0.709802853449629
2.0,8,43,L,1573.8155838059542,13.358925597199576,14.068604368272142,0.709678771072566
2.0,8,44,L,1573.4025905083472,13.392014705531388,14.101570416814537,0.7095557112831496
2.0,8,45,L,1572.9898139054012,13.42447980889661,14.133913486844868,0.7094336779482582
2.0,8,46,L,1572.5772538266135,13.456336329603818,14.165649001217721,0.7093126716139029
2.0,8,47,L,1572.1649101016603,13.487600000856585,14.196792690488351,0.7091926896317666
2.0,8,48,L,1571.7527825603972,13.51828680045967,14.227360526737193,0.7090737262775235
2.0,8,49,L,1571.340871032857,13.54841289113397,14.25736866399573,0.7089557728617617
2.0,8,50,L,1570.9291753492512,13.57799456684658,14.286833384680556,0.7088388178339748
2.0,8,51,L,1570.5176953399687,13.607048204703903,14.315771051583948,0.708722846880045
2.0,8,52,L,1570.1064308355772,13.635590222108089,14.34419806512114,0.7086078430130502
2.0,8,53,L,1569.6953816668206,13.663637039056688,14.372130825713622,0.7084937866569341
2.0,8,54,L,1569.2845476646205,13.691205045705608,14.399585701427412,0.708380655721804
2.0,8,55,L,1568.8739286600755,13.718310575670971,14.42657900133935,0.7082684256683791
2.0,8,56,L,1568.4635244844612,13.744969886129025,14.453126955686324,0.7081570695572985
2.0,8,57,L,1568.0533349692294,13.77119914681461,14.479245704889792,0.708046558075182
2.0,8,58,L,1567.6433599460074,13.797014442038982,14.504951301561267,0.7079368595222846
2.0,8,59,L,1567.2335992465999,13.82243179412768,14.530259733859019,0.7078279397313381
2.0,8,60,L,1566.8240527029868,13.847467226743674,14.5551869885951,0.7077197618514255
2.0,8,61,L,1566.4147201473234,13.872136913648836,14.57974919948343,0.7076122858345943
2.0,8,62,L,1566.0056014119407,13.896457546602594,14.603963013753551,0.7075054671509573
2.0,8,63,L,1565.5966963293447,13.920447443751101,14.627846696640024,0.7073992528889228
2.0,8,64,L,1565.1880047322159,13.94413207430257,14.651425636594155,0.7072935622915857
2.0,8,65,C,1564.77952645341,13.971755214678572,14.679503783496113,0.7077485688175411
2.0,8,66,C,1564.3712613259574,13.996764061004006,14.704395502238736,0.7076314412347298
2.0,8,67,C,1563.9632091830617,14.021492717632,14.72900719860007,0.7075144809680705
2.0,8,68,C,1563.5553698581014,14.045942453863917,14.753340139376716,0.7073976855127988
2.0,8,69,C,1563.147743184628,14.070121482144003,14.777402509169494,0.7072810270254912
2.0,8,70,C,1562.7403289963675,14.094039671107117,14.801204141107,0.7071644699998831
2.0,8,71,C,1562.3331271272182,14.117707395091546,14.8247553702239,0.7070479751323528
2.0,8,72,C,1561.9261374112523,14.1411351157886,14.848066616549021,0.7069315007604207
2.0,8,73,C,1561.5193596827141,14.164333189188898,14.871148192749345,0.7068150035604468
2.0,8,74,C,1561.1127937760211,14.1873117627871,14.894010201738713,0.7066984389516122
2.0,8,75,C,1560.7064395257632,14.210080715434689,14.916662476797423,0.7065817613627345
2.0,8,76,C,1560.3002967667016,14.232649619857805,14.939114544285065,0.7064649244272605
2.0,8,77,C,1559.894365333771,14.255027718369544,14.961375599506388,0.7063478811368444
2.0,8,78,C,1559.4886450620768,14.277223906862105,14.983454490831217,0.7062305839691128
2.0,8,79,C,1559.0831357868954,14.29924672434385,15.005359709341867,0.7061129849980166
2.0,8,80,C,1558.677837343676,14.321104346412065,15.027099382403437,0.7059950359913714
2.0,8,81,C,1558.2727495680374,14.342804581672189,15.048681270170562,0.7058766884983729
2.0,8,82,C,1557.8678722957702,14.364354870477227,15.070112764405703,0.7057578939284763
2.0,8,83,C,1557.4632053628354,14.385762285583832,15.091400889206243,0.7056386036224112
2.0,8,84,C,1557.058748605364,14.40703353446924,15.112552303384852,0.7055187689156117
2.0,8,85,C,1556.6545018596576,14.428174963159066,15.13357330435299,0.7053983411939235
2.0,8,86,C,1556.2504649621876,14.4491925615017,15.154469833442901,0.7052772719412008
2.0,8,87,C,1555.846637749595,14.470091969907276,15.175247482685352,0.7051555127780755
2.0,8,88,C,1555.4430200586908,14.490878487661877,15.195911503152693,0.705033015490816
2.0,8,89,C,1555.0396117264547,14.511557083049949,15.216466815098578,0.7049097320486286
2.0,8,90,C,1554.636412590036,14.532132405697782,15.236918020304888,0.7047856146071059
2.0,8,91,C,1554.233422486752,14.552608801836822,15.257269417330903,0.7046606154940811
2.0,8,92,C,1553.8306412540899,14.572990333666944,15.277525020839098,0.7045346871721545
2.0,8,93,C,1553.4280687297044,14.593280804857082,15.29768858702532,0.7044077821682375
2.0,8,94,C,1553.0257047514185,14.613483795830922,15.31776364878416,0.7042798529532384
2.0,8,95,C,1552.6235491572234,14.63360271571132,15.337753567451873,0.7041508517405539
2.0,8,96,C,1552.2216017852782,14.653640884775871,15.357661614916571,0.7040207301406998
2.0,8,97,C,1551.819862473909,14.67360167792576,15.377491116460664,0.7038894385349046
2.0,8,98,C,1551.41833106161,14.693488804943001,15.397245729771045,0.7037569248280438
2.0,8,99,C,1551.0170073870415,14.713306951635293,15.416930083215206,0.7036231315799135
2.0,8,100,C,1550.6158912890319,14.73306366009415,15.43655164769805,0.7034879876039
2.0,8,101,C,1550.2149826065752,14.75277863202157,15.456129998611976,0.7033513665904056
2.0,8,102,C,1549.8142811788327,14.77753865473719,15.480698158888933,0.703159504151742
2.0,8,103,C,1549.4137868451314,14.808066139518383,15.510968204134501,0.7029020646161186
2.0,8,104,C,1549.0134994449645,14.838441044345103,15.541081510734696,0.7026404663895924
2.0,8,105,C,1548.6134188179913,14.868637209015766,15.571011920080531,0.7023747110647651
2.0,8,106,C,1548.213544804036,14.8986452382928,15.600749961942205,0.7021047236494038
2.0,8,107,C,1547.8138772430889,14.928460354780862,15.630290759716862,0.7018304049360005
2.0,8,108,C,1547.4144159753055,14.958079769408279,15.65963141193891,0.7015516425306316
2.0,8,109,C,1547.0151608410054,14.987501730449779,15.688770045095575,0.7012683146457963
2.0,8,110,C,1546.6161116806743,15.016725089871269,15.717705381538815,0.7009802916675465
2.0,8,111,C,1546.2172683349609,15.045749077162169,15.746436513984765,0.7006874368225962
2.0,8,112,C,1545.8186306446798,15.074573170893258,15.774962777303765,0.7003896064105071
2.0,8,113,C,1545.4201984508086,15.103197021625219,15.803283671420248,0.7000866497950291
2.0,8,114,C,1545.0219715944893,15.131620404017683,15.831398813263057,0.6997784092453738
2.0,8,115,C,1544.623949917027,15.159843186547612,15.859307906221309,0.6994647196736974
2.0,8,116,C,1544.2261332598914,15.18786531232335,15.887010720616747,0.699145408293397
2.0,8,117,C,1543.8285214647144,15.21568678711769,15.91450708132964,0.6988202942119504
2.0,8,118,C,1543.4311143732916,15.243307672200068,15.94179686016558,0.698489187965512
2.0,8,119,C,1543.0339118275813,15.270728080395106,15.968879971394356,0.6981518909992506
2.0,8,120,C,1542.636913669704,15.297948174308704,15.995756369403518,0.6978081950948134
2.0,8,121,C,1542.2401197419435,15.32496816598702,16.022426047732147,0.6974578817451267
2.0,8,122,C,1541.843529886745,15.35178831748394,16.048889038959494,0.6971007214755538
2.0,8,123,C,1541.4471439467163,15.37840894195381,16.07514541506365,0.6967364731098389
2.0,8,124,C,1541.050961764627,15.40483040498261,16.10119528796132,0.6963648829787115
2.0,8,125,C,1540.6549831834075,15.431053125938835,16.12703881000734,0.6959856840685035
2.0,8,126,C,1540.2592080461504,15.457077579173934,16.152676174280902,0.6955985951069685
2.0,8,127,C,1539.8636361961098,15.48290429493825,16.178107614521174,0.6952033195829248
2.0,8,128,C,1539.4682674766998,15.508533859905162,16.20333340460147,0.6947995446963073
2.0,8,129,C,1539.0731017314956,15.53396691721758,16.22835385745232,0.6943869402347396
2.0,8,130,C,1538.6781388042334,15.559204165987728,16.25316932336027,0.6939651573725438
2.0,8,131,C,1538.2833785388095,15.584246360196136,16.277780187583936,0.6935338273877996
2.0,8,132,C,1537.8888207792802,15.609094306949341,16.302186867242064,0.6930925602927225
2.0,8,133,C,1537.494465369862,15.633748864069716,16.32638980744207,0.6926409433723535
2.0,8,134,C,1537.1003121549306,15.658210937006311,16.350389476632298,0.6921785396259867
2.0,8,135,C,1536.7063609790223,15.682481475074399,16.37418636118001,0.6917048861056099
2.0,8,136,C,1536.3126116868318,15.706561467055947,16.39778095920067,0.6912194921447234
2.0,8,137,C,1535.919064123213,15.730451936227025,16.421173773697525,0.6907218374705
2.0,8,138,C,1535.5257181331795,15.754153934926647,16.44436530511798,0.6902113701913333
2.0,8,139,C,1535.1325735619027,15.777668538853353,16.467356043503937,0.6896875046505837
2.0,8,140,C,1534.7396302547133,15.800996841386294,16.490146460522187,0.6891496191358932
2.0,8,141,C,1534.3468880570995,15.824139948401024,16.51273700183221,0.6885970534311863
2.0,8,142,C,1533.9543468147083,15.84709897433406,16.535128080529017,0.688029106194957
2.0,8,143,C,1533.5620063733443,15.869875040730088,16.557320072873203,0.6874450321431151
2.0,8,144,C,1533.1698665789697,15.892469279354946,16.579313318360278,0.6868440390053312
2.0,8,145,C,1532.777927277705,15.914882843539633,16.601108127746805,0.6862252842071719
2.0,8,146,C,1532.386188315827,15.937116934563338,16.62270480576123,0.6855878711978924
2.0,8,147,C,1531.99464953977,15.959172856642478,16.64410370191772,0.6849308452752432
2.0,8,148,C,1531.6033107961255,15.981052130195614,16.665305318792992,0.6842531885973777
2.0,8,149,C,1531.2121719316413,16.002756737059716,16.68631055069557,0.6835538136358537
2.0,8,150,C,1530.8212327932215,16.024289717592197,16.707121270479064,0.6828315528868671
2.0,8,151,C,1530.4304932279274,16.045657003087573,16.72774213928061,0.682085136193038
2.0,8,152,C,1530.0399530829757,16.066877028418087,16.748190120736993,0.6813130923189057
2.0,8,153,S,1529.6496122057392,16.0269725490459,16.69782376164381,0.6708512125979098
2.0,8,154,S,1529.2594704437463,16.042960869055513,16.71283341686109,0.6698725478055785
2.0,8,155,S,1528.8695276446808,16.058776862416337,16.727635945561094,0.6688590831447563
2.0,8,156,S,1528.4797836563826,16.074409198868572,16.742218248561908,0.6678090496933358
2.0,8,157,S,1528.0902383268458,16.089849868854248,16.756570393795087,0.666720524940839
2.0,8,158,S,1527.7008915042197,16.105091523121132,16.770682979215945,0.6655914560948126
2.0,8,159,S,1527.3117430368086,16.120126713226558,16.784546374703005,0.6644196614764475
2.0,8,160,S,1526.922792773071,16.134947552784446,16.798150379652512,0.6632028268680656
2.0,8,161,S,1526.5340405616198,16.149545518842217,16.811484018816188,0.6619384999739708
2.0,8,162,S,1526.1454862512223,16.163911309318028,16.824535393252695,0.6606240839346675
2.0,8,163,S,1525.7571296907993,16.178034724748073,16.837291554997734,0.6592568302496602
2.0,8,164,S,1525.3689707294252,16.19190456037418,16.849738391643317,0.6578338312691372
2.0,8,165,S,1524.9810092163293,16.205508501679024,16.861860514020005,0.6563520123409816
2.0,8,166,S,1524.5932450008922,16.218833019633497,16.873641143303214,0.6548081236697172
2.0,8,167,S,1524.2056779326492,16.23186326345618,16.88506199539005,0.6531987319338697
2.0,8,168,S,1523.818307861288,16.24458294948685,16.89610316119357,0.6515202117067176
2.0,8,169,S,1523.4311346366494,16.256974245221215,16.906742981950767,0.6497687367295519
2.0,8,170,S,1523.044158108726,16.269017647815716,16.916957918909507,0.6479402710937912
2.0,8,171,S,1522.6573781276634,16.280691856535874,16.92672241693443,0.6460305603985574
2.0,8,172,S,1522.2707945437596,16.29197363873249,16.936008761695035,0.6440351229625456
2.0,8,173,S,1521.8844072074637,16.302837689013383,16.944786930197278,0.6419492411838945
2.0,8,174,S,1521.4982159693777,16.31325648134735,16.953024434505927,0.6397679531585787
2.0,8,175,S,1521.1122206802543,16.323200113901102,16.960686158588313,0.6374860446872113
2.0,8,176,S,1520.726421190998,16.332636146475732,16.967734188297797,0.6350980418220651
2.0,8,177,S,1520.3408173526648,16.341529430479675,16.974127634610078,0.632598204130403
2.0,8,178,S,1519.9554090164613,16.349841931455636,16.979822450332975,0.6299805188773391
2.0,8,179,S,1519.5701960337447,16.357532544270693,16.98477124063183,0.627238696361136
2.0,8,180,S,1519.1851782560236,16.36455690118566,16.988923067852312,0.6243661666666505
2.0,8,181,S,1518.8003555349567,16.370867173144134,16.992223251281448,0.621356078137314
2.0,8,182,S,1518.4157277223526,16.376411864765863,16.994613162669932,0.6182012979040685
2.0,8,183,S,1518.0312946701704,16.381135603696194,16.9960300185453,0.6148944148491076
2.0,8,184,S,1517.6470562305192,16.384978925155067,16.996406670578814,0.6114277454237467
2.0,8,185,S,1517.2630122556577,16.38787805274919,16.99567139553123,0.6077933427820383
2.0,8,186,S,1516.8791625979936,16.389764676860306,16.99374768659437,0.6039830097340655
2.0,8,187,S,1516.4955071100846,16.390565732204607,16.99055404826861,0.5999883160640032
2.0,8,188,S,1516.1120456446372,16.39020317647343,16.98600379727001,0.5958006207965774
2.0,8,189,S,1515.7287780545066,16.388593772316298,16.980004872345432,0.5914111000291342
2.0,8,190,S,1515.3457041926977,16.38564887531297,16.972459656286546,0.5868107809735754
2.0,8,191,S,1514.9628239123624,16.381274231001917,16.963264813871245,0.5819905828693273
2.0,8,192,S,1514.5801370668028,16.37536978448678,16.952311149919343,0.5769413654325639
2.0,8,193,S,1514.1976435094678,16.367829506625164,16.939483492119578,0.5716539854944145
2.0,8,194,S,1513.8153430939549,16.358541241312786,16.924660603759804,0.5661193624470187
2.0,8,195,S,1513.433235674009,16.347386578899872,16.90771513195751,0.5603285530576372
2.0,8,196,S,1513.0513211035234,16.334240761308333,16.8885135974299,0.5542728361215659
2.0,8,197,S,1512.6695992365378,16.31897262494234,16.86691643224248,0.5479438073001397
2.0,8,198,S,1512.2880699272403,16.30144458798606,16.842778072312015,0.5413334843259534
2.0,8,199,S,1511.9067330299654,16.281512689139596,16.81594711168772,0.5344344225481237
2.0,8,200,S,1511.525588399194,16.25902668523383,16.78626652576799,0.5272398405341576
2.0,8,201,S,1511.144635889555,16.233830215459996,16.75357397059727,0.5197437551372737
2.0,8,202,S,1510.7638753558228,16.20576104011772,16.717702165198432,0.5119411250807104
2.0,8,203,S,1510.3833066529185,16.174651361795128,16.678479363498237,0.5038280017031092
2.0,8,204,S,1510.002929635909,16.14032823670795,16.635729921766643,0.49540168505869175
2.0,8,205,S,1509.6227441600076,16.102614083508474,16.589274966587446,0.48666088307897226
2.0,8,206,S,1509.2427500805736,16.06132729619375,16.538933167187327,0.4776058709935782
2.0,8,207,S,1508.862947253111,16.016282966767214,16.484521614459076,0.4682386476918623
2.0,8,208,S,1508.48333553327,15.967293722014917,16.4258568072218,0.4585630852068814
2.0,8,209,S,1508.1039147768456,15.914170677135823,16.362755744179836,0.4485850670440126
2.0,8,210,S,1507.7246848397783,15.856724507016171,16.29503711770375,0.43831261068757854
2.0,8,211,S,1507.345645578153,15.794766633682887,16.22252260301459,0.42775596933170235
2.0,8,212,S,1506.966796848199,15.728110525953245,16.14503823368125,0.41692770772800714
2.0,8,213,S,1506.5881385062917,15.656573104588734,16.062415851641536,0.40584274705280166
2.0,8,214,S,1506.2096704089483,15.579976243461989,15.974494617357191,0.3945183738952025
2.0,8,215,S,1505.8313924128324,15.49814835449536,15.88112256336645,0.3829742088710901
2.0,8,216,S,1505.4533043747508,15.410926041601149,15.782158172582243,0.37123213098109353
2.0,8,217,S,1505.0754061516532,15.318155806770923,15.677471961412333,0.35931615464141053
2.0,8,218,S,1504.6976976006342,15.219695790092349,15.56694804738447,0.34725225729212106
2.0,8,219,S,1504.3201785789313,15.115417525153248,15.450485681726338,0.3350681565730902
2.0,8,220,S,1503.942848943925,15.005207692445559,15.328000729611599,0.3227930371660399
2.0,8,221,S,1503.565708553139,14.888969856555427,15.199427084970216,0.31045722841478884
2.0,8,222,S,1503.1887572642402,14.766626178877097,15.064718013466136,0.2980918345890391
2.0,8,223,S,1502.8119949350378,14.638119107420861,14.923847427349486,0.2857283199286247
2.0,8,224,S,1502.4354214234836,14.503413060708247,14.776811110788795,0.27339805008054796
2.0,8,225,S,1502.0590365876717,14.362496146555571,14.623627936313921,0.26113178975835005
2.0,8,226,S,1501.682840285839,14.215381993522222,14.464341146205193,0.2489591526829713
2.0,8,227,S,1501.3068323763632,14.062111831469238,14.299019824349655,0.23690799288041653
2.0,8,228,S,1500.9310127177646,13.902757053856389,14.127760767870107,0.22500371401371844
2.0,8,229,S,1500.5553811687053,13.737422658666826,13.950691110100792,0.2132684514339651
2.0,8,230,S,1500.1799375879884,13.566252259050076,13.767972300691616,0.2017200416415399
2.0,8,231,S,1499.8046818345586,13.389435910975358,13.579806528918022,0.19037061794266386
2.0,8,232,S,1499.429613767501,13.207223123785583,13.386447642306582,0.1792245185209982
2.0,8,233,S,1499.0547332460424,13.019945838359451,13.1882207021391,0.16827486377964895
2.0,8,234,S,1498.6800401295502,12.828061868520983,12.985559251627809,0.1574973831068256
2.0,8,235,S,1498.3055342775322,12.632244365822292,12.779082389117828,0.14683802329553686
2.0,8,236,S,1497.9312155496366,12.433588880052849,12.569773493856964,0.13618461380411517
2.0,8,237,S,1497.557083805652,12.234182446950939,12.359471780003677,0.12528933305273782
2.0,8,238,S,1497.1831389055067,12.039178485895889,12.152664525801082,0.11348603990519379
2.0,8,239,S,1496.8093807092691,11.870523875152337,11.968336402630042,0.0978125274777053
2.0,10,0,L,1591.7817377291462,11.473030425186765,12.26366544482617,0.7906350196394047
2.0,10,1,L,1591.3592626893449,10.978769733570159,11.770379515780771,0.7916097822106121
2.0,10,2,L,1590.9370118483712,10.815162449946214,11.607051976640504,0.7918895266942894
2.0,10,3,L,1590.5149850278065,10.746640243882437,11.538627243825575,0.7919869999431377
2.0,10,4,L,1590.0931820494206,10.722155201434145,11.514158315804032,0.7920031143698871
2.0,10,5,L,1589.6716027351729,10.722440035917149,11.514414038101497,0.7919740021843484
2.0,10,6,L,1589.2502469072106,10.738206207619571,11.530122657844814,0.7919164502252425
2.0,10,7,L,1588.8291143878705,10.764288251564798,11.55612779335753,0.7918395417927329
2.0,10,8,L,1588.408204999677,10.79752918120992,11.589277899926104,0.7917487187161836
2.0,10,9,L,1587.9875185653427,10.835865640414521,11.627513130891511,0.7916474904769899
2.0,10,10,L,1587.5670549077681,10.87787991709128,11.66941816849771,0.7915382514064309
2.0,10,11,L,1587.146813850041,10.922559690591417,11.713982400351874,0.7914227097604574
2.0,10,12,L,1586.7267952154368,10.969159859518836,11.760461989291537,0.791302129772701
2.0,10,13,L,1586.3069988274174,11.017118539367365,11.80829601556637,0.7911774761990049
2.0,10,14,L,1585.8874245096317,11.066003627472208,11.857053132194153,0.7910495047219452
2.0,10,15,L,1585.4680720859158,11.115477507224165,11.906396327931068,0.7909188207069029
2.0,10,16,L,1585.0489413802907,11.165272978795503,11.956058897441121,0.7907859186456179
2.0,10,17,L,1584.6300322169648,11.215176390477383,12.005827599855653,0.7906512093782698
2.0,10,18,L,1584.211344420331,11.265015532382453,12.055530571718702,0.790515039336249
2.0,10,19,L,1583.7928778149692,11.314650765097037,12.105028469529293,0.790377704432256
2.0,10,20,L,1583.3746322256436,11.363968397857347,12.154207858131167,0.7902394602738205
2.0,10,21,L,1582.9566074773036,11.412875663808919,12.202976193606972,0.7901005297980532
2.0,10,22,L,1582.5388033950837,11.461296850330402,12.251257959394428,0.7899611090640253
2.0,10,23,L,1582.1212198043024,11.509170278749368,12.298991650456168,0.7898213717068003
2.0,10,24,L,1581.7038565304633,11.556445918127885,12.34612739053272,0.7896814724048351
2.0,10,25,L,1581.2867133992536,11.603083478887866,12.392625028498138,0.7895415496102718
2.0,10,26,L,1580.8697902365443,11.649050874117135,12.438452601838996,0.7894017277218612
2.0,10,27,L,1580.45308686839,11.694322965854989,12.48358508468668,0.789262118831692
2.0,10,28,L,1580.0366031210292,11.738880534597907,12.528003358740873,0.7891228241429662
2.0,10,29,L,1579.6203388208826,11.782709425363505,12.571693360494754,0.7889839351312489
2.0,10,30,L,1579.2042937945544,11.825799834674836,12.614645369179065,0.7888455345042296
2.0,10,31,L,1578.7884678688315,11.868145710973586,12.65685340797543,0.7887076970018434
2.0,10,32,L,1578.3728608706829,11.909744247056778,12.698314737125731,0.7885704900689525
2.0,10,33,L,1577.9574726272597,11.950595447725687,12.739029422151319,0.7884339744256312
2.0,10,34,L,1577.5423029658953,11.990701759336154,12.778999963890833,0.7882982045546783
2.0,10,35,L,1577.127351714104,12.030067750631549,12.818230979753157,0.7881632291216079
2.0,10,36,L,1576.7126186995822,12.068699836326498,12.85672892766592,0.7880290913394212
2.0,10,37,L,1576.2981037502077,12.106606036540644,12.894501865828452,0.7878958292878089
2.0,10,38,L,1575.8838066940384,12.14379576646619,12.931559242660768,0.7877634761945771
2.0,10,39,L,1575.469727359314,12.180279651671464,12.96791171235702,0.7876320606855565
2.0,10,40,L,1575.055865574453,12.21606936525599,13.00357097226403,0.7875016070080392
2.0,10,41,L,1574.6422211680565,12.25117748372657,13.038549618958506,0.7873721352319354
2.0,10,42,L,1574.2287939689036,12.28561735899229,13.072861020424265,0.7872436614319742
2.0,10,43,L,1573.8155838059542,12.319403004308118,13.106519202161824,0.787116197853706
2.0,10,44,L,1573.4025905083472,12.352548992349126,13.139538745414832,0.786989753065706
2.0,10,45,L,1572.9898139054012,12.385070363890785,13.171934695990533,0.7868643320997482
2.0,10,46,L,1572.5772538266135,12.416982545813873,13.2037224823945,0.7867399365806271
2.0,10,47,L,1572.1649101016603,12.44830127735979,13.23491784220665,0.7866165648468613
2.0,10,48,L,1571.7527825603972,12.479042543739322,13.265536755802689,0.7864942120633671
2.0,10,49,L,1571.340871032857,12.509222516355496,13.29559538668239,0.7863728703268933
2.0,10,50,L,1570.9291753492512,12.53885749904655,13.32511002781138,0.7862525287648303
2.0,10,51,L,1570.5176953399687,12.567963879896958,13.354097053524626,0.7861331736276682
2.0,10,52,L,1570.1064308355772,12.596558088316876,13.382572876691963,0.7860147883750876
2.0,10,53,L,1569.6953816668206,12.62465655727028,13.410553911025415,0.7858973537551357
2.0,10,54,L,1569.2845476646205,12.652275690772651,13.438056538647999,0.7857808478753476
2.0,10,55,L,1568.8739286600755,12.679431837135244,13.46509708339844,0.7856652462631963
2.0,10,56,L,1568.4635244844612,12.706141269017493,13.491691790929206,0.7855505219117127
2.0,10,57,L,1568.0533349692294,12.732420172392517,13.517856817694408,0.7854366453018908
2.0,10,58,L,1567.6433599460074,12.758284648554852,13.543608232941526,0.7853235843866742
2.0,10,59,L,1567.2335992465999,12.783750737587393,13.568962042093101,0.7852113045057081
2.0,10,60,L,1566.8240527029868,12.808834481788665,13.59393424995246,0.7850997681637946
2.0,10,61,L,1566.4147201473234,12.833552074700844,13.618541009209581,0.7849889345087373
2.0,10,62,L,1566.0056014119407,12.857920229693242,13.642798987721394,0.7848787580281513
2.0,10,63,L,1565.5966963293447,12.881957290448812,13.666726475047128,0.784769184598316
2.0,10,64,L,1565.1880047322159,12.905688766138939,13.690348897909917,0.7846601317709787
2.0,10,65,C,1564.77952645341,12.933309961804904,13.71847913436223,0.7851691725573264
2.0,10,66,C,1564.3712613259574,12.958369278744152,13.743417314292884,0.7850480355487317
2.0,10,67,C,1563.9632091830617,12.983148175169008,13.7680752122275,0.7849270370584911
2.0,10,68,C,1563.5553698581014,13.007647916380572,13.792454089899593,0.784806173519021
2.0,10,69,C,1563.147743184628,13.03187672439826,13.81656214007915,0.7846854156808902
2.0,10,70,C,1562.7403289963675,13.055844481129242,13.840409207573465,0.7845647264442235
2.0,10,71,C,1562.3331271272182,13.079561575723098,13.864005640481615,0.7844440647585174
2.0,10,72,C,1561.9261374112523,13.103038485423204,13.887361872498085,0.7843233870748811
2.0,10,73,C,1561.5193596827141,13.126285582131537,13.910488230183049,0.7842026480515116
2.0,10,74,C,1561.1127937760211,13.149313029398257,13.93339483036158,0.7840818009633228
2.0,10,75,C,1560.7064395257632,13.172130722137696,13.95609152011129,0.7839607979735934
2.0,10,76,C,1560.3002967667016,13.194748249051083,13.978587839384497,0.7838395903334145
2.0,10,77,C,1559.894365333771,13.217174868268028,14.000892996807696,0.7837181285396682
2.0,10,78,C,1559.4886450620768,13.239419491283254,14.02301585375038,0.7835963624671258
2.0,10,79,C,1559.0831357868954,13.261490672448744,14.044964913931876,0.7834742414831322
2.0,10,80,C,1558.677837343676,13.28339660240918,14.06674831695869,0.7833517145495108
2.0,10,81,C,1558.2727495680374,13.305145104489808,14.088373834804162,0.7832287303143541
2.0,10,82,C,1557.8678722957702,13.326743633409297,14.109848870604472,0.7831052371951746
2.0,10,83,C,1557.4632053628354,13.348199275913476,14.131180459367531,0.782981183454055
2.0,10,84,C,1557.058748605364,13.369518753073809,14.152375270338876,0.782856517265067
2.0,10,85,C,1556.6545018596576,13.39070842410031,14.173439610874096,0.7827311867737858
2.0,10,86,C,1556.2504649621876,13.411774291604805,14.194379431753262,0.7826051401484566
2.0,10,87,C,1555.846637749595,13.432722008332538,14.215200333954519,0.7824783256219803
2.0,10,88,C,1555.4430200586908,13.453556885473205,14.235907576996924,0.7823506915237193
2.0,10,89,C,1555.0396117264547,13.47428390278507,14.256506089084308,0.7822221862992382
2.0,10,90,C,1554.636412590036,13.494907720946017,14.277000479461739,0.7820927585157218
2.0,10,91,C,1554.233422486752,13.515432696832,14.29739505368121,0.7819623568492098
2.0,10,92,C,1553.8306412540899,13.535862902905977,14.317693832953683,0.7818309300477058
2.0,10,93,C,1553.4280687297044,13.55620215275938,14.337900579619784,0.7816984268604052
2.0,10,94,C,1553.0257047514185,13.57645403646254,14.358018832378281,0.7815647959157417
2.0,10,95,C,1552.6235491572234,13.59662197261379,14.378051958130143,0.781429985516354
2.0,10,96,C,1552.2216017852782,13.616709290971924,14.398003234259075,0.7812939432871513
2.0,10,97,C,1551.819862473909,13.63671937624529,14.417875991782063,0.7811566155367728
2.0,10,98,C,1551.41833106161,13.65665594898853,14.437673894975273,0.7810179459867435
2.0,10,99,C,1551.0170073870415,13.676523708225979,14.457401581075384,0.7808778728494055
2.0,10,100,C,1550.6158912890319,13.696330216059863,14.477066536334105,0.7807363202742419
2.0,10,101,C,1550.2149826065752,13.716095222495872,14.49668837873241,0.780593156236538
2.0,10,102,C,1549.8142811788327,13.740920316798492,14.521311393629642,0.7803910768311493
2.0,10,103,C,1549.4137868451314,13.771530452455094,14.551649453452026,0.7801190009969314
2.0,10,104,C,1549.0134994449645,13.801988535387405,14.581830895535717,0.7798423601483115
2.0,10,105,C,1548.6134188179913,13.83226835211616,14.611829497370866,0.7795611452547071
2.0,10,106,C,1548.213544804036,13.862360492494844,14.641635761553232,0.7792752690583882
2.0,10,107,C,1547.8138772430889,13.892260175015528,14.671244794311775,0.7789846192962475
2.0,10,108,C,1547.4144159753055,13.921964611383505,14.700653681270836,0.7786890698873314
2.0,10,109,C,1547.0151608410054,13.951472053432266,14.729860538196808,0.7783884847645428
2.0,10,110,C,1546.6161116806743,13.980781358526697,14.758864077970014,0.7780827194433169
2.0,10,111,C,1546.2172683349609,14.009891762920851,14.787663384595175,0.777771621674324
2.0,10,112,C,1545.8186306446798,14.03880275306186,14.81625778471437,0.7774550316525097
2.0,10,113,C,1545.4201984508086,14.067513988361641,14.844646770341015,0.7771327819793736
2.0,10,114,C,1545.0219715944893,14.09602525323705,14.872829950707569,0.776804697470519
2.0,10,115,C,1544.623949917027,14.124336426801815,14.900807021657032,0.7764705948552173
2.0,10,116,C,1544.2261332598914,14.152447463682368,14.928577746075176,0.776130282392808
2.0,10,117,C,1543.8285214647144,14.180358382072647,14.956141941492167,0.7757835594195193
2.0,10,118,C,1543.4311143732916,14.208069256602826,14.983499472435756,0.7754302158329303
2.0,10,119,C,1543.0339118275813,14.235580214446017,15.010650245963799,0.7750700315177816
2.0,10,120,C,1542.636913669704,14.262891433602034,15.03759420931635,0.7747027757143155
2.0,10,121,C,1542.2401197419435,14.29000314262222,15.064331348951288,0.7743282063290682
2.0,10,122,C,1541.843529886745,14.31691562125003,15.090861690436883,0.7739460691868523
2.0,10,123,C,1541.4471439467163,14.343629201593567,15.117185298815595,0.7735560972220288
2.0,10,124,C,1541.050961764627,14.370144269542894,15.14330227914948,0.7731580096065862
2.0,10,125,C,1540.6549831834075,14.396461266213231,15.169212777025262,0.7727515108120304
2.0,10,126,C,1540.2592080461504,14.422580689243734,15.194916978845631,0.7723362896018973
2.0,10,127,C,1539.8636361961098,14.448503093817898,15.220415111768986,0.7719120179510881
2.0,10,128,C,1539.4682674766998,14.474229093298355,15.24570744318651,0.7714783498881541
2.0,10,129,C,1539.0731017314956,14.499759359390346,15.270794279646626,0.7710349202562803
2.0,10,130,C,1538.6781388042334,14.525094621765076,15.295675965153377,0.7705813433883009
2.0,10,131,C,1538.2833785388095,14.5502356670891,15.320352878780028,0.7701172116909287
2.0,10,132,C,1537.8888207792802,14.575183337419599,15.344825431552533,0.7696420941329336
2.0,10,133,C,1537.494465369862,14.5999385279394,15.369094062571033,0.7691555346316328
2.0,10,134,C,1537.1003121549306,14.624502184020988,15.393159234352629,0.7686570503316403
2.0,10,135,C,1536.7063609790223,14.648875297627926,15.41702142739728,0.7681461297693541
2.0,10,136,C,1536.3126116868318,14.673058903086428,15.440681134002425,0.7676222309159968
2.0,10,137,C,1535.919064123213,14.697054072294053,15.464138851385448,0.7670847790913946
2.0,10,138,C,1535.5257181331795,14.72086190948096,15.487395074220602,0.7665331647396432
2.0,10,139,C,1535.1325735619027,14.744483545711454,15.510450286768158,0.7659667410567046
2.0,10,140,C,1534.7396302547133,14.767920133424292,15.533304954882519,0.7653848214582268
2.0,10,141,C,1534.3468880570995,14.791172841484467,15.555959518358005,0.7647866768735376
2.0,10,142,C,1533.9543468147083,14.81424285150399,15.578414384352094,0.7641715328481045
2.0,10,143,C,1533.5620063733443,14.837131356670902,15.600669923101883,0.7635385664309808
2.0,10,144,C,1533.1698665789697,14.859839565178032,15.622726467991967,0.7628869028139356
2.0,10,145,C,1532.777927277705,14.882368711930834,15.644584323602263,0.7622156116714294
2.0,10,146,C,1532.386188315827,14.904720085367753,15.66624378848404,0.7615237031162874
2.0,10,147,C,1531.99464953977,14.926895083009551,15.687705206123256,0.7608101231137052
2.0,10,148,C,1531.6033107961255,14.94889532551403,15.7089690735404,0.76007374802637
2.0,10,149,C,1531.2121719316413,14.970722903173733,15.730036280677703,0.75931337750397
2.0,10,150,C,1530.8212327932215,14.992380975567567,15.750908698985203,0.758527723417636
2.0,10,151,C,1530.4304932279274,15.013875610898141,15.771590996633282,0.7577153857351409
2.0,10,152,C,1530.0399530829757,15.035225432802077,15.79210018147027,0.7568747486681922
2.0,10,153,S,1529.6496122057392,14.996258205282897,15.74158358873757,0.7453253834546718
2.0,10,154,S,1529.2594704437463,15.012383717928177,15.756637832367542,0.7442541144393644
2.0,10,155,S,1528.8695276446808,15.028340101087503,15.771484485816408,0.7431443847289056
2.0,10,156,S,1528.4797836563826,15.04411617019196,15.786110404841441,0.7419942346494803
2.0,10,157,S,1528.0902383268458,15.059704084955282,15.800505621359545,0.7408015364042626
2.0,10,158,S,1527.7008915042197,15.075096680091546,15.814660698577537,0.7395640184859911
2.0,10,159,S,1527.3117430368086,15.09028670381737,15.828565970638138,0.7382792668207685
2.0,10,160,S,1526.922792773071,15.105266478639477,15.84221119917915,0.7369447205396735
2.0,10,161,S,1526.5340405616198,15.120027702807056,15.855585368538987,0.7355576657319318
2.0,10,162,S,1526.1454862512223,15.134561308059043,15.868676536235252,0.7341152281762096
2.0,10,163,S,1525.7571296907993,15.148857341803092,15.88147170722973,0.7326143654266382
2.0,10,164,S,1525.3689707294252,15.162904859706817,15.893956718130157,0.7310518584233403
2.0,10,165,S,1524.9810092163293,15.17669182178401,15.90611612450311,0.7294243027191012
2.0,10,166,S,1524.5932450008922,15.190204988226322,15.917933087608978,0.7277280993826558
2.0,10,167,S,1524.2056779326492,15.203429812771478,15.929389258399734,0.7259594456282557
2.0,10,168,S,1523.818307861288,15.216350332203273,15.940464657423412,0.724114325220139
2.0,10,169,S,1523.4311346366494,15.228949051024593,15.951137549729804,0.7221884987052114
2.0,10,170,S,1523.044158108726,15.241206820606706,15.961384314142075,0.7201774935353686
2.0,10,171,S,1522.6573781276634,15.253102712282061,15.971179306434315,0.7180765941522544
2.0,10,172,S,1522.2707945437596,15.264613883958098,15.980494716079026,0.7158808321209271
2.0,10,173,S,1521.8844072074637,15.275715439911998,15.98930041632715,0.7135849764151523
2.0,10,174,S,1521.4982159693777,15.28638028349384,15.997563807469854,0.7111835239760147
2.0,10,175,S,1521.1122206802543,15.296578962528562,16.00524965321525,0.7086706906866898
2.0,10,176,S,1520.726421190998,15.30627950727097,16.012319910201676,0.7060404029307055
2.0,10,177,S,1520.3408173526648,15.315447260836772,16.018733550764665,0.7032862899278935
2.0,10,178,S,1519.9554090164613,15.32404470211085,16.02444637918323,0.7004016770723815
2.0,10,179,S,1519.5701960337447,15.332031261223422,16.029410841753513,0.6973795805300913
2.0,10,180,S,1519.1851782560236,15.339363127789161,16.033575831178396,0.6942127033892351
2.0,10,181,S,1518.8003555349567,15.34599305222562,16.03688648592229,0.6908934336966723
2.0,10,182,S,1518.4157277223526,15.351870140608844,16.03928398536344,0.6874138447545963
2.0,10,183,S,1518.0312946701704,15.356939643687657,16.040705341784264,0.6837656980966074
2.0,10,184,S,1517.6470562305192,15.361142740866793,16.041083190474957,0.6799404496081642
2.0,10,185,S,1517.2630122556577,15.364416320185425,16.040345579489568,0.6759292593041426
2.0,10,186,S,1516.8791625979936,15.366692755563761,16.03841576088709,0.6717230053233294
2.0,10,187,S,1516.4955071100846,15.367899682868792,16.03521198561523,0.6673123027464385
2.0,10,188,S,1516.1120456446372,15.367959776662367,16.03064730454966,0.662687527887293
2.0,10,189,S,1515.7287780545066,15.36679052984249,16.02462937858806,0.6578388487455697
2.0,10,190,S,1515.3457041926977,15.364304038772111,16.01706030111233,0.652756262340219
2.0,10,191,S,1514.9628239123624,15.360406796908585,16.00783643657143,0.6474296396628461
2.0,10,192,S,1514.5801370668028,15.354999500400213,15.996848279396811,0.6418487789965983
2.0,10,193,S,1514.1976435094678,15.347976869599933,15.9839803379332,0.6360034683332678
2.0,10,194,S,1513.8153430939549,15.339227490956532,15.969111048542846,0.6298835575863144
2.0,10,195,S,1513.433235674009,15.328633684272008,15.952112725505811,0.6234790412338036
2.0,10,196,S,1513.0513211035234,15.316071400851705,15.932851552780015,0.6167801519283103
2.0,10,197,S,1512.6695992365378,15.30141015860702,15.911187624081979,0.6097774654749593
2.0,10,198,S,1512.2880699272403,15.2845130206844,15.88697503808275,0.6024620173983504
2.0,10,199,S,1511.9067330299654,15.265236624667317,15.860062055756641,0.5948254310893244
2.0,10,200,S,1511.525588399194,15.243431269808166,15.830291327047473,0.5868600572393063
2.0,10,201,S,1511.144635889555,15.218941070065974,15.797500193996438,0.5785591239304644
2.0,10,202,S,1510.7638753558228,15.191604180923086,15.761521077276443,0.569916896353357
2.0,10,203,S,1510.3833066529185,15.16125310799657,15.722181952668874,0.5609288446723042
2.0,10,204,S,1510.002929635909,15.127715105311182,15.679306923368417,0.5515918180572346
2.0,10,205,S,1509.6227441600076,15.09081267072527,15.632716893083742,0.5419042223584718
2.0,10,206,S,1509.2427500805736,15.05036414536367,15.582230343695526,0.5318661983318567
2.0,10,207,S,1508.862947253111,15.006184422981235,15.527664219725226,0.521479796743991
2.0,10,208,S,1508.48333553327,14.958085773933277,15.468834920058278,0.5107491461250007
2.0,10,209,S,1508.1039147768456,14.90587878685008,15.405559395268027,0.4996806084179468
2.0,10,210,S,1507.7246848397783,14.849373429202057,15.337656346533453,0.4882829173313965
2.0,10,211,S,1507.345645578153,14.788380225718296,15.264947519589382,0.47656729387108676
2.0,10,212,S,1506.966796848199,14.722711551125105,15.187259084467602,0.4645475333424969
2.0,10,213,S,1506.5881385062917,14.652183030970843,15.10442308908405,0.45224005811320644
2.0,10,214,S,1506.2096704089483,14.57661504149826,15.01627897212834,0.4396639306300809
2.0,10,215,S,1505.8313924128324,14.495834296752479,14.922675118373279,0.42684082162080017
2.0,10,216,S,1505.4533043747508,14.409675508544176,14.823470437621769,0.41379492907759285
2.0,10,217,S,1505.0754061516532,14.317983102747958,14.718535947259387,0.40055284451142903
2.0,10,218,S,1504.6976976006342,14.220612973975769,14.607756338017682,0.3871433640419131
2.0,10,219,S,1504.3201785789313,14.117434260266158,14.491031503356846,0.3735972430906873
2.0,10,220,S,1503.942848943925,14.008331120501307,14.368278015180751,0.3599468946794442
2.0,10,221,S,1503.565708553139,13.893204500366155,14.239430532831465,0.34622603246531014
2.0,10,222,S,1503.1887572642402,13.771973878571355,14.10444313906579,0.3324692604944346
2.0,10,223,S,1502.8119949350378,13.6445789949023,13.963290606872047,0.3187116119697464
2.0,10,224,S,1502.4354214234836,13.510981577173858,13.815969615936082,0.30498803876222347
2.0,10,225,S,1502.0590365876717,13.371167108214639,13.662499959642481,0.2913328514278426
2.0,10,226,S,1501.682840285839,13.225146711443594,13.502925816755674,0.2777791053120797
2.0,10,227,S,1501.3068323763632,13.072959293111674,13.33731721367072,0.2643579205590463
2.0,10,228,S,1500.9310127177646,12.91467417694795,13.165771886985866,0.25109771003791614
2.0,10,229,S,1500.5553811687053,12.750394633847062,12.988417898534783,0.23802326468772073
2.0,10,230,S,1500.1799375879884,12.580263008247945,12.805417609430926,0.22515460118298058
2.0,10,231,S,1499.8046818345586,12.404468708218488,12.616974100370344,0.21250539215185604
2.0,10,232,S,1499.429613767501,12.22326146332776,12.423342092299478,0.20008062897171897
2.0,10,233,S,1499.0547332460424,12.036974713149938,12.224847512844864,0.18787279969492587
2.0,10,234,S,1498.6800401295502,11.846069794489297,12.021924792556655,0.17585499806735783
2.0,10,235,S,1498.3055342775322,11.651226908787493,11.815194003420611,0.16396709463311865
2.0,10,236,S,1497.9312155496366,11.453555624350173,11.605639743837944,0.15208411948777112
2.0,10,237,S,1497.557083805652,11.25517339087981,11.39510314113787,0.13992975025806054
2.0,10,238,S,1497.1831389055067,11.061314838255086,11.188075743492602,0.12676090523751604
2.0,10,239,S,1496.8093807092691,10.894287740780024,11.003560057828333,0.10927231704830831
